# Blender 4.5.0
# www.blender.org
mtllib PlanetaryGear.mtl
o Cylinder
o XYZ_Function
v 29.499817 0.000000 -3.454939
v 28.820549 0.000000 -2.747632
v 29.049217 0.000000 -3.235363
v 28.476276 0.000000 -4.969165
v 29.451414 0.000000 -5.179476
v 31.112236 0.000000 -0.980172
v 31.322845 0.000000 -1.882949
v 25.975750 0.000000 -7.767632
v 23.932743 0.000000 -9.203556
v 22.199089 0.000000 -10.947803
v 17.283661 0.000000 -12.948208
v 20.674976 0.000000 -12.811044
v 19.176188 0.000000 -11.271560
v 20.969217 0.000000 -11.011771
v 16.300440 0.000000 -11.958870
v 19.003607 0.000000 -10.869755
v 13.316788 0.000000 -9.406677
v 12.686335 0.000000 -9.331992
v 30.991053 0.000000 -2.003138
v 28.310341 0.000000 -8.001078
v 27.756283 0.000000 -5.335927
v 28.229340 0.000000 -6.194942
v 28.844849 0.000000 -5.096139
v 26.712803 0.000000 -9.640658
v 26.292992 0.000000 -8.512757
v 25.388805 0.000000 -9.982049
v 25.903767 0.000000 -10.278314
v 26.223370 0.000000 -10.427943
v 23.936312 0.000000 -11.448554
v 23.259789 0.000000 -12.082339
v 16.234390 0.000000 -11.073264
v 18.486139 0.000000 -10.720093
v 18.074211 0.000000 -11.067203
v 23.733768 0.000000 -9.986696
v 23.915234 0.000000 -11.800817
v 16.455080 0.000000 -12.532495
v 15.003278 0.000000 -11.041261
v 13.362080 0.000000 -10.386291
v 16.171684 0.000000 -10.640485
v 10.847517 0.000000 -8.713360
v 10.457139 0.000000 -9.851783
v 13.278742 0.000000 -10.992858
v 16.575270 0.000000 -12.864289
v 13.972404 0.000000 -12.202961
v 15.821323 0.000000 -10.378801
v 14.460200 0.000000 -11.746052
v 13.279648 0.000000 -11.586961
v 13.309869 0.000000 -11.938558
v 15.388543 0.000000 -10.441505
v 9.122746 0.000000 -8.173265
v 8.476171 0.000000 -6.930248
v 11.117071 0.000000 -8.290752
v 11.111391 0.000000 -7.853488
v 5.544888 0.000000 -1.510445
v 6.657400 0.000000 -5.456676
v 5.647176 0.000000 -2.216418
v 5.981977 0.000000 -2.327950
v 6.559426 0.000000 -2.467640
v 6.348325 0.000000 -1.010639
v 8.151404 0.000000 -2.905550
v 7.880710 0.000000 -2.562104
v 7.704223 0.000000 0.079171
v 5.834269 0.000000 -1.308475
v 8.207788 0.000000 -5.364169
v 6.915294 0.000000 -0.779527
v 7.325409 0.000000 -5.478518
v 7.756515 0.000000 -3.610510
v 6.375880 0.000000 -4.801231
v 7.446447 0.000000 -2.510659
v 7.404726 0.000000 -0.671301
v 7.709903 0.000000 -0.358093
v 7.106814 0.000000 2.234614
v 13.001543 0.000000 11.801156
v 17.678692 0.000000 11.543262
v 20.745092 0.000000 10.640822
v 12.980466 0.000000 11.448892
v 14.347708 0.000000 11.435975
v 16.130270 0.000000 12.476580
v 16.947775 0.000000 12.913670
v 18.207722 0.000000 10.717537
v 16.241802 0.000000 12.811381
v 17.315317 0.000000 12.355435
v 20.616337 0.000000 11.959208
v 20.461699 0.000000 12.532834
v 23.606909 0.000000 11.938895
v 21.318081 0.000000 10.367449
v 25.949921 0.000000 10.626429
v 19.633116 0.000000 12.948546
v 20.341507 0.000000 12.864628
v 23.472622 0.000000 10.120672
v 22.270683 0.000000 11.538877
v 21.789911 0.000000 10.792205
v 25.921144 0.000000 8.478045
v 26.521446 0.000000 10.199556
v 23.421177 0.000000 9.686409
v 23.794487 0.000000 9.298064
v 24.405529 0.000000 9.470325
v 18.938036 0.000000 11.559619
v 19.280195 0.000000 12.380955
v 22.944374 0.000000 12.203299
v 22.680382 0.000000 11.969118
v 23.638035 0.000000 10.993196
v 25.360487 0.000000 10.311341
v 24.653500 0.000000 9.771121
v 26.306747 0.000000 9.278028
v 26.459637 0.000000 9.852121
v 28.099216 0.000000 8.254585
v 28.444931 0.000000 8.325395
v 26.971315 0.000000 7.834774
v 27.529285 0.000000 8.086835
v 27.861092 0.000000 6.257665
v 28.440607 0.000000 6.930585
v 28.736872 0.000000 7.445547
v 30.259377 0.000000 5.457014
v 29.313187 0.000000 5.463568
v 29.894192 0.000000 4.110849
v 30.017838 0.000000 -0.479480
v 31.082506 0.000000 1.308813
v 30.568451 0.000000 1.010976
v 29.809959 0.000000 -2.234274
v 28.708990 0.000000 5.364506
v 29.907114 0.000000 5.478091
v 29.748100 0.000000 2.528670
v 31.269600 0.000000 2.216755
v 30.630009 0.000000 2.410748
v 30.397114 0.000000 -5.148353
v 28.769560 0.000000 -6.901931
v 28.657776 0.000000 -8.062889
v 30.045517 0.000000 -5.178569
v 27.736244 0.000000 -7.848188
v 30.590618 0.000000 -0.695787
v 31.406765 0.000000 -1.174557
v 29.421083 0.000000 -2.207019
v 27.171917 0.000000 -7.610701
v 29.084648 0.000000 -7.491362
v 26.848766 0.000000 -7.392659
v 22.760288 0.000000 -11.638253
v 19.601460 0.000000 -12.355098
v 20.926197 0.000000 -11.898792
v 21.890255 0.000000 -10.422312
v 17.978741 0.000000 -11.559279
v 23.921787 0.000000 -10.854630
v 20.786509 0.000000 -12.476240
v 19.969002 0.000000 -12.913331
v 10.966856 0.000000 -10.626090
v 11.556290 0.000000 -10.311003
v 10.610029 0.000000 -9.277687
v 13.489054 0.000000 -10.017718
v 30.661518 0.000000 -4.485815
v 30.427336 0.000000 -4.221824
v 29.997097 0.000000 -3.812125
v 27.928547 0.000000 -5.946971
v 26.783615 0.000000 -9.986372
v 26.545055 0.000000 -9.070728
v 24.905172 0.000000 -9.606594
v 26.418797 0.000000 -7.312925
v 26.066626 0.000000 -8.195385
v 24.365524 0.000000 -9.140851
v 21.474373 0.000000 -10.287136
v 21.020660 0.000000 -10.577509
v 17.762432 0.000000 -12.132061
v 17.478046 0.000000 -12.653678
v 12.263276 0.000000 -9.770785
v 10.395329 0.000000 -10.199220
v 8.471848 0.000000 -8.325059
v 9.945460 0.000000 -7.834435
v 8.851624 0.000000 -6.446615
v 8.179905 0.000000 -7.445210
v 8.030275 0.000000 -7.764812
v 10.798183 0.000000 -7.548313
v 10.262834 0.000000 -7.608068
v 7.022583 0.000000 -4.110511
v 6.603129 0.000000 -4.531247
v 9.221371 0.000000 -6.108172
v 9.302208 0.000000 -5.575599
v 9.009631 0.000000 -5.250590
v 8.099960 0.000000 -3.339814
v 7.391016 0.000000 0.384347
v 6.898937 0.000000 0.479817
v 5.593928 0.000000 1.883289
v 7.416958 0.000000 3.455280
v 6.519661 0.000000 5.148690
v 9.167039 0.000000 5.667917
v 6.326157 0.000000 0.696126
v 5.804541 0.000000 0.980511
v 6.228268 0.000000 2.093825
v 6.255258 0.000000 4.486155
v 7.832129 0.000000 7.491701
v 8.606435 0.000000 8.001417
v 5.510011 0.000000 1.174896
v 6.489440 0.000000 4.222163
v 6.919680 0.000000 3.812464
v 7.607581 0.000000 2.212476
v 7.867558 0.000000 3.235702
v 8.299545 0.000000 6.669000
v 8.772148 0.000000 4.962959
v 8.687435 0.000000 6.195281
v 7.990005 0.000000 7.176094
v 9.744859 0.000000 7.611041
v 10.623783 0.000000 8.513096
v 10.284956 0.000000 9.335812
v 12.882621 0.000000 9.156348
v 13.183014 0.000000 9.987039
v 13.926972 0.000000 11.855429
v 15.330420 0.000000 10.289684
v 18.635475 0.000000 10.808413
v 12.994989 0.000000 10.854968
v 15.929888 0.000000 11.289881
v 15.990580 0.000000 11.899130
v 15.941013 0.000000 10.680462
v 20.682386 0.000000 11.073603
v 7.186876 0.000000 5.187873
v 8.071928 0.000000 5.096478
v 7.983422 0.000000 2.436027
v 9.180532 0.000000 7.848527
v 8.259001 0.000000 8.063227
v 8.091107 0.000000 2.859861
v 10.133162 0.000000 9.986712
v 12.011604 0.000000 9.606935
v 11.527971 0.000000 9.982388
v 11.013010 0.000000 10.278653
v 10.693407 0.000000 10.428281
v 10.167469 0.000000 7.341487
v 10.604733 0.000000 7.347165
v 10.904227 0.000000 8.097636
v 13.656988 0.000000 12.082675
v 12.267310 0.000000 9.312683
v 13.207629 0.000000 9.448926
v 14.847710 0.000000 10.702044
v 17.840996 0.000000 10.955744
v 23.637129 0.000000 11.587298
v 28.886499 0.000000 7.765150
v 25.759060 0.000000 8.071894
v 25.931639 0.000000 7.670089
v 26.653942 0.000000 7.608406
v 27.582600 0.000000 5.796565
v 27.728535 0.000000 5.384333
v 28.235104 0.000000 5.201147
v 29.036064 0.000000 2.562441
v 29.328312 0.000000 0.545386
v 29.338806 0.000000 -0.262571
v 29.406359 0.000000 3.740869
v 30.313646 0.000000 4.531585
v 30.540894 0.000000 4.801569
v 30.001480 0.000000 0.779865
v 31.371887 0.000000 1.510782
v 29.055954 0.000000 3.570035
v 28.747902 0.000000 3.128136
v 30.417427 0.000000 -2.157781
v 29.166225 0.000000 0.139234
v 28.040321 0.000000 -5.003434
v 17.502487 0.000000 -9.954041
v 30.204609 10.000000 -3.998017
v 28.933353 10.000000 -2.435688
v 29.250423 10.000000 -3.331359
v 27.736244 10.000000 -7.848188
v 28.476276 10.000000 -4.969165
v 27.730057 10.000000 -5.557313
v 30.590618 10.000000 -0.695787
v 31.112236 10.000000 -0.980172
v 31.406765 10.000000 -1.174557
v 31.322845 10.000000 -1.882949
v 29.421083 10.000000 -2.207019
v 28.926771 10.000000 -7.175755
v 27.171917 10.000000 -7.610701
v 29.084648 10.000000 -7.491362
v 26.848766 10.000000 -7.392659
v 25.975750 10.000000 -7.767632
v 19.601460 10.000000 -12.355098
v 19.238085 10.000000 -11.542924
v 22.569069 10.000000 -11.435638
v 20.926197 10.000000 -11.898792
v 21.695759 10.000000 -10.313362
v 17.283661 10.000000 -12.948208
v 18.281301 10.000000 -10.808073
v 17.978741 10.000000 -11.559279
v 22.989805 10.000000 -11.855090
v 20.786509 10.000000 -12.476240
v 20.674976 10.000000 -12.811044
v 20.986889 10.000000 -11.289543
v 19.969002 10.000000 -12.913331
v 20.951750 10.000000 -10.789523
v 16.300440 10.000000 -11.958870
v 19.003607 10.000000 -10.869755
v 15.598698 10.000000 -10.367111
v 10.966856 10.000000 -10.626090
v 11.556290 10.000000 -10.311003
v 10.530169 10.000000 -9.544598
v 13.515279 10.000000 -9.796333
v 13.316788 10.000000 -9.406677
v 30.991053 10.000000 -2.003138
v 30.661518 10.000000 -4.485815
v 28.310341 10.000000 -8.001078
v 27.865234 10.000000 -5.141430
v 28.229340 10.000000 -6.194942
v 28.844849 10.000000 -5.096139
v 27.928547 10.000000 -5.946971
v 28.617229 10.000000 -6.668662
v 26.712803 10.000000 -9.640658
v 26.783615 10.000000 -9.986372
v 26.292992 10.000000 -8.512757
v 26.545055 10.000000 -9.070728
v 24.905172 10.000000 -9.606594
v 25.388805 10.000000 -9.982049
v 25.903767 10.000000 -10.278314
v 26.223370 10.000000 -10.427943
v 26.213959 10.000000 -7.400906
v 26.066626 10.000000 -8.195385
v 24.365524 10.000000 -9.140851
v 23.767056 10.000000 -9.352712
v 23.259789 10.000000 -12.082339
v 23.733768 10.000000 -9.986696
v 23.937077 10.000000 -11.132809
v 23.915234 10.000000 -11.800817
v 22.069067 10.000000 -10.701704
v 21.259802 10.000000 -10.347627
v 16.223946 10.000000 -11.351403
v 16.455080 10.000000 -12.532495
v 15.003278 10.000000 -11.041261
v 13.362080 10.000000 -10.386291
v 15.164948 10.000000 -10.686536
v 10.847517 10.000000 -8.713360
v 13.278742 10.000000 -10.992858
v 16.575270 10.000000 -12.864289
v 13.972404 10.000000 -12.202961
v 16.246082 10.000000 -10.850637
v 17.762432 10.000000 -12.132061
v 17.478046 10.000000 -12.653678
v 14.460200 10.000000 -11.746052
v 13.279648 10.000000 -11.586961
v 13.309869 10.000000 -11.938558
v 16.022532 10.000000 -10.474796
v 12.900905 10.000000 -9.271501
v 12.263276 10.000000 -9.770785
v 10.395329 10.000000 -10.199220
v 8.471848 10.000000 -8.325059
v 9.945460 10.000000 -7.834435
v 9.122746 10.000000 -8.173265
v 8.851624 10.000000 -6.446615
v 8.476171 10.000000 -6.930248
v 8.179905 10.000000 -7.445210
v 8.030275 10.000000 -7.764812
v 11.157719 10.000000 -8.071555
v 10.985138 10.000000 -7.669750
v 10.467672 10.000000 -7.520088
v 7.022583 10.000000 -4.110511
v 6.603129 10.000000 -4.531247
v 9.221371 10.000000 -6.108172
v 9.188244 10.000000 -5.383996
v 8.793564 10.000000 -5.195693
v 5.544888 10.000000 -1.510445
v 6.657400 10.000000 -5.456676
v 7.510416 10.000000 -3.740532
v 5.647176 10.000000 -2.216418
v 6.286767 10.000000 -2.410410
v 8.151404 10.000000 -2.905550
v 7.880710 10.000000 -2.562104
v 7.704223 10.000000 0.079171
v 6.103121 10.000000 -1.142902
v 8.207788 10.000000 -5.364169
v 6.915294 10.000000 -0.779527
v 7.325409 10.000000 -5.478518
v 6.375880 10.000000 -4.801231
v 7.168675 10.000000 -2.528332
v 8.099960 10.000000 -3.339814
v 7.588464 10.000000 -0.545048
v 7.391016 10.000000 0.384347
v 6.898937 10.000000 0.479817
v 7.106814 10.000000 2.234614
v 5.593928 10.000000 1.883289
v 7.416958 10.000000 3.455280
v 6.519661 10.000000 5.148690
v 8.549900 10.000000 4.945490
v 9.167039 10.000000 5.667917
v 6.326157 10.000000 0.696126
v 7.465361 10.000000 5.179815
v 5.804541 10.000000 0.980511
v 6.255258 10.000000 4.486155
v 6.871258 10.000000 5.178909
v 7.832129 10.000000 7.491701
v 8.606435 10.000000 8.001417
v 5.510011 10.000000 1.174896
v 5.925723 10.000000 2.003477
v 6.489440 10.000000 4.222163
v 6.919680 10.000000 3.812464
v 7.607581 10.000000 2.212476
v 7.867558 10.000000 3.235702
v 8.299545 10.000000 6.669000
v 8.896344 10.000000 6.011357
v 7.990005 10.000000 7.176094
v 9.744859 10.000000 7.611041
v 10.623783 10.000000 8.513096
v 10.284956 10.000000 9.335812
v 13.001543 10.000000 11.801156
v 12.661992 10.000000 9.124380
v 13.257410 10.000000 9.776884
v 13.926972 10.000000 11.855429
v 18.635475 10.000000 10.808413
v 12.994989 10.000000 10.854968
v 17.678692 10.000000 11.543262
v 15.929888 10.000000 11.289881
v 15.026522 10.000000 10.422649
v 15.941013 10.000000 10.680462
v 19.154346 10.000000 12.132401
v 20.894245 10.000000 10.475133
v 25.127220 10.000000 10.159011
v 8.071928 10.000000 5.096478
v 7.983422 10.000000 2.436027
v 9.180532 10.000000 7.848527
v 8.259001 10.000000 8.063227
v 6.499348 10.000000 2.158118
v 8.091107 10.000000 2.859861
v 9.051541 10.000000 5.141769
v 13.094050 10.000000 10.250772
v 10.133162 10.000000 9.986712
v 12.011604 10.000000 9.606935
v 11.527971 10.000000 9.982388
v 11.013010 10.000000 10.278653
v 10.693407 10.000000 10.428281
v 10.167469 10.000000 7.341487
v 10.604733 10.000000 7.347165
v 10.941027 10.000000 7.767970
v 12.980466 10.000000 11.448892
v 14.717687 10.000000 10.948139
v 14.347708 10.000000 11.435975
v 13.656988 10.000000 12.082675
v 12.267310 10.000000 9.312683
v 13.074224 10.000000 9.270312
v 16.947775 10.000000 12.913670
v 15.656975 10.000000 10.347965
v 19.438730 10.000000 12.654018
v 20.692831 10.000000 11.351741
v 17.840996 10.000000 10.955744
v 18.207722 10.000000 10.717537
v 16.241802 10.000000 12.811381
v 16.047810 10.000000 12.171790
v 17.447580 10.000000 12.110232
v 17.149744 10.000000 12.624288
v 20.616337 10.000000 11.959208
v 20.461699 10.000000 12.532834
v 23.637129 10.000000 11.587298
v 23.606909 10.000000 11.938895
v 20.670696 10.000000 10.850976
v 21.318081 10.000000 10.367449
v 25.634314 10.000000 10.468552
v 25.949921 10.000000 10.626429
v 19.633116 10.000000 12.948546
v 20.341507 10.000000 12.864628
v 23.472622 10.000000 10.120672
v 22.270683 10.000000 11.538877
v 21.789911 10.000000 10.792205
v 26.069258 10.000000 8.713697
v 26.521446 10.000000 10.199556
v 23.421177 10.000000 9.686409
v 23.794487 10.000000 9.298064
v 24.405529 10.000000 9.470325
v 18.938036 10.000000 11.559619
v 22.944374 10.000000 12.203299
v 22.680382 10.000000 11.969118
v 23.638035 10.000000 10.993196
v 24.653500 10.000000 9.771121
v 26.306747 10.000000 9.278028
v 26.459637 10.000000 9.852121
v 28.444931 10.000000 8.325395
v 26.971315 10.000000 7.834774
v 27.794029 10.000000 8.173601
v 28.065153 10.000000 6.446952
v 28.586826 10.000000 7.167730
v 28.886499 10.000000 7.765150
v 25.799706 10.000000 8.291088
v 25.805386 10.000000 7.853824
v 26.118591 10.000000 7.548650
v 26.653942 10.000000 7.608406
v 30.259377 10.000000 5.457014
v 29.313187 10.000000 5.463568
v 29.894192 10.000000 4.110849
v 27.637497 10.000000 6.012633
v 27.728535 10.000000 5.384333
v 28.235104 10.000000 5.201147
v 30.017838 10.000000 -0.479480
v 31.082506 10.000000 1.308813
v 30.568451 10.000000 1.010976
v 29.248081 10.000000 2.493529
v 29.809959 10.000000 -2.234274
v 29.618801 10.000000 0.705543
v 29.338806 10.000000 -0.262571
v 28.708990 10.000000 5.364506
v 29.907114 10.000000 5.478091
v 29.406359 10.000000 3.740869
v 30.313646 10.000000 4.531585
v 30.540894 10.000000 4.801569
v 29.748100 10.000000 2.528670
v 31.269600 10.000000 2.216755
v 30.630009 10.000000 2.410748
v 30.001480 10.000000 0.779865
v 31.371887 10.000000 1.510782
v 28.880867 10.000000 3.432035
v 28.765371 10.000000 2.905888
v 30.417427 10.000000 -2.157781
v 29.166225 10.000000 0.139234
v 29.729897 10.000000 -5.187536
v 30.397114 10.000000 -5.148353
v 28.900063 10.000000 -3.069678
v 28.657776 10.000000 -8.062889
v 17.810104 0.000000 -7.973521
v 16.890205 0.000000 -7.844625
v 12.053850 0.000000 -4.793775
v 11.337223 0.000000 -3.645241
v 11.018197 0.000000 -2.939823
v 10.836187 0.000000 -2.429244
v 10.708002 0.000000 -1.982636
v 10.577820 0.000000 -1.377020
v 10.481602 0.000000 -0.608818
v 10.460495 0.000000 -0.183413
v 10.538494 0.000000 1.129448
v 10.602413 0.000000 1.511351
v 10.785276 0.000000 2.263650
v 10.916618 0.000000 2.668822
v 16.269966 0.000000 7.695025
v 18.565228 0.000000 7.999455
v 19.606833 0.000000 7.917308
v 26.168930 0.000000 2.132662
v 26.455797 0.000000 -0.203464
v 25.919479 0.000000 -2.886370
v 25.656963 0.000000 -3.489892
v 25.461010 0.000000 -3.868070
v 25.182989 0.000000 -4.333390
v 24.965422 0.000000 -4.653703
v 24.610655 0.000000 -5.113501
v 24.356009 0.000000 -5.405205
v 23.976433 0.000000 -5.792169
v 23.689692 0.000000 -6.052390
v 22.627344 0.000000 -6.827701
v 21.737299 0.000000 -7.297005
v 21.380363 0.000000 -7.447116
v 19.816500 0.000000 -7.883709
v 19.163860 0.000000 -7.968664
v 18.777441 0.000000 -7.993466
v 17.425034 0.000000 -7.932811
v 16.512449 0.000000 -7.759555
v 16.139254 0.000000 -7.656306
v 15.662350 0.000000 -7.495307
v 15.302936 0.000000 -7.351233
v 14.950914 0.000000 -7.189937
v 14.338524 0.000000 -6.857433
v 14.011526 0.000000 -6.650050
v 13.602114 0.000000 -6.357236
v 13.153705 0.000000 -5.988180
v 12.870155 0.000000 -5.724484
v 12.599698 0.000000 -5.447376
v 12.342967 0.000000 -5.157506
v 11.807783 0.000000 -4.446116
v 11.580568 0.000000 -4.085855
v 11.169172 0.000000 -3.296394
v 10.520412 0.000000 -0.994084
v 10.466421 0.000000 0.358605
v 10.493128 0.000000 0.744899
v 10.684740 0.000000 1.889714
v 11.054583 0.000000 3.030625
v 11.226363 0.000000 3.420377
v 11.455766 0.000000 3.868409
v 11.692148 0.000000 4.268424
v 12.042681 0.000000 4.779154
v 12.281441 0.000000 5.083998
v 12.534672 0.000000 5.376932
v 12.801780 0.000000 5.657269
v 13.082140 0.000000 5.924353
v 13.526083 0.000000 6.298769
v 13.931947 0.000000 6.596481
v 14.355730 0.000000 6.868079
v 14.761368 0.000000 7.094677
v 15.144193 0.000000 7.281385
v 15.500397 0.000000 7.433222
v 15.900192 0.000000 7.580119
v 16.644865 0.000000 7.791904
v 17.024015 0.000000 7.870530
v 17.406525 0.000000 7.930717
v 17.791498 0.000000 7.972324
v 18.178034 0.000000 7.995255
v 19.222395 0.000000 7.963604
v 20.102446 0.000000 7.829414
v 20.516804 0.000000 7.730818
v 20.888462 0.000000 7.622160
v 21.254427 0.000000 7.495646
v 21.861082 0.000000 7.240451
v 22.207438 0.000000 7.067321
v 22.743006 0.000000 6.756059
v 23.064890 0.000000 6.540822
v 23.436840 0.000000 6.262358
v 23.734022 0.000000 6.014127
v 24.018845 0.000000 5.751806
v 24.523590 0.000000 5.216808
v 24.768908 0.000000 4.917216
v 25.021660 0.000000 4.574387
v 25.235308 0.000000 4.251447
v 25.470688 0.000000 3.850840
v 25.779179 0.000000 3.226009
v 25.926693 0.000000 2.867994
v 26.056713 0.000000 2.503260
v 26.263086 0.000000 1.757068
v 26.391459 0.000000 1.032835
v 26.438030 0.000000 0.570537
v 26.456282 0.000000 0.183751
v 26.427160 0.000000 -0.705995
v 26.383656 0.000000 -1.090759
v 26.321585 0.000000 -1.472967
v 26.213379 0.000000 -1.964545
v 26.109228 0.000000 -2.337490
v 23.298708 0.000000 -6.369391
v 22.984829 0.000000 -6.596143
v 22.189709 0.000000 -7.076359
v 20.979862 0.000000 -7.592075
v 20.572212 0.000000 -7.715512
v 20.196392 0.000000 -7.808758
v 18.390272 0.000000 -7.999541
v 18.003263 9.898891 -7.986874
v 17.617323 9.898891 -7.955496
v 17.195097 9.898891 -7.899457
v 16.814331 9.898891 -7.829076
v 16.250681 9.898891 -7.689176
v 15.698666 9.898891 -7.508754
v 15.231913 9.898891 -7.320341
v 14.812361 9.898891 -7.120679
v 14.472069 9.898891 -6.935915
v 14.108566 9.898891 -6.713924
v 13.788780 9.898891 -6.495581
v 13.479936 9.898891 -6.262020
v 13.010334 9.898891 -5.858048
v 12.495324 9.898891 -5.332922
v 12.244253 9.898891 -5.038136
v 12.007740 9.898891 -4.731546
v 11.786339 9.898891 -4.413871
v 11.580568 9.898891 -4.085855
v 11.251087 9.898891 -3.471835
v 11.076514 9.898891 -3.083325
v 10.935958 9.898891 -2.722521
v 10.813025 9.898891 -2.355338
v 10.708002 9.898891 -1.982636
v 10.621138 9.898891 -1.605290
v 10.552633 9.898891 -1.224183
v 10.473598 9.898891 -0.492919
v 10.458673 9.898891 -0.067252
v 10.474859 9.898891 0.513274
v 10.518114 9.898891 0.975895
v 10.574628 9.898891 1.358965
v 10.649612 9.898891 1.738850
v 10.763722 9.898891 2.189259
v 10.891136 9.898891 2.595683
v 11.069339 9.898891 3.066429
v 11.259814 9.898891 3.490231
v 11.571053 9.898891 4.070133
v 11.776056 9.898891 4.398628
v 12.089248 9.898891 4.841042
v 12.381029 9.898891 5.202640
v 12.693310 9.898891 5.546688
v 13.139744 9.898891 5.976124
v 13.495651 9.898891 6.274820
v 13.805080 9.898891 6.507606
v 14.125412 9.898891 6.725146
v 14.590757 9.898891 7.003128
v 15.179478 9.898891 7.297343
v 15.608647 9.898891 7.475394
v 16.307240 9.898891 7.705529
v 16.947887 9.898891 7.856274
v 17.483351 9.898891 7.940528
v 17.907335 9.898891 7.981169
v 18.526505 9.898891 7.999879
v 19.222395 9.898891 7.963604
v 19.759905 9.898891 7.893588
v 20.140324 9.898891 7.821364
v 20.516804 9.898891 7.730818
v 21.145287 9.898891 7.535458
v 21.684864 9.898891 7.320679
v 22.104416 9.898891 7.121017
v 22.545010 9.898891 6.877635
v 22.905251 9.898891 6.650389
v 23.345379 9.898891 6.333992
v 23.675552 9.898891 6.064919
v 23.962902 9.898891 5.805368
v 24.290640 9.898891 5.476011
v 24.672523 9.898891 5.038475
v 24.909037 9.898891 4.731884
v 25.276148 9.898891 4.185639
v 25.470688 9.898891 3.850840
v 25.731562 9.898891 3.331978
v 25.884260 9.898891 2.976142
v 26.019564 9.898891 2.613335
v 26.137152 9.898891 2.244406
v 26.287775 9.898891 1.643547
v 26.364143 9.898891 1.224521
v 26.414125 9.898891 0.840545
v 26.451227 9.898891 0.338568
v 26.458241 9.898891 -0.048584
v 26.436575 9.898891 -0.590202
v 26.393847 9.898891 -1.013982
v 26.335478 9.898891 -1.396773
v 26.258657 9.898891 -1.776291
v 26.153053 9.898891 -2.188921
v 26.038116 9.898891 -2.558684
v 25.891186 9.898891 -2.958467
v 25.739317 9.898891 -3.314658
v 25.442204 9.898891 -3.901922
v 25.245209 9.898891 -4.235282
v 24.965422 9.898891 -4.653703
v 24.535748 9.898891 -5.202301
v 24.276894 9.898891 -5.490277
v 23.920097 9.898891 -5.845319
v 23.630850 9.898891 -6.102751
v 23.267818 9.898891 -6.392746
v 22.920757 9.898891 -6.639655
v 22.594246 9.898891 -6.847801
v 22.258041 9.898891 -7.039904
v 21.701937 9.898891 -7.312791
v 21.344280 9.898891 -7.461173
v 20.721203 9.898891 -7.673139
v 20.006899 9.898891 -7.848532
v 19.586979 9.898891 -7.919824
v 19.048067 9.898891 -7.978069
v 18.390272 9.898891 -7.999541
v 18.003263 0.012453 -7.986874
v 17.617323 0.012453 -7.955496
v 17.195097 0.012453 -7.899457
v 16.814331 0.012453 -7.829076
v 16.250681 0.012453 -7.689176
v 15.698666 0.012453 -7.508754
v 15.231913 0.012453 -7.320341
v 14.812361 0.012453 -7.120679
v 14.472069 0.012453 -6.935915
v 14.108566 0.012453 -6.713924
v 13.788780 0.012453 -6.495581
v 13.479936 0.012453 -6.262020
v 13.010334 0.012453 -5.858048
v 12.495324 0.012453 -5.332922
v 12.244253 0.012453 -5.038136
v 12.007740 0.012453 -4.731546
v 11.786339 0.012453 -4.413871
v 11.580568 0.012453 -4.085855
v 11.251087 0.012453 -3.471835
v 11.076514 0.012453 -3.083325
v 10.935958 0.012453 -2.722521
v 10.813025 0.012453 -2.355338
v 10.708002 0.012453 -1.982636
v 10.621138 0.012453 -1.605290
v 10.552633 0.012453 -1.224183
v 10.473598 0.012453 -0.492919
v 10.458673 0.012453 -0.067252
v 10.474859 0.012453 0.513274
v 10.518114 0.012453 0.975895
v 10.574628 0.012453 1.358965
v 10.649612 0.012453 1.738850
v 10.763722 0.012453 2.189259
v 10.891136 0.012453 2.595683
v 11.069339 0.012453 3.066429
v 11.259814 0.012453 3.490231
v 11.571053 0.012453 4.070133
v 11.776056 0.012453 4.398628
v 12.089248 0.012453 4.841042
v 12.381029 0.012453 5.202640
v 12.693310 0.012453 5.546688
v 13.139744 0.012453 5.976124
v 13.495651 0.012453 6.274820
v 13.805080 0.012453 6.507606
v 14.125412 0.012453 6.725146
v 14.590757 0.012453 7.003128
v 15.179478 0.012453 7.297343
v 15.608647 0.012453 7.475394
v 16.307240 0.012453 7.705529
v 16.947887 0.012453 7.856274
v 17.483351 0.012453 7.940528
v 17.907335 0.012453 7.981169
v 18.526505 0.012453 7.999879
v 19.222395 0.012453 7.963604
v 19.759905 0.012453 7.893588
v 20.140324 0.012453 7.821364
v 20.516804 0.012453 7.730818
v 21.145287 0.012453 7.535458
v 21.684864 0.012453 7.320679
v 22.104416 0.012453 7.121017
v 22.545010 0.012453 6.877635
v 22.905251 0.012453 6.650389
v 23.345379 0.012453 6.333992
v 23.675552 0.012453 6.064919
v 23.962902 0.012453 5.805368
v 24.290640 0.012453 5.476011
v 24.672523 0.012453 5.038475
v 24.909037 0.012453 4.731884
v 25.276148 0.012453 4.185639
v 25.470688 0.012453 3.850840
v 25.731562 0.012453 3.331978
v 25.884260 0.012453 2.976142
v 26.019564 0.012453 2.613335
v 26.137152 0.012453 2.244406
v 26.287775 0.012453 1.643547
v 26.364143 0.012453 1.224521
v 26.414125 0.012453 0.840545
v 26.451227 0.012453 0.338568
v 26.458241 0.012453 -0.048584
v 26.436575 0.012453 -0.590202
v 26.393847 0.012453 -1.013982
v 26.335478 0.012453 -1.396773
v 26.258657 0.012453 -1.776291
v 26.153053 0.012453 -2.188921
v 26.038116 0.012453 -2.558684
v 25.891186 0.012453 -2.958467
v 25.739317 0.012453 -3.314658
v 25.442204 0.012453 -3.901922
v 25.245209 0.012453 -4.235282
v 24.965422 0.012453 -4.653703
v 24.535748 0.012453 -5.202301
v 24.276894 0.012453 -5.490277
v 23.920097 0.012453 -5.845319
v 23.630850 0.012453 -6.102751
v 23.267818 0.012453 -6.392746
v 22.920757 0.012453 -6.639655
v 22.594246 0.012453 -6.847801
v 22.258041 0.012453 -7.039904
v 21.701937 0.012453 -7.312791
v 21.344280 0.012453 -7.461173
v 20.721203 0.012453 -7.673139
v 20.006899 0.012453 -7.848532
v 19.586979 0.012453 -7.919824
v 19.048067 0.012453 -7.978069
v 18.390272 0.012453 -7.999541
v 30.204609 0.016952 -3.998017
v 28.933353 0.016952 -2.435688
v 29.250423 0.016952 -3.331359
v 27.736244 0.016952 -7.848188
v 28.476276 0.016952 -4.969165
v 27.730057 0.016952 -5.557313
v 30.590618 0.016952 -0.695787
v 31.112236 0.016952 -0.980172
v 31.406765 0.016952 -1.174557
v 31.322845 0.016952 -1.882949
v 29.421083 0.016952 -2.207019
v 28.926771 0.016952 -7.175755
v 27.171917 0.016952 -7.610701
v 29.084648 0.016952 -7.491362
v 26.848766 0.016952 -7.392659
v 25.975750 0.016952 -7.767632
v 19.601460 0.016952 -12.355098
v 19.238085 0.016952 -11.542924
v 22.569069 0.016952 -11.435638
v 20.926197 0.016952 -11.898792
v 21.695759 0.016952 -10.313362
v 17.283661 0.016952 -12.948208
v 18.281301 0.016952 -10.808073
v 17.978741 0.016952 -11.559279
v 22.989805 0.016952 -11.855090
v 20.786509 0.016952 -12.476240
v 20.674976 0.016952 -12.811044
v 20.986889 0.016952 -11.289543
v 19.969002 0.016952 -12.913331
v 20.951750 0.016952 -10.789523
v 16.300440 0.016952 -11.958870
v 19.003607 0.016952 -10.869755
v 15.598698 0.016952 -10.367111
v 10.966856 0.016952 -10.626090
v 11.556290 0.016952 -10.311003
v 10.530169 0.016952 -9.544598
v 13.515279 0.016952 -9.796333
v 13.316788 0.016952 -9.406677
v 30.991053 0.016952 -2.003138
v 30.661518 0.016952 -4.485815
v 28.310341 0.016952 -8.001078
v 27.865234 0.016952 -5.141430
v 28.229340 0.016952 -6.194942
v 28.844849 0.016952 -5.096139
v 27.928547 0.016952 -5.946971
v 28.617229 0.016952 -6.668662
v 26.712803 0.016952 -9.640658
v 26.783615 0.016952 -9.986372
v 26.292992 0.016952 -8.512757
v 26.545055 0.016952 -9.070728
v 24.905172 0.016952 -9.606594
v 25.388805 0.016952 -9.982049
v 25.903767 0.016952 -10.278314
v 26.223370 0.016952 -10.427943
v 26.213959 0.016952 -7.400906
v 26.066626 0.016952 -8.195385
v 24.365524 0.016952 -9.140851
v 23.767056 0.016952 -9.352712
v 23.259789 0.016952 -12.082339
v 23.733768 0.016952 -9.986696
v 23.937077 0.016952 -11.132809
v 23.915234 0.016952 -11.800817
v 22.069067 0.016952 -10.701704
v 21.259802 0.016952 -10.347627
v 16.223946 0.016952 -11.351403
v 16.455080 0.016952 -12.532495
v 15.003278 0.016952 -11.041261
v 13.362080 0.016952 -10.386291
v 15.164948 0.016952 -10.686536
v 10.847517 0.016952 -8.713360
v 13.278742 0.016952 -10.992858
v 16.575270 0.016952 -12.864289
v 13.972404 0.016952 -12.202961
v 16.246082 0.016952 -10.850637
v 17.762432 0.016952 -12.132061
v 17.478046 0.016952 -12.653678
v 14.460200 0.016952 -11.746052
v 13.279648 0.016952 -11.586961
v 13.309869 0.016952 -11.938558
v 16.022532 0.016952 -10.474796
v 12.900905 0.016952 -9.271501
v 12.263276 0.016952 -9.770785
v 10.395329 0.016952 -10.199220
v 8.471848 0.016952 -8.325059
v 9.945460 0.016952 -7.834435
v 9.122746 0.016952 -8.173265
v 8.851624 0.016952 -6.446615
v 8.476171 0.016952 -6.930248
v 8.179905 0.016952 -7.445210
v 8.030275 0.016952 -7.764812
v 11.157719 0.016952 -8.071555
v 10.985138 0.016952 -7.669750
v 10.467672 0.016952 -7.520088
v 7.022583 0.016952 -4.110511
v 6.603129 0.016952 -4.531247
v 9.221371 0.016952 -6.108172
v 9.188244 0.016952 -5.383996
v 8.793564 0.016952 -5.195693
v 5.544888 0.016952 -1.510445
v 6.657400 0.016952 -5.456676
v 7.510416 0.016952 -3.740532
v 5.647176 0.016952 -2.216418
v 6.286767 0.016952 -2.410410
v 8.151404 0.016952 -2.905550
v 7.880710 0.016952 -2.562104
v 7.704223 0.016952 0.079171
v 6.103121 0.016952 -1.142902
v 8.207788 0.016952 -5.364169
v 6.915294 0.016952 -0.779527
v 7.325409 0.016952 -5.478518
v 6.375880 0.016952 -4.801231
v 7.168675 0.016952 -2.528332
v 8.099960 0.016952 -3.339814
v 7.588464 0.016952 -0.545048
v 7.391016 0.016952 0.384347
v 6.898937 0.016952 0.479817
v 7.106814 0.016952 2.234614
v 5.593928 0.016952 1.883289
v 7.416958 0.016952 3.455280
v 6.519661 0.016952 5.148690
v 8.549900 0.016952 4.945490
v 9.167039 0.016952 5.667917
v 6.326157 0.016952 0.696126
v 7.465361 0.016952 5.179815
v 5.804541 0.016952 0.980511
v 6.255258 0.016952 4.486155
v 6.871258 0.016952 5.178909
v 7.832129 0.016952 7.491701
v 8.606435 0.016952 8.001417
v 5.510011 0.016952 1.174896
v 5.925723 0.016952 2.003477
v 6.489440 0.016952 4.222163
v 6.919680 0.016952 3.812464
v 7.607581 0.016952 2.212476
v 7.867558 0.016952 3.235702
v 8.299545 0.016952 6.669000
v 8.896344 0.016952 6.011357
v 7.990005 0.016952 7.176094
v 9.744859 0.016952 7.611041
v 10.623783 0.016952 8.513096
v 10.284956 0.016952 9.335812
v 13.001543 0.016952 11.801156
v 12.661992 0.016952 9.124380
v 13.257410 0.016952 9.776884
v 13.926972 0.016952 11.855429
v 18.635475 0.016952 10.808413
v 12.994989 0.016952 10.854968
v 17.678692 0.016952 11.543262
v 15.929888 0.016952 11.289881
v 15.026522 0.016952 10.422649
v 15.941013 0.016952 10.680462
v 19.154346 0.016952 12.132401
v 20.894245 0.016952 10.475133
v 25.127220 0.016952 10.159011
v 8.071928 0.016952 5.096478
v 7.983422 0.016952 2.436027
v 9.180532 0.016952 7.848527
v 8.259001 0.016952 8.063227
v 6.499348 0.016952 2.158118
v 8.091107 0.016952 2.859861
v 9.051541 0.016952 5.141769
v 13.094050 0.016952 10.250772
v 10.133162 0.016952 9.986712
v 12.011604 0.016952 9.606935
v 11.527971 0.016952 9.982388
v 11.013010 0.016952 10.278653
v 10.693407 0.016952 10.428281
v 10.167469 0.016952 7.341487
v 10.604733 0.016952 7.347165
v 10.941027 0.016952 7.767970
v 12.980466 0.016952 11.448892
v 14.717687 0.016952 10.948139
v 14.347708 0.016952 11.435975
v 13.656988 0.016952 12.082675
v 12.267310 0.016952 9.312683
v 13.074224 0.016952 9.270312
v 16.947775 0.016952 12.913670
v 15.656975 0.016952 10.347965
v 19.438730 0.016952 12.654018
v 20.692831 0.016952 11.351741
v 17.840996 0.016952 10.955744
v 18.207722 0.016952 10.717537
v 16.241802 0.016952 12.811381
v 16.047810 0.016952 12.171790
v 17.447580 0.016952 12.110232
v 17.149744 0.016952 12.624288
v 20.616337 0.016952 11.959208
v 20.461699 0.016952 12.532834
v 23.637129 0.016952 11.587298
v 23.606909 0.016952 11.938895
v 20.670696 0.016952 10.850976
v 21.318081 0.016952 10.367449
v 25.634314 0.016952 10.468552
v 25.949921 0.016952 10.626429
v 19.633116 0.016952 12.948546
v 20.341507 0.016952 12.864628
v 23.472622 0.016952 10.120672
v 22.270683 0.016952 11.538877
v 21.789911 0.016952 10.792205
v 26.069258 0.016952 8.713697
v 26.521446 0.016952 10.199556
v 23.421177 0.016952 9.686409
v 23.794487 0.016952 9.298064
v 24.405529 0.016952 9.470325
v 18.938036 0.016952 11.559619
v 22.944374 0.016952 12.203299
v 22.680382 0.016952 11.969118
v 23.638035 0.016952 10.993196
v 24.653500 0.016952 9.771121
v 26.306747 0.016952 9.278028
v 26.459637 0.016952 9.852121
v 28.444931 0.016952 8.325395
v 26.971315 0.016952 7.834774
v 27.794029 0.016952 8.173601
v 28.065153 0.016952 6.446952
v 28.586826 0.016952 7.167730
v 28.886499 0.016952 7.765150
v 25.799706 0.016952 8.291088
v 25.805386 0.016952 7.853824
v 26.118591 0.016952 7.548650
v 26.653942 0.016952 7.608406
v 30.259377 0.016952 5.457014
v 29.313187 0.016952 5.463568
v 29.894192 0.016952 4.110849
v 27.637497 0.016952 6.012633
v 27.728535 0.016952 5.384333
v 28.235104 0.016952 5.201147
v 30.017838 0.016952 -0.479480
v 31.082506 0.016952 1.308813
v 30.568451 0.016952 1.010976
v 29.248081 0.016952 2.493529
v 29.809959 0.016952 -2.234274
v 29.618801 0.016952 0.705543
v 29.338806 0.016952 -0.262571
v 28.708990 0.016952 5.364506
v 29.907114 0.016952 5.478091
v 29.406359 0.016952 3.740869
v 30.313646 0.016952 4.531585
v 30.540894 0.016952 4.801569
v 29.748100 0.016952 2.528670
v 31.269600 0.016952 2.216755
v 30.630009 0.016952 2.410748
v 30.001480 0.016952 0.779865
v 31.371887 0.016952 1.510782
v 28.880867 0.016952 3.432035
v 28.765371 0.016952 2.905888
v 30.417427 0.016952 -2.157781
v 29.166225 0.016952 0.139234
v 29.729897 0.016952 -5.187536
v 30.397114 0.016952 -5.148353
v 28.900063 0.016952 -3.069678
v 28.657776 0.016952 -8.062889
v 23.638035 5.008476 10.993196
v 23.637129 5.008476 11.587298
v 17.678692 5.008476 11.543262
v 25.799706 5.008476 8.291088
v 26.069258 5.008476 8.713697
v 16.947775 5.008476 12.913670
v 16.241802 5.008476 12.811381
v 17.840996 5.008476 10.955744
v 17.447580 5.008476 12.110232
v 17.149744 5.008476 12.624288
v 19.633116 5.008476 12.948546
v 19.438730 5.008476 12.654018
v 18.635475 5.008476 10.808413
v 18.207722 5.008476 10.717537
v 20.461699 5.008476 12.532834
v 20.341507 5.008476 12.864628
v 11.527971 5.008476 9.982388
v 11.013010 5.008476 10.278653
v 20.692831 5.008476 11.351741
v 20.616337 5.008476 11.959208
v 13.257410 5.008476 9.776884
v 6.489440 5.008476 4.222163
v 10.623783 5.008476 8.513096
v 13.094050 5.008476 10.250772
v 5.804541 5.008476 0.980511
v 6.326157 5.008476 0.696126
v 10.941027 5.008476 7.767970
v 12.267310 5.008476 9.312683
v 12.011604 5.008476 9.606935
v 8.207788 5.008476 -5.364169
v 10.604733 5.008476 7.347165
v 13.001543 5.008476 11.801156
v 5.647176 5.008476 -2.216418
v 6.286767 5.008476 -2.410410
v 10.167469 5.008476 7.341487
v 9.744859 5.008476 7.611041
v 13.656988 5.008476 12.082675
v 6.657400 5.008476 -5.456676
v 7.325409 5.008476 -5.478518
v 10.133162 5.008476 9.986712
v 10.284956 5.008476 9.335812
v 8.259001 5.008476 8.063227
v 7.832129 5.008476 7.491701
v 9.122746 5.008476 -8.173265
v 9.945460 5.008476 -7.834435
v 12.980466 5.008476 11.448892
v 12.994989 5.008476 10.854968
v 6.919680 5.008476 3.812464
v 7.416958 5.008476 3.455280
v 11.556290 5.008476 -10.311003
v 12.263276 5.008476 -9.770785
v 14.347708 5.008476 11.435975
v 13.926972 5.008476 11.855429
v 6.519661 5.008476 5.148690
v 6.255258 5.008476 4.486155
v 8.476171 5.008476 -6.930248
v 8.179905 5.008476 -7.445210
v 15.026522 5.008476 10.422649
v 14.717687 5.008476 10.948139
v 16.047810 5.008476 12.171790
v 22.270683 5.008476 11.538877
v 22.680382 5.008476 11.969118
v 15.656975 5.008476 10.347965
v 30.313646 5.008476 4.531585
v 29.894192 5.008476 4.110849
v 18.938036 5.008476 11.559619
v 19.154346 5.008476 12.132401
v 15.941013 5.008476 10.680462
v 27.794029 5.008476 8.173601
v 28.444931 5.008476 8.325395
v 26.306747 5.008476 9.278028
v 15.929888 5.008476 11.289881
v 28.886499 5.008476 7.765150
v 28.586826 5.008476 7.167730
v 26.521446 5.008476 10.199556
v 26.459637 5.008476 9.852121
v 28.065153 5.008476 6.446952
v 27.637497 5.008476 6.012633
v 22.944374 5.008476 12.203299
v 23.606909 5.008476 11.938895
v 24.405529 5.008476 9.470325
v 24.653500 5.008476 9.771121
v 26.971315 5.008476 7.834774
v 25.127220 5.008476 10.159011
v 23.794487 5.008476 9.298064
v 31.082506 5.008476 1.308813
v 30.568451 5.008476 1.010976
v 25.949921 5.008476 10.626429
v 23.421177 5.008476 9.686409
v 27.865234 5.008476 -5.141430
v 27.730057 5.008476 -5.557313
v 29.406359 5.008476 3.740869
v 23.472622 5.008476 10.120672
v 30.590618 5.008476 -0.695787
v 31.112236 5.008476 -0.980172
v 29.907114 5.008476 5.478091
v 30.259377 5.008476 5.457014
v 28.476276 5.008476 -4.969165
v 28.708990 5.008476 5.364506
v 29.313187 5.008476 5.463568
v 30.991053 5.008476 -2.003138
v 30.417427 5.008476 -2.157781
v 30.540894 5.008476 4.801569
v 20.670696 5.008476 10.850976
v 28.310341 5.008476 -8.001078
v 27.736244 5.008476 -7.848188
v 31.269600 5.008476 2.216755
v 31.371887 5.008476 1.510782
v 20.894245 5.008476 10.475133
v 29.729897 5.008476 -5.187536
v 28.844849 5.008476 -5.096139
v 30.001480 5.008476 0.779865
v 21.318081 5.008476 10.367449
v 30.397114 5.008476 -5.148353
v 29.618801 5.008476 0.705543
v 21.789911 5.008476 10.792205
v 29.421083 5.008476 -2.207019
v 28.933353 5.008476 -2.435688
v 28.900063 5.008476 -3.069678
v 26.653942 5.008476 7.608406
v 25.634314 5.008476 10.468552
v 29.250423 5.008476 -3.331359
v 26.066626 5.008476 -8.195385
v 26.292992 5.008476 -8.512757
v 27.728535 5.008476 5.384333
v 28.235104 5.008476 5.201147
v 29.338806 5.008476 -0.262571
v 30.017838 5.008476 -0.479480
v 30.204609 5.008476 -3.998017
v 28.880867 5.008476 3.432035
v 27.928547 5.008476 -5.946971
v 25.805386 5.008476 7.853824
v 28.617229 5.008476 -6.668662
v 28.926771 5.008476 -7.175755
v 26.118591 5.008476 7.548650
v 24.365524 5.008476 -9.140851
v 23.767056 5.008476 -9.352712
v 22.989805 5.008476 -11.855090
v 22.569069 5.008476 -11.435638
v 23.937077 5.008476 -11.132809
v 23.915234 5.008476 -11.800817
v 24.905172 5.008476 -9.606594
v 29.166225 5.008476 0.139234
v 26.848766 5.008476 -7.392659
v 26.213959 5.008476 -7.400906
v 25.975750 5.008476 -7.767632
v 30.630009 5.008476 2.410748
v 31.406765 5.008476 -1.174557
v 28.765371 5.008476 2.905888
v 23.733768 5.008476 -9.986696
v 31.322845 5.008476 -1.882949
v 29.248081 5.008476 2.493529
v 20.674976 5.008476 -12.811044
v 19.969002 5.008476 -12.913331
v 29.748100 5.008476 2.528670
v 19.003607 5.008476 -10.869755
v 18.281301 5.008476 -10.808073
v 26.712803 5.008476 -9.640658
v 26.783615 5.008476 -9.986372
v 19.238085 5.008476 -11.542924
v 26.223370 5.008476 -10.427943
v 25.903767 5.008476 -10.278314
v 10.467672 5.008476 -7.520088
v 16.223946 5.008476 -11.351403
v 16.246082 5.008476 -10.850637
v 25.388805 5.008476 -9.982049
v 8.851624 5.008476 -6.446615
v 9.221371 5.008476 -6.108172
v 16.455080 5.008476 -12.532495
v 16.300440 5.008476 -11.958870
v 17.762432 5.008476 -12.132061
v 17.478046 5.008476 -12.653678
v 26.545055 5.008476 -9.070728
v 19.601460 5.008476 -12.355098
v 13.309869 5.008476 -11.938558
v 13.279648 5.008476 -11.586961
v 8.030275 5.008476 -7.764812
v 20.926197 5.008476 -11.898792
v 20.786509 5.008476 -12.476240
v 22.069067 5.008476 -10.701704
v 21.695759 5.008476 -10.313362
v 8.471848 5.008476 -8.325059
v 21.259802 5.008476 -10.347627
v 5.544888 5.008476 -1.510445
v 20.951750 5.008476 -10.789523
v 20.986889 5.008476 -11.289543
v 10.693407 5.008476 10.428281
v 17.978741 5.008476 -11.559279
v 13.316788 5.008476 -9.406677
v 12.900905 5.008476 -9.271501
v 13.515279 5.008476 -9.796333
v 10.530169 5.008476 -9.544598
v 10.847517 5.008476 -8.713360
v 10.395329 5.008476 -10.199220
v 10.966856 5.008476 -10.626090
v 14.460200 5.008476 -11.746052
v 13.972404 5.008476 -12.202961
v 13.278742 5.008476 -10.992858
v 13.362080 5.008476 -10.386291
v 16.022532 5.008476 -10.474796
v 29.809959 5.008476 -2.234274
v 15.598698 5.008476 -10.367111
v 15.164948 5.008476 -10.686536
v 27.171917 5.008476 -7.610701
v 9.188244 5.008476 -5.383996
v 8.793564 5.008476 -5.195693
v 28.657776 5.008476 -8.062889
v 29.084648 5.008476 -7.491362
v 6.603129 5.008476 -4.531247
v 7.022583 5.008476 -4.110511
v 30.661518 5.008476 -4.485815
v 11.157719 5.008476 -8.071555
v 10.985138 5.008476 -7.669750
v 28.229340 5.008476 -6.194942
v 7.704223 5.008476 0.079171
v 7.391016 5.008476 0.384347
v 7.588464 5.008476 -0.545048
v 23.259789 5.008476 -12.082339
v 6.915294 5.008476 -0.779527
v 5.925723 5.008476 2.003477
v 6.499348 5.008476 2.158118
v 6.103121 5.008476 -1.142902
v 16.575270 5.008476 -12.864289
v 17.283661 5.008476 -12.948208
v 7.510416 5.008476 -3.740532
v 8.099960 5.008476 -3.339814
v 8.151404 5.008476 -2.905550
v 7.880710 5.008476 -2.562104
v 7.168675 5.008476 -2.528332
v 6.898937 5.008476 0.479817
v 9.051541 5.008476 5.141769
v 9.167039 5.008476 5.667917
v 8.549900 5.008476 4.945490
v 15.003278 5.008476 -11.041261
v 8.071928 5.008476 5.096478
v 8.606435 5.008476 8.001417
v 9.180532 5.008476 7.848527
v 6.375880 5.008476 -4.801231
v 6.871258 5.008476 5.178909
v 7.465361 5.008476 5.179815
v 7.106814 5.008476 2.234614
v 7.607581 5.008476 2.212476
v 7.983422 5.008476 2.436027
v 5.593928 5.008476 1.883289
v 8.091107 5.008476 2.859861
v 5.510011 5.008476 1.174896
v 7.867558 5.008476 3.235702
v 8.896344 5.008476 6.011357
v 8.299545 5.008476 6.669000
v 7.990005 5.008476 7.176094
v 13.074224 5.008476 9.270312
v 12.661992 5.008476 9.124380
vn -0.2764 -0.0000 0.9610
vn 0.9832 -0.0000 -0.1823
vn 0.6979 -0.0000 0.7162
vn 0.6440 -0.0000 0.7651
vn 0.7854 -0.0000 0.6190
vn 0.3289 -0.0000 -0.9444
vn 0.9922 -0.0000 0.1249
vn 0.4084 -0.0000 -0.9128
vn 0.9128 -0.0000 0.4084
vn 0.9963 -0.0000 0.0856
vn 0.2078 -0.0000 -0.9782
vn 0.9444 -0.0000 0.3289
vn -0.8780 -0.0000 0.4787
vn -0.9113 -0.0000 -0.4117
vn -0.6190 -0.0000 0.7854
vn 0.9655 -0.0000 0.2603
vn 0.6752 -0.0000 -0.7376
vn 0.6132 -0.0000 0.7899
vn 0.9201 -0.0000 0.3917
vn -0.9655 -0.0000 -0.2603
vn 0.7209 -0.0000 0.6930
vn -0.9402 -0.0000 -0.3406
vn 0.9990 -0.0000 -0.0442
vn -0.5157 -0.0000 0.8568
vn 0.4240 -0.0000 0.9057
vn -0.9842 -0.0000 -0.1769
vn 0.9950 -0.0000 -0.1003
vn 0.9916 -0.0000 0.1291
vn -0.9745 -0.0000 -0.2243
vn 0.9998 -0.0000 0.0181
vn 0.9992 -0.0000 -0.0400
vn -0.9996 -0.0000 0.0279
vn 0.9838 -0.0000 0.1793
vn -0.9625 -0.0000 -0.2712
vn 0.9528 -0.0000 0.3037
vn 0.9700 -0.0000 0.2432
vn -0.7918 -0.0000 -0.6108
vn -0.8204 -0.0000 -0.5718
vn -0.9994 -0.0000 -0.0350
vn -0.8471 -0.0000 -0.5314
vn -0.9483 -0.0000 -0.3175
vn -0.9318 -0.0000 -0.3630
vn -0.1361 -0.0000 -0.9907
vn -0.7921 -0.0000 0.6104
vn 0.7481 -0.0000 0.6636
vn 0.9404 -0.0000 -0.3401
vn -0.9593 -0.0000 -0.2824
vn 0.7405 -0.0000 0.6720
vn 0.4987 -0.0000 0.8668
vn -0.1752 -0.0000 -0.9845
vn -0.7298 -0.0000 -0.6836
vn -0.3879 -0.0000 -0.9217
vn 0.8264 -0.0000 0.5630
vn 0.4381 -0.0000 0.8989
vn 0.8595 -0.0000 0.5112
vn 0.9692 -0.0000 -0.2463
vn -0.9797 -0.0000 -0.2007
vn 0.5112 -0.0000 -0.8595
vn 0.9188 -0.0000 0.3946
vn -0.2573 -0.0000 -0.9663
vn -0.9099 -0.0000 0.4147
vn 0.3644 -0.0000 -0.9313
vn 0.9767 -0.0000 -0.2144
vn 0.1905 -0.0000 0.9817
vn -0.9355 -0.0000 0.3533
vn 0.0474 -0.0000 0.9989
vn 0.9907 -0.0000 -0.1361
vn -0.9487 -0.0000 0.3161
vn 0.5499 -0.0000 -0.8352
vn 0.8646 -0.0000 0.5024
vn -0.8012 -0.0000 0.5984
vn -0.6361 -0.0000 -0.7716
vn -0.3533 -0.0000 -0.9355
vn 0.2778 -0.0000 0.9606
vn 0.9402 -0.0000 0.3406
vn 0.9004 -0.0000 -0.4352
vn -0.9288 -0.0000 0.3707
vn 0.3707 -0.0000 0.9288
vn 0.7082 -0.0000 -0.7060
vn 0.9931 -0.0000 -0.1176
vn 0.3257 -0.0000 0.9455
vn -0.8943 -0.0000 -0.4474
vn 0.1752 -0.0000 0.9845
vn 0.3533 -0.0000 0.9355
vn 0.4306 -0.0000 0.9025
vn -0.6165 -0.0000 0.7873
vn 0.3879 -0.0000 0.9217
vn 0.5593 -0.0000 0.8290
vn -0.5930 -0.0000 0.8052
vn 0.2463 -0.0000 0.9692
vn -0.3406 -0.0000 0.9402
vn 0.0699 -0.0000 0.9976
vn 0.5508 -0.0000 0.8346
vn -0.1249 -0.0000 0.9922
vn 0.1176 -0.0000 0.9931
vn 0.0015 -0.0000 -1.0000
vn 0.1325 -0.0000 0.9912
vn -0.7737 -0.0000 -0.6335
vn 0.9990 -0.0000 0.0457
vn -0.0442 -0.0000 -0.9990
vn 0.9679 -0.0000 -0.2513
vn -0.9942 -0.0000 -0.1075
vn -0.7651 -0.0000 0.6440
vn 0.9973 -0.0000 0.0737
vn 1.0000 -0.0000 0.0015
vn 0.9370 -0.0000 0.3494
vn -0.7854 -0.0000 -0.6190
vn 0.8943 -0.0000 0.4474
vn -0.9951 -0.0000 0.0991
vn 0.6636 -0.0000 -0.7481
vn -0.1325 -0.0000 -0.9912
vn 0.0851 -0.0000 0.9964
vn 0.0701 -0.0000 -0.9975
vn -0.1176 -0.0000 -0.9931
vn -0.4714 -0.0000 0.8819
vn 0.3337 -0.0000 -0.9427
vn 0.8535 -0.0000 0.5210
vn 0.0856 -0.0000 -0.9963
vn 0.9794 -0.0000 -0.2017
vn -0.4306 -0.0000 -0.9025
vn -0.6836 -0.0000 0.7298
vn -0.9963 -0.0000 -0.0856
vn 0.9342 -0.0000 -0.3567
vn 0.4474 -0.0000 -0.8943
vn -0.9121 -0.0000 -0.4099
vn 0.8911 -0.0000 0.4539
vn -0.2271 -0.0000 0.9739
vn 0.3091 -0.0000 0.9510
vn 0.6190 -0.0000 -0.7854
vn -0.6132 -0.0000 -0.7899
vn 0.5984 -0.0000 0.8012
vn -0.4240 -0.0000 -0.9057
vn -0.7968 -0.0000 -0.6043
vn -0.9975 -0.0000 -0.0701
vn -0.8203 -0.0000 0.5719
vn 0.5621 -0.0000 -0.8270
vn -0.3012 -0.0000 -0.9536
vn 0.3406 -0.0000 -0.9402
vn 0.1249 -0.0000 -0.9922
vn -0.0784 -0.0000 0.9969
vn 0.6043 -0.0000 -0.7968
vn 0.9897 -0.0000 0.1434
vn 0.7651 -0.0000 -0.6440
vn -0.3946 -0.0000 0.9188
vn -0.9276 -0.0000 0.3736
vn 0.2603 -0.0000 -0.9655
vn -0.8346 -0.0000 0.5508
vn -0.9846 -0.0000 -0.1747
vn 0.4787 -0.0000 0.8780
vn -0.6495 -0.0000 -0.7603
vn -0.7548 -0.0000 -0.6559
vn 0.0130 -0.0000 -0.9999
vn -0.1285 -0.0000 0.9917
vn 0.9982 -0.0000 -0.0597
vn 0.2902 -0.0000 0.9570
vn -0.9931 -0.0000 0.1176
vn -0.6440 -0.0000 -0.7651
vn -0.9986 -0.0000 0.0524
vn -0.5378 -0.0000 -0.8431
vn 0.9739 -0.0000 0.2271
vn -0.9767 -0.0000 0.2144
vn 0.0327 -0.0000 0.9995
vn 0.8012 -0.0000 -0.5984
vn -0.5508 -0.0000 -0.8346
vn 0.9997 -0.0000 0.0244
vn -0.3808 -0.0000 0.9247
vn 0.5834 -0.0000 0.8122
vn -0.9782 -0.0000 -0.2078
vn -0.7060 -0.0000 -0.7082
vn -0.2902 -0.0000 -0.9570
vn -0.6072 -0.0000 0.7946
vn -0.8386 -0.0000 0.5447
vn 0.9288 -0.0000 -0.3707
vn 0.8668 -0.0000 -0.4987
vn -0.8621 -0.0000 -0.5067
vn -0.7613 -0.0000 -0.6484
vn -0.7812 -0.0000 0.6243
vn -0.7139 -0.0000 -0.7002
vn -0.0130 -0.0000 0.9999
vn -0.9188 -0.0000 -0.3946
vn 0.7534 -0.0000 0.6576
vn -0.6521 -0.0000 -0.7581
vn 0.6534 -0.0000 0.7570
vn 0.7088 -0.0000 0.7054
vn 0.0244 -0.0000 -0.9997
vn -0.6032 -0.0000 -0.7976
vn 0.6703 -0.0000 0.7421
vn 0.6317 -0.0000 0.7752
vn 0.5837 -0.0000 0.8120
vn -0.5639 -0.0000 -0.8259
vn -0.9995 -0.0000 0.0327
vn 0.3259 -0.0000 -0.9454
vn 0.5335 -0.0000 0.8458
vn 0.7060 -0.0000 0.7082
vn -0.5212 -0.0000 -0.8534
vn 0.1109 -0.0000 -0.9938
vn 0.4835 -0.0000 0.8753
vn -0.4772 -0.0000 -0.8788
vn -0.3337 -0.0000 0.9427
vn 0.4297 -0.0000 0.9030
vn -0.3743 -0.0000 -0.9273
vn -0.4297 -0.0000 -0.9030
vn -0.2409 -0.0000 -0.9706
vn -0.6979 -0.0000 -0.7162
vn -0.3107 -0.0000 -0.9505
vn 0.3698 -0.0000 0.9291
vn 0.2338 -0.0000 0.9723
vn 0.1865 -0.0000 0.9825
vn -0.1818 -0.0000 -0.9833
vn -0.8535 -0.0000 -0.5210
vn -0.0327 -0.0000 -0.9995
vn 0.1292 -0.0000 0.9916
vn -0.9999 -0.0000 -0.0130
vn 0.0521 -0.0000 0.9986
vn -0.0810 -0.0000 -0.9967
vn -0.1316 -0.0000 -0.9913
vn 0.1075 -0.0000 -0.9942
vn -0.0302 -0.0000 0.9995
vn -0.8911 -0.0000 -0.4539
vn 0.0326 -0.0000 -0.9995
vn 0.2385 -0.0000 -0.9712
vn 0.1674 -0.0000 -0.9859
vn -0.5067 -0.0000 0.8621
vn -0.0954 -0.0000 0.9954
vn -0.4987 -0.0000 -0.8668
vn -0.1554 -0.0000 0.9878
vn -0.8812 -0.0000 -0.4728
vn -0.5727 -0.0000 -0.8197
vn -0.2290 -0.0000 0.9734
vn -0.9897 -0.0000 -0.1434
vn 0.9247 -0.0000 0.3808
vn 0.3221 -0.0000 -0.9467
vn 0.9454 -0.0000 0.3259
vn -0.3043 -0.0000 -0.9526
vn -0.3401 -0.0000 -0.9404
vn 0.9190 -0.0000 0.3944
vn -0.9922 -0.0000 -0.1249
vn -0.8141 -0.0000 -0.5807
vn 0.7918 -0.0000 0.6108
vn -0.3129 -0.0000 0.9498
vn 0.2968 -0.0000 0.9549
vn 0.3832 -0.0000 -0.9237
vn 0.8300 -0.0000 0.5578
vn -0.3832 -0.0000 0.9237
vn 0.8934 -0.0000 0.4492
vn -0.5984 -0.0000 -0.8012
vn 0.4405 -0.0000 -0.8977
vn 0.4961 -0.0000 -0.8683
vn 0.5210 -0.0000 -0.8535
vn -0.4470 -0.0000 0.8945
vn 0.8408 -0.0000 -0.5414
vn 0.5807 -0.0000 -0.8141
vn -0.5128 -0.0000 0.8585
vn -0.5723 -0.0000 0.8200
vn 0.5375 -0.0000 -0.8432
vn -0.5618 -0.0000 0.8273
vn 0.6691 -0.0000 -0.7432
vn -0.0586 -0.0000 0.9983
vn -0.4245 -0.0000 0.9054
vn -0.2462 -0.0000 -0.9692
vn -0.1907 -0.0000 0.9817
vn 0.5797 -0.0000 -0.8148
vn -0.3775 -0.0000 0.9260
vn -0.6012 -0.0000 0.7991
vn -0.8595 -0.0000 -0.5112
vn 0.1027 -0.0000 0.9947
vn 0.6241 -0.0000 -0.7813
vn -0.9990 -0.0000 0.0442
vn -0.6429 -0.0000 0.7660
vn 0.6648 -0.0000 -0.7470
vn 0.2573 -0.0000 0.9663
vn -0.9825 -0.0000 0.1863
vn 0.1618 -0.0000 -0.9868
vn -0.2603 -0.0000 0.9655
vn -0.9663 -0.0000 0.2573
vn -0.6933 -0.0000 0.7207
vn -0.0597 -0.0000 -0.9982
vn -0.2713 -0.0000 0.9625
vn 0.7054 -0.0000 -0.7088
vn -0.7405 -0.0000 0.6721
vn -0.4787 -0.0000 -0.8780
vn 0.7437 -0.0000 -0.6685
vn -0.6043 -0.0000 0.7968
vn -0.7782 -0.0000 0.6280
vn -0.9510 -0.0000 0.3091
vn 0.7873 -0.0000 -0.6166
vn -0.5013 -0.0000 0.8653
vn -0.8162 -0.0000 0.5778
vn 0.8313 -0.0000 -0.5559
vn -0.7209 -0.0000 -0.6930
vn -0.8484 -0.0000 0.5294
vn 0.2713 -0.0000 -0.9625
vn 0.6335 -0.0000 -0.7737
vn 0.8780 -0.0000 -0.4787
vn 0.8609 -0.0000 -0.5087
vn 0.7716 -0.0000 -0.6361
vn 0.3808 -0.0000 -0.9247
vn -0.8101 -0.0000 0.5863
vn -0.8811 -0.0000 0.4729
vn -0.3707 -0.0000 -0.9288
vn 0.9276 -0.0000 -0.3736
vn 0.8923 -0.0000 -0.4514
vn -0.9720 -0.0000 0.2351
vn -0.9121 -0.0000 0.4099
vn 0.9199 -0.0000 -0.3922
vn -0.7126 -0.0000 0.7016
vn 0.9912 -0.0000 -0.1325
vn -0.9845 -0.0000 0.1752
vn 0.7899 -0.0000 -0.6132
vn 0.9998 -0.0000 0.0183
vn -0.9352 -0.0000 0.3540
vn -0.9217 -0.0000 0.3879
vn 0.9386 -0.0000 -0.3450
vn -0.8939 -0.0000 0.4484
vn -0.9542 -0.0000 0.2991
vn 0.7603 -0.0000 -0.6495
vn 0.2271 -0.0000 -0.9739
vn 0.9355 -0.0000 -0.3533
vn -0.7082 -0.0000 0.7060
vn 0.9549 -0.0000 -0.2968
vn 0.7242 -0.0000 -0.6896
vn -0.9694 -0.0000 0.2456
vn 0.9688 -0.0000 -0.2479
vn 0.8352 -0.0000 0.5499
vn -0.8200 -0.0000 -0.5723
vn -0.9811 -0.0000 0.1936
vn 0.9801 -0.0000 -0.1984
vn 0.9570 -0.0000 -0.2902
vn -1.0000 -0.0000 -0.0015
vn 0.9057 -0.0000 -0.4240
vn -0.9893 -0.0000 0.1460
vn -0.9639 -0.0000 -0.2663
vn -0.8431 -0.0000 0.5378
vn -0.9260 -0.0000 -0.3775
vn -0.5447 -0.0000 -0.8386
vn -0.8653 -0.0000 -0.5013
vn 0.9886 -0.0000 -0.1507
vn 0.1434 -0.0000 -0.9897
vn 0.3946 -0.0000 -0.9188
vn -0.9957 -0.0000 0.0931
vn 0.7812 -0.0000 -0.6243
vn 0.8346 -0.0000 -0.5508
vn 0.6896 -0.0000 0.7242
vn 0.9868 -0.0000 0.1618
vn -0.1434 -0.0000 0.9897
vn 0.0350 -0.9994 -0.0014
vn 0.0006 -0.9990 -0.0455
vn -0.0811 -0.9967 0.0036
vn 0.0038 -0.9994 -0.0350
vn 0.0319 -0.9994 0.0119
vn 0.0190 -0.9980 0.0596
vn 0.0029 -0.9998 -0.0200
vn 0.0439 -0.9990 -0.0106
vn 0.0582 -0.9983 -0.0058
vn -0.0403 -0.9978 -0.0519
vn 0.0324 -0.9994 0.0103
vn 0.0170 -0.9960 -0.0875
vn 0.0116 -0.9994 -0.0340
vn 0.0118 -0.9995 -0.0285
vn -0.0221 -0.9992 0.0336
vn 0.0080 -0.9998 -0.0186
vn 0.0648 -0.9978 0.0115
vn 0.0465 -0.9989 -0.0024
vn -0.0417 -0.9991 -0.0001
vn -0.0299 -0.9994 -0.0160
vn 0.0119 -0.9994 -0.0335
vn 0.0204 -0.9994 -0.0286
vn 0.0125 -0.9998 -0.0159
vn 0.0406 -0.9991 0.0119
vn 0.0488 -0.9986 0.0221
vn 0.0418 -0.9991 0.0089
vn 0.0240 -0.9993 -0.0269
vn 0.0120 -0.9989 0.0452
vn -0.0218 -0.9986 0.0487
vn 0.0077 -0.9981 -0.0611
vn 0.0834 -0.9951 -0.0532
vn -0.0198 -0.9989 -0.0414
vn 0.0228 -0.9993 -0.0286
vn -0.0512 -0.9984 -0.0229
vn 0.0318 -0.9993 -0.0206
vn 0.0267 -0.9993 0.0257
vn 0.0276 -0.9993 -0.0249
vn -0.0943 -0.9950 -0.0325
vn 0.0221 -0.9990 -0.0381
vn 0.0162 -0.9998 -0.0121
vn 0.0417 -0.9988 0.0255
vn 0.0504 -0.9979 0.0413
vn 0.0438 -0.9988 0.0223
vn -0.0676 -0.9977 -0.0012
vn 0.0503 -0.9975 -0.0495
vn 0.0233 -0.9985 0.0487
vn -0.0328 -0.9994 -0.0128
vn 0.0320 -0.9993 -0.0189
vn 0.0331 -0.9993 -0.0168
vn -0.0308 -0.9992 -0.0242
vn 0.0188 -0.9998 -0.0075
vn 0.0357 -0.9981 0.0511
vn 0.0353 -0.9983 0.0473
vn -0.0120 -0.9989 0.0446
vn -0.0313 -0.9995 0.0098
vn 0.0182 -0.9993 -0.0318
vn -0.0075 -0.9982 0.0598
vn 0.0315 -0.9995 -0.0048
vn 0.0212 -0.9993 0.0321
vn 0.0211 -0.9990 0.0388
vn 0.0352 -0.9994 -0.0036
vn 0.0224 -0.9992 0.0345
vn 0.0090 -0.9993 0.0355
vn 0.0373 -0.9993 0.0007
vn 0.0359 -0.9983 0.0463
vn 0.0316 -0.9995 0.0023
vn 0.0220 -0.9993 -0.0315
vn 0.0124 -0.9991 0.0407
vn 0.0077 -0.9983 0.0575
vn -0.0066 -0.9955 0.0944
vn -0.0422 -0.9983 -0.0406
vn -0.0314 -0.9990 -0.0322
vn -0.0300 -0.9991 -0.0315
vn 0.0132 -0.9993 0.0364
vn -0.0413 -0.9991 0.0049
vn 0.0214 -0.9984 -0.0524
vn 0.0693 -0.9976 -0.0082
vn 0.0255 -0.9992 0.0299
vn 0.0433 -0.9987 0.0258
vn 0.0025 -0.9991 0.0422
vn -0.0012 -0.9988 0.0494
vn -0.0107 -0.9978 0.0653
vn -0.0347 -0.9994 -0.0062
vn 0.0409 -0.9991 0.0110
vn 0.0321 -0.9993 0.0186
vn 0.0282 -0.9994 0.0189
vn 0.0298 -0.9991 -0.0297
vn 0.0424 -0.9988 0.0246
vn -0.0098 -0.9991 0.0420
vn -0.0225 -0.9983 0.0546
vn -0.0620 -0.9943 0.0869
vn -0.0067 -0.9993 -0.0362
vn 0.0606 -0.9979 0.0247
vn 0.0532 -0.9986 0.0067
vn 0.0109 -0.9993 0.0350
vn -0.0060 -0.9985 0.0540
vn 0.0260 -0.9993 0.0258
vn 0.0200 -0.9984 0.0530
vn 0.0040 -0.9959 0.0909
vn 0.0220 -0.9995 0.0244
vn -0.0339 -0.9993 -0.0173
vn 0.0355 -0.9992 -0.0178
vn -0.0169 -0.9993 0.0338
vn -0.0225 -0.9991 0.0369
vn -0.0349 -0.9985 0.0427
vn -0.0660 -0.9963 0.0544
vn 0.0186 -0.9995 0.0259
vn 0.0179 -0.9993 0.0325
vn -0.0001 -0.9989 0.0477
vn 0.0151 -0.9994 0.0317
vn -0.0238 -0.9994 0.0268
vn -0.0294 -0.9992 0.0280
vn -0.0474 -0.9984 0.0305
vn -0.0090 -0.9993 -0.0355
vn 0.0347 -0.9993 -0.0113
vn -0.0358 -0.9993 -0.0130
vn -0.0360 -0.9992 -0.0155
vn -0.0035 -0.9992 0.0408
vn 0.0354 -0.9993 -0.0110
vn 0.0086 -0.9993 0.0357
vn -0.0345 -0.9944 0.0999
vn 0.0043 -0.9995 0.0329
vn 0.0666 -0.9966 0.0475
vn -0.0351 -0.9991 0.0232
vn -0.0431 -0.9988 0.0235
vn 0.0355 -0.9993 -0.0091
vn -0.0072 -0.9947 -0.1025
vn -0.0595 -0.9980 0.0227
vn -0.0012 -0.9994 -0.0359
vn -0.0011 -0.9993 0.0370
vn -0.0032 -0.9994 0.0339
vn -0.0372 -0.9992 0.0113
vn 0.0344 -0.9991 0.0240
vn -0.0053 -0.9994 0.0339
vn -0.0057 -0.9985 -0.0551
vn -0.0367 -0.9993 0.0081
vn -0.0520 -0.9980 -0.0354
vn -0.0326 -0.9993 0.0187
vn -0.0106 -0.9994 0.0322
vn 0.0436 -0.9990 0.0037
vn -0.0413 -0.9991 0.0025
vn -0.0630 -0.9980 -0.0103
vn 0.0338 -0.9984 -0.0459
vn -0.0309 -0.9955 -0.0899
vn -0.0190 -0.9993 0.0318
vn -0.0202 -0.9994 0.0298
vn 0.0438 -0.9985 0.0332
vn -0.0192 -0.9995 0.0255
vn -0.0405 -0.9991 -0.0094
vn -0.0006 -0.9989 0.0466
vn -0.0518 -0.9984 -0.0213
vn 0.0047 -0.9992 0.0394
vn 0.0720 -0.9936 0.0874
vn 0.0625 -0.9926 -0.1038
vn -0.0249 -0.9994 0.0259
vn -0.0271 -0.9993 0.0246
vn 0.0763 -0.9971 -0.0034
vn 0.0599 -0.9976 0.0352
vn 0.1097 -0.9927 -0.0500
vn 0.0349 -0.9993 0.0126
vn -0.0345 -0.9993 -0.0172
vn -0.0378 -0.9990 -0.0231
vn -0.0474 -0.9980 -0.0430
vn -0.0365 -0.9993 -0.0031
vn 0.0304 -0.9991 0.0305
vn -0.0483 -0.9973 -0.0560
vn -0.0172 -0.9993 -0.0317
vn -0.0297 -0.9994 0.0185
vn -0.0327 -0.9993 0.0175
vn -0.0284 -0.9993 -0.0252
vn -0.0366 -0.9993 0.0010
vn -0.0324 -0.9985 -0.0452
vn -0.0309 -0.9995 0.0117
vn -0.0374 -0.9981 0.0493
vn -0.0544 -0.9968 0.0594
vn -0.0388 -0.9976 0.0571
vn -0.0341 -0.9994 -0.0079
vn 0.0251 -0.9995 -0.0196
vn -0.0286 -0.9993 0.0229
vn -0.0355 -0.9993 0.0090
vn -0.0360 -0.9993 0.0071
vn -0.0367 -0.9993 0.0054
vn -0.0313 -0.9994 -0.0140
vn 0.0029 -0.9993 -0.0372
vn -0.0215 -0.9992 -0.0325
vn -0.0215 -0.9990 -0.0394
vn -0.0582 -0.9980 0.0235
vn -0.0422 -0.9990 -0.0114
vn -0.0327 -0.9993 -0.0194
vn -0.0187 -0.9994 -0.0307
vn -0.0205 -0.9980 0.0590
vn -0.0304 -0.9994 0.0142
vn -0.0350 -0.9994 -0.0012
vn -0.0242 -0.9994 -0.0238
vn -0.0350 -0.9994 -0.0038
vn 0.0464 -0.9988 -0.0124
vn 0.0199 -0.9993 0.0315
vn -0.0200 -0.9998 -0.0029
vn -0.0077 -0.9983 -0.0575
vn -0.0033 -0.9976 -0.0689
vn 0.0350 -0.9994 -0.0018
vn -0.0178 -0.9991 -0.0381
vn 0.0239 -0.9995 0.0209
vn 0.0334 -0.9993 0.0168
vn -0.0332 -0.9994 -0.0111
vn -0.0481 -0.9988 -0.0012
vn -0.0186 -0.9998 -0.0080
vn 0.0069 -0.9986 -0.0529
vn -0.0122 -0.9990 -0.0421
vn 0.0086 -0.9980 0.0624
vn -0.0363 -0.9993 0.0067
vn -0.0279 -0.9995 -0.0175
vn -0.0270 -0.9995 -0.0188
vn -0.0309 -0.9990 -0.0310
vn -0.0348 -0.9991 -0.0229
vn -0.0136 -0.9992 0.0375
vn -0.0263 -0.9995 -0.0203
vn -0.0188 -0.9997 -0.0160
vn -0.0158 -0.9998 -0.0125
vn 0.0286 -0.9972 -0.0695
vn -0.0342 -0.9993 0.0154
vn 0.0247 -0.9983 -0.0528
vn 0.0243 -0.9993 0.0288
vn -0.0439 -0.9985 0.0341
vn -0.0228 -0.9994 -0.0265
vn -0.0505 -0.9987 0.0067
vn -0.0139 -0.9997 -0.0183
vn -0.0121 -0.9998 -0.0162
vn 0.0366 -0.9982 -0.0478
vn 0.0380 -0.9981 -0.0485
vn -0.0257 -0.9995 0.0207
vn 0.0238 -0.9981 0.0566
vn -0.0614 -0.9978 0.0232
vn -0.0160 -0.9993 -0.0337
vn -0.0245 -0.9988 -0.0426
vn -0.0329 -0.9995 0.0031
vn -0.0129 -0.9994 -0.0319
vn -0.0075 -0.9998 -0.0188
vn 0.0498 -0.9980 -0.0384
vn -0.0138 -0.9993 0.0353
vn 0.0713 -0.9955 0.0620
vn 0.0322 -0.9986 -0.0425
vn -0.0088 -0.9993 -0.0356
vn -0.0049 -0.9993 -0.0370
vn 0.0024 -0.9991 -0.0412
vn -0.0024 -0.9998 -0.0201
vn 0.0586 -0.9980 -0.0221
vn 0.0557 -0.9982 -0.0224
vn 0.0372 -0.9992 -0.0124
vn 0.0428 -0.9991 -0.0014
vn 0.0162 -0.9993 -0.0331
vn -0.0696 -0.9970 0.0337
vn 0.0324 -0.9995 0.0059
vn 0.0198 -0.9993 -0.0311
vn -0.0463 -0.9966 -0.0686
vn 0.0363 -0.9993 0.0074
vn 0.0374 -0.9991 0.0187
vn 0.0115 -0.9995 0.0288
vn 0.0166 -0.9992 0.0356
vn 0.0294 -0.9995 -0.0125
vn 0.0302 -0.9991 0.0283
vn 0.0331 -0.9994 -0.0122
vn 0.0199 -0.9974 -0.0693
vn -0.0065 -0.9993 -0.0367
vn 0.0311 -0.9995 -0.0063
vn 0.0201 -0.9998 -0.0024
vn 0.0406 -0.9991 -0.0072
vn 0.0226 -0.9990 0.0392
vn 0.0351 -0.9990 -0.0281
vn 0.0802 -0.9967 -0.0152
vn 0.0425 -0.9986 -0.0308
vn 0.0200 -0.9998 0.0029
vn 0.0138 -0.9992 -0.0381
vn 0.0362 -0.9993 0.0091
vn 0.0019 -0.9994 0.0359
vn 0.0186 -0.9998 0.0080
vn -0.0340 -0.9987 0.0377
vn -0.0635 -0.9978 0.0165
vn 0.0272 -0.9994 0.0210
vn 0.0159 -0.9998 0.0125
vn -0.0384 -0.9992 0.0079
vn 0.0417 -0.9989 -0.0227
vn 0.0504 -0.9956 0.0790
vn 0.0208 -0.9995 0.0255
vn 0.0317 -0.9995 0.0041
vn 0.0121 -0.9998 0.0162
vn -0.0209 -0.9985 -0.0498
vn 0.0407 -0.9991 -0.0089
vn 0.0088 -0.9993 -0.0360
vn 0.0293 -0.9952 0.0929
vn 0.0075 -0.9998 0.0188
vn -0.0246 -0.9993 -0.0292
vn -0.0520 -0.9986 0.0071
vn 0.0061 -0.9995 0.0323
vn 0.0024 -0.9998 0.0201
vn 0.0317 -0.9994 0.0136
vn -0.0029 -0.9993 -0.0361
vn -0.0077 -0.9993 0.0363
vn 0.0253 -0.9994 -0.0255
vn -0.0029 -0.9998 0.0200
vn 0.0846 -0.9961 0.0234
vn -0.0347 -0.9990 0.0297
vn -0.0202 -0.9992 0.0340
vn -0.0444 -0.9987 -0.0264
vn -0.0131 -0.9994 0.0317
vn -0.0080 -0.9998 0.0186
vn -0.0358 -0.9993 0.0130
vn 0.0011 -0.9994 -0.0350
vn -0.0031 -0.9994 -0.0359
vn -0.0123 -0.9993 0.0346
vn 0.0337 -0.9992 -0.0235
vn -0.0125 -0.9998 0.0159
vn -0.0233 -0.9993 0.0278
vn 0.0540 -0.9985 0.0007
vn 0.0283 -0.9993 -0.0238
vn -0.0099 -0.9995 -0.0301
vn -0.0162 -0.9998 0.0121
vn -0.0288 -0.9994 0.0204
vn 0.0516 -0.9987 0.0001
vn 0.0117 -0.9991 -0.0416
vn -0.0119 -0.9990 0.0421
vn -0.0188 -0.9998 0.0075
vn -0.0167 -0.9993 0.0334
vn -0.0554 -0.9984 -0.0070
vn -0.0445 -0.9984 -0.0350
vn 0.0339 -0.9978 -0.0576
vn 0.0385 -0.9992 0.0056
vn -0.0201 -0.9998 0.0024
vn -0.0163 -0.9963 -0.0841
vn 0.0362 -0.9992 0.0156
vn 0.0866 -0.9962 0.0061
vn -0.0124 -0.9991 -0.0407
vn 0.0300 -0.9993 -0.0201
vn -0.0338 -0.9994 -0.0095
vn -0.0013 -0.9992 -0.0401
vn 0.0071 -0.9992 0.0398
vn -0.0353 -0.9967 -0.0725
vn -0.0412 -0.9991 -0.0019
vn 0.0115 -0.9987 -0.0492
vn 0.0586 -0.9980 -0.0247
vn -0.0110 -0.9991 -0.0411
vn -0.0310 -0.9992 0.0261
vn -0.0205 -0.9983 -0.0542
vn 0.0206 -0.9990 -0.0385
vn -0.0204 -0.9993 -0.0299
vn 0.0122 -0.9989 -0.0453
vn -0.0626 -0.9978 -0.0218
vn -0.0118 -0.9993 -0.0364
vn -0.0333 -0.9989 0.0332
vn -0.0526 -0.9984 -0.0224
vn 0.0307 -0.9990 -0.0328
vn -0.0078 -0.9994 0.0330
vn 0.0256 -0.9993 0.0263
vn 0.0055 -0.9995 -0.0326
vn 0.0341 -0.9992 -0.0225
vn -0.0000 1.0000 -0.0000
vt 0.000000 0.000000
s 0
f 1281/1/1 1105/1/1 931/1/1 921/1/1
f 1292/1/2 1290/1/2 929/1/2 937/1/2
f 1290/1/3 1291/1/3 938/1/3 929/1/3
f 1293/1/4 1213/1/4 848/1/4 882/1/4
f 1307/1/5 1323/1/5 960/1/5 945/1/5
f 1294/1/6 1292/1/6 937/1/6 932/1/6
f 1245/1/7 1239/1/7 888/1/7 854/1/7
f 1297/1/8 1294/1/8 932/1/8 930/1/8
f 1249/1/9 1235/1/9 841/1/9 840/1/9
f 1250/1/10 1251/1/10 901/1/10 902/1/10
f 1089/1/11 1088/1/11 969/1/11 1005/1/11
f 1235/1/12 1231/1/12 855/1/12 841/1/12
f 1246/1/13 1247/1/13 899/1/13 898/1/13
f 1199/1/14 1248/1/14 873/1/14 872/1/14
f 1234/1/15 1236/1/15 877/1/15 871/1/15
f 1244/1/16 1245/1/16 854/1/16 889/1/16
f 1242/1/17 1243/1/17 919/1/17 910/1/17
f 1241/1/18 1217/1/18 874/1/18 875/1/18
f 1102/1/19 1098/1/19 963/1/19 993/1/19
f 1090/1/20 1095/1/20 1010/1/20 1011/1/20
f 1255/1/21 1256/1/21 844/1/21 886/1/21
f 1091/1/22 1090/1/22 1011/1/22 1019/1/22
f 1239/1/23 1240/1/23 897/1/23 888/1/23
f 1238/1/24 1120/1/24 908/1/24 916/1/24
f 1236/1/25 1237/1/25 876/1/25 877/1/25
f 640/1/26 639/1/26 743/1/26 744/1/26
f 695/1/27 694/1/27 798/1/27 799/1/27
f 691/1/28 690/1/28 794/1/28 795/1/28
f 639/1/29 638/1/29 742/1/29 743/1/29
f 693/1/30 692/1/30 796/1/30 797/1/30
f 694/1/31 693/1/31 797/1/31 798/1/31
f 643/1/32 642/1/32 746/1/32 747/1/32
f 690/1/33 689/1/33 793/1/33 794/1/33
f 638/1/34 637/1/34 741/1/34 742/1/34
f 688/1/35 687/1/35 791/1/35 792/1/35
f 689/1/36 688/1/36 792/1/36 793/1/36
f 631/1/37 630/1/37 734/1/37 735/1/37
f 632/1/38 631/1/38 735/1/38 736/1/38
f 642/1/39 641/1/39 745/1/39 746/1/39
f 633/1/40 632/1/40 736/1/40 737/1/40
f 637/1/41 636/1/41 740/1/41 741/1/41
f 636/1/42 635/1/42 739/1/42 740/1/42
f 1315/1/43 1310/1/43 978/1/43 947/1/43
f 1309/1/44 1271/1/44 900/1/44 890/1/44
f 1097/1/45 1130/1/45 949/1/45 955/1/45
f 1326/1/46 1096/1/46 967/1/46 999/1/46
f 1248/1/47 1233/1/47 870/1/47 873/1/47
f 1323/1/48 1324/1/48 959/1/48 960/1/48
f 1237/1/49 1241/1/49 875/1/49 876/1/49
f 1117/1/50 1311/1/50 952/1/50 981/1/50
f 1204/1/51 1286/1/51 863/1/51 824/1/51
f 1312/1/52 1111/1/52 962/1/52 980/1/52
f 1214/1/53 1255/1/53 886/1/53 842/1/53
f 1322/1/54 1124/1/54 942/1/54 958/1/54
f 1320/1/55 1322/1/55 958/1/55 983/1/55
f 1318/1/56 1320/1/56 983/1/56 979/1/56
f 1233/1/57 1234/1/57 871/1/57 870/1/57
f 1317/1/58 1318/1/58 979/1/58 957/1/58
f 1113/1/59 1313/1/59 934/1/59 923/1/59
f 1311/1/60 1312/1/60 980/1/60 952/1/60
f 1278/1/61 1309/1/61 890/1/61 892/1/61
f 1308/1/62 1306/1/62 984/1/62 944/1/62
f 1306/1/63 1307/1/63 945/1/63 984/1/63
f 1291/1/64 1305/1/64 939/1/64 938/1/64
f 1263/1/65 1246/1/65 898/1/65 847/1/65
f 1302/1/5 1303/1/5 928/1/5 927/1/5
f 1303/1/66 1304/1/66 935/1/66 928/1/66
f 1273/1/67 1274/1/67 891/1/67 894/1/67
f 1254/1/68 1228/1/68 850/1/68 849/1/68
f 1259/1/69 1297/1/69 930/1/69 922/1/69
f 684/1/70 683/1/70 787/1/70 788/1/70
f 1283/1/71 1282/1/71 1075/1/71 837/1/71
f 1206/1/72 1289/1/72 866/1/72 868/1/72
f 1203/1/73 1169/1/73 830/1/73 1051/1/73
f 1288/1/74 1238/1/74 916/1/74 915/1/74
f 1287/1/59 1288/1/59 915/1/59 914/1/59
f 1298/1/75 1244/1/75 889/1/75 895/1/75
f 1268/1/76 1287/1/76 914/1/76 893/1/76
f 1286/1/77 1189/1/77 1073/1/77 863/1/77
f 1272/1/78 1250/1/78 902/1/78 896/1/78
f 1284/1/79 1285/1/79 917/1/79 918/1/79
f 1301/1/80 1302/1/80 927/1/80 936/1/80
f 1186/1/81 1173/1/81 828/1/81 867/1/81
f 1209/1/82 1283/1/82 837/1/82 835/1/82
f 1282/1/83 1180/1/83 864/1/83 1075/1/83
f 1305/1/84 1101/1/84 946/1/84 939/1/84
f 1280/1/85 1281/1/85 921/1/85 920/1/85
f 1265/1/86 1126/1/86 905/1/86 904/1/86
f 1181/1/87 1279/1/87 836/1/87 827/1/87
f 1279/1/88 1219/1/88 838/1/88 836/1/88
f 1277/1/89 1278/1/89 892/1/89 856/1/89
f 1240/1/55 1275/1/55 903/1/55 897/1/55
f 1275/1/90 1277/1/90 856/1/90 903/1/90
f 1226/1/91 1176/1/91 862/1/91 833/1/91
f 1276/1/92 1192/1/92 834/1/92 1055/1/92
f 1100/1/93 1321/1/93 953/1/93 948/1/93
f 1177/1/94 1276/1/94 1055/1/94 1070/1/94
f 1321/1/80 1319/1/80 941/1/80 953/1/80
f 1299/1/95 1298/1/95 895/1/95 845/1/95
f 1314/1/96 1315/1/96 947/1/96 950/1/96
f 1304/1/97 1109/1/97 926/1/97 935/1/97
f 1289/1/98 1208/1/98 869/1/98 866/1/98
f 1243/1/99 1280/1/99 920/1/99 919/1/99
f 1316/1/100 1317/1/100 957/1/100 940/1/100
f 1274/1/101 1266/1/101 860/1/101 891/1/101
f 641/1/102 640/1/102 744/1/102 745/1/102
f 1178/1/103 1139/1/103 1061/1/103 1062/1/103
f 692/1/104 691/1/104 795/1/104 796/1/104
f 1251/1/105 1273/1/105 894/1/105 901/1/105
f 687/1/106 686/1/106 790/1/106 791/1/106
f 1145/1/107 1148/1/107 1040/1/107 1035/1/107
f 1325/1/108 1118/1/108 951/1/108 961/1/108
f 1261/1/109 1253/1/109 843/1/109 851/1/109
f 1137/1/110 1154/1/110 1029/1/110 1030/1/110
f 1230/1/111 1222/1/111 1065/1/111 1063/1/111
f 1231/1/112 1232/1/112 846/1/112 855/1/112
f 1227/1/113 1230/1/113 1063/1/113 1054/1/113
f 1086/1/114 1091/1/114 1019/1/114 1018/1/114
f 1125/1/115 1270/1/115 857/1/115 858/1/115
f 1327/1/116 1326/1/116 999/1/116 966/1/116
f 1324/1/117 1325/1/117 961/1/117 959/1/117
f 1129/1/118 1314/1/118 950/1/118 943/1/118
f 1269/1/119 1267/1/119 859/1/119 906/1/119
f 1103/1/120 1327/1/120 966/1/120 998/1/120
f 1271/1/121 1272/1/121 896/1/121 900/1/121
f 1155/1/122 1077/1/122 1012/1/122 1013/1/122
f 1267/1/123 1268/1/123 893/1/123 859/1/123
f 1196/1/124 1163/1/124 1017/1/124 1016/1/124
f 635/1/125 634/1/125 738/1/125 739/1/125
f 1266/1/126 1264/1/126 861/1/126 860/1/126
f 1119/1/127 1257/1/127 907/1/127 909/1/127
f 1264/1/128 1265/1/128 904/1/128 861/1/128
f 1115/1/129 1262/1/129 990/1/129 986/1/129
f 1092/1/130 1104/1/130 987/1/130 988/1/130
f 1270/1/131 1269/1/131 906/1/131 857/1/131
f 1262/1/132 1093/1/132 989/1/132 990/1/132
f 1127/1/133 1134/1/133 995/1/133 996/1/133
f 1260/1/134 1261/1/134 851/1/134 853/1/134
f 1258/1/135 1260/1/135 853/1/135 887/1/135
f 1300/1/136 1301/1/136 936/1/136 924/1/136
f 1310/1/137 1308/1/137 944/1/137 978/1/137
f 1319/1/138 1295/1/138 954/1/138 941/1/138
f 1296/1/139 1316/1/139 940/1/139 982/1/139
f 1256/1/140 1258/1/140 887/1/140 844/1/140
f 1285/1/141 1300/1/141 924/1/141 917/1/141
f 1108/1/142 1259/1/142 922/1/142 925/1/142
f 1313/1/143 1284/1/143 918/1/143 934/1/143
f 1216/1/144 1293/1/144 882/1/144 885/1/144
f 1232/1/145 1263/1/145 847/1/145 846/1/145
f 1295/1/146 1296/1/146 982/1/146 954/1/146
f 1257/1/5 1252/1/5 913/1/5 907/1/5
f 1247/1/147 1299/1/147 845/1/147 899/1/147
f 1225/1/148 1215/1/148 884/1/148 883/1/148
f 1101/1/149 1100/1/149 948/1/149 946/1/149
f 1224/1/150 1227/1/150 1054/1/150 1069/1/150
f 1104/1/151 1103/1/151 998/1/151 987/1/151
f 1110/1/152 1106/1/152 992/1/152 991/1/152
f 1105/1/153 1114/1/153 933/1/153 931/1/153
f 1121/1/154 1107/1/154 965/1/154 994/1/154
f 1109/1/155 1108/1/155 925/1/155 926/1/155
f 1223/1/156 1226/1/156 833/1/156 832/1/156
f 1112/1/157 1128/1/157 968/1/157 997/1/157
f 1212/1/158 1225/1/158 883/1/158 881/1/158
f 1111/1/159 1110/1/159 991/1/159 962/1/159
f 1116/1/160 1115/1/160 986/1/160 964/1/160
f 1205/1/161 1224/1/161 1069/1/161 1068/1/161
f 1114/1/162 1113/1/162 923/1/162 933/1/162
f 1118/1/163 1117/1/163 981/1/163 951/1/163
f 1170/1/164 1223/1/164 832/1/164 831/1/164
f 1122/1/165 1121/1/165 994/1/165 970/1/165
f 1120/1/166 1119/1/166 909/1/166 908/1/166
f 1124/1/167 1123/1/167 956/1/167 942/1/167
f 1221/1/168 1198/1/168 879/1/168 839/1/168
f 1128/1/169 1127/1/169 996/1/169 968/1/169
f 1222/1/170 1182/1/170 1064/1/170 1065/1/170
f 1126/1/171 1125/1/171 858/1/171 905/1/171
f 1220/1/172 1221/1/172 839/1/172 878/1/172
f 1130/1/173 1129/1/173 943/1/173 949/1/173
f 1132/1/174 1131/1/174 911/1/174 912/1/174
f 1134/1/175 1133/1/175 973/1/175 995/1/175
f 630/1/176 629/1/176 733/1/176 734/1/176
f 1190/1/177 1218/1/177 1071/1/177 1056/1/177
f 629/1/178 628/1/178 732/1/178 733/1/178
f 1219/1/179 1220/1/179 878/1/179 838/1/179
f 1218/1/180 1202/1/180 1057/1/180 1071/1/180
f 681/1/181 680/1/181 784/1/181 785/1/181
f 628/1/182 627/1/182 731/1/182 732/1/182
f 1217/1/183 1211/1/183 880/1/183 874/1/183
f 680/1/184 679/1/184 783/1/184 784/1/184
f 1175/1/185 1171/1/185 1059/1/185 1046/1/185
f 627/1/186 626/1/186 730/1/186 731/1/186
f 679/1/187 678/1/187 782/1/187 783/1/187
f 678/1/188 677/1/188 781/1/188 782/1/188
f 677/1/189 676/1/189 780/1/189 781/1/189
f 626/1/190 625/1/190 729/1/190 730/1/190
f 1215/1/191 1216/1/191 885/1/191 884/1/191
f 1201/1/192 1174/1/192 1058/1/192 1050/1/192
f 676/1/193 675/1/193 779/1/193 780/1/193
f 1213/1/194 1214/1/194 842/1/194 848/1/194
f 625/1/195 624/1/195 728/1/195 729/1/195
f 1210/1/196 1195/1/196 1044/1/196 1043/1/196
f 675/1/197 674/1/197 778/1/197 779/1/197
f 624/1/198 623/1/198 727/1/198 728/1/198
f 1211/1/199 1212/1/199 881/1/199 880/1/199
f 674/1/200 673/1/200 777/1/200 778/1/200
f 622/1/201 621/1/201 725/1/201 726/1/201
f 623/1/202 622/1/202 726/1/202 727/1/202
f 620/1/203 619/1/203 723/1/203 724/1/203
f 1207/1/204 1210/1/204 1043/1/204 1042/1/204
f 621/1/205 620/1/205 724/1/205 725/1/205
f 673/1/206 672/1/206 776/1/206 777/1/206
f 671/1/207 670/1/207 774/1/207 775/1/207
f 670/1/208 669/1/208 773/1/208 774/1/208
f 619/1/209 618/1/209 722/1/209 723/1/209
f 1208/1/210 1209/1/210 835/1/210 869/1/210
f 616/1/211 719/1/211 823/1/211 720/1/211
f 669/1/212 668/1/212 772/1/212 773/1/212
f 1079/1/213 1207/1/213 1042/1/213 1041/1/213
f 668/1/214 667/1/214 771/1/214 772/1/214
f 617/1/215 616/1/215 720/1/215 721/1/215
f 618/1/216 617/1/216 721/1/216 722/1/216
f 718/1/217 717/1/217 821/1/217 822/1/217
f 667/1/218 666/1/218 770/1/218 771/1/218
f 1166/1/219 1206/1/219 868/1/219 829/1/219
f 719/1/220 718/1/220 822/1/220 823/1/220
f 716/1/221 715/1/221 819/1/221 820/1/221
f 717/1/222 716/1/222 820/1/222 821/1/222
f 1167/1/223 1205/1/223 1068/1/223 1060/1/223
f 666/1/224 665/1/224 769/1/224 770/1/224
f 1093/1/225 1092/1/225 988/1/225 989/1/225
f 665/1/226 664/1/226 768/1/226 769/1/226
f 634/1/227 633/1/227 737/1/227 738/1/227
f 1197/1/228 1204/1/228 824/1/228 826/1/228
f 664/1/229 663/1/229 767/1/229 768/1/229
f 1153/1/230 1200/1/230 1049/1/230 1048/1/230
f 1098/1/231 1116/1/231 964/1/231 963/1/231
f 715/1/232 714/1/232 818/1/232 819/1/232
f 1096/1/233 1099/1/233 985/1/233 967/1/233
f 1202/1/234 1203/1/234 1051/1/234 1057/1/234
f 1200/1/235 1201/1/235 1050/1/235 1049/1/235
f 686/1/236 685/1/236 789/1/236 790/1/236
f 1095/1/237 1094/1/237 1003/1/237 1010/1/237
f 1198/1/238 1199/1/238 872/1/238 879/1/238
f 682/1/239 681/1/239 785/1/239 786/1/239
f 663/1/240 662/1/240 766/1/240 767/1/240
f 672/1/241 671/1/241 775/1/241 776/1/241
f 714/1/242 713/1/242 817/1/242 818/1/242
f 683/1/243 682/1/243 786/1/243 787/1/243
f 662/1/244 661/1/244 765/1/244 766/1/244
f 685/1/245 684/1/245 788/1/245 789/1/245
f 1194/1/246 1197/1/246 826/1/246 1074/1/246
f 713/1/247 712/1/247 816/1/247 817/1/247
f 712/1/248 711/1/248 815/1/248 816/1/248
f 1159/1/249 1196/1/249 1016/1/249 977/1/249
f 661/1/250 660/1/250 764/1/250 765/1/250
f 1191/1/251 1136/1/251 1021/1/251 1022/1/251
f 1195/1/252 1158/1/252 1036/1/252 1044/1/252
f 660/1/253 659/1/253 763/1/253 764/1/253
f 1183/1/254 1161/1/254 1052/1/254 1067/1/254
f 711/1/255 710/1/255 814/1/255 815/1/255
f 1193/1/158 1194/1/158 1074/1/158 825/1/158
f 659/1/256 658/1/256 762/1/256 763/1/256
f 1188/1/257 1191/1/257 1022/1/257 1015/1/257
f 1189/1/258 1185/1/258 1072/1/258 1073/1/258
f 1192/1/259 1193/1/259 825/1/259 834/1/259
f 1184/1/260 1188/1/260 1015/1/260 976/1/260
f 1187/1/261 1190/1/261 1056/1/261 1066/1/261
f 710/1/262 709/1/262 813/1/262 814/1/262
f 1162/1/263 1187/1/263 1066/1/263 1053/1/263
f 658/1/264 657/1/264 761/1/264 762/1/264
f 1179/1/265 1184/1/265 976/1/265 1014/1/265
f 1182/1/230 1183/1/230 1067/1/230 1064/1/230
f 1185/1/266 1186/1/266 867/1/266 1072/1/266
f 709/1/267 708/1/267 812/1/267 813/1/267
f 1094/1/268 1179/1/268 1014/1/268 1003/1/268
f 1172/1/180 1178/1/180 1062/1/180 1045/1/180
f 657/1/269 656/1/269 760/1/269 761/1/269
f 708/1/270 707/1/270 811/1/270 812/1/270
f 1180/1/271 1181/1/271 827/1/271 864/1/271
f 1076/1/272 1168/1/272 1020/1/272 1031/1/272
f 1174/1/273 1175/1/273 1046/1/273 1058/1/273
f 1176/1/274 1177/1/274 1070/1/274 862/1/274
f 1151/1/275 1146/1/275 1033/1/275 1034/1/275
f 656/1/276 655/1/276 759/1/276 760/1/276
f 1171/1/277 1172/1/277 1045/1/277 1059/1/277
f 1173/1/278 1165/1/278 865/1/278 828/1/278
f 707/1/279 706/1/279 810/1/279 811/1/279
f 655/1/280 654/1/280 758/1/280 759/1/280
f 1169/1/281 1170/1/281 831/1/281 830/1/281
f 1168/1/156 1164/1/156 1025/1/156 1020/1/156
f 706/1/282 705/1/282 809/1/282 810/1/282
f 1140/1/283 1167/1/283 1060/1/283 1047/1/283
f 654/1/284 653/1/284 757/1/284 758/1/284
f 1165/1/285 1166/1/285 829/1/285 865/1/285
f 705/1/286 704/1/286 808/1/286 809/1/286
f 1163/1/246 1150/1/246 1024/1/246 1017/1/246
f 1161/1/287 1162/1/287 1053/1/287 1052/1/287
f 653/1/288 652/1/288 756/1/288 757/1/288
f 704/1/289 703/1/289 807/1/289 808/1/289
f 1164/1/290 1160/1/290 1026/1/290 1025/1/290
f 652/1/291 651/1/291 755/1/291 756/1/291
f 1160/1/292 1156/1/292 1027/1/292 1026/1/292
f 1157/1/293 1159/1/293 977/1/293 1032/1/293
f 1142/1/294 1087/1/294 1002/1/294 975/1/294
f 703/1/295 702/1/295 806/1/295 807/1/295
f 1156/1/296 1157/1/296 1032/1/296 1027/1/296
f 1158/1/297 1144/1/297 1037/1/297 1036/1/297
f 1149/1/298 1152/1/298 1038/1/298 1039/1/298
f 651/1/299 650/1/299 754/1/299 755/1/299
f 1154/1/300 1155/1/300 1013/1/300 1029/1/300
f 1088/1/301 1141/1/301 1028/1/301 969/1/301
f 702/1/302 701/1/302 805/1/302 806/1/302
f 1253/1/303 1254/1/303 849/1/303 843/1/303
f 650/1/304 649/1/304 753/1/304 754/1/304
f 701/1/305 700/1/305 804/1/305 805/1/305
f 1152/1/306 1153/1/306 1048/1/306 1038/1/306
f 1147/1/307 1135/1/307 1007/1/307 972/1/307
f 1150/1/308 1151/1/308 1034/1/308 1024/1/308
f 1131/1/309 1242/1/309 910/1/309 911/1/309
f 1143/1/310 1147/1/310 972/1/310 974/1/310
f 649/1/311 648/1/311 752/1/311 753/1/311
f 1146/1/312 1080/1/312 1023/1/312 1033/1/312
f 700/1/313 699/1/313 803/1/313 804/1/313
f 1148/1/314 1149/1/314 1039/1/314 1040/1/314
f 648/1/315 647/1/315 751/1/315 752/1/315
f 1138/1/316 1143/1/316 974/1/316 1001/1/316
f 1144/1/317 1145/1/317 1035/1/317 1037/1/317
f 1141/1/318 1142/1/318 975/1/318 1028/1/318
f 1139/1/319 1140/1/319 1047/1/319 1061/1/319
f 699/1/320 698/1/320 802/1/320 803/1/320
f 1136/1/321 1137/1/321 1030/1/321 1021/1/321
f 647/1/322 646/1/322 750/1/322 751/1/322
f 1133/1/114 1138/1/114 1001/1/114 973/1/114
f 698/1/323 697/1/323 801/1/323 802/1/323
f 1229/1/324 1249/1/324 840/1/324 852/1/324
f 1081/1/325 1085/1/325 1009/1/325 1000/1/325
f 646/1/326 645/1/326 749/1/326 750/1/326
f 697/1/327 696/1/327 800/1/327 801/1/327
f 1135/1/328 1082/1/328 1006/1/328 1007/1/328
f 1077/1/329 1076/1/329 1031/1/329 1012/1/329
f 1252/1/330 1132/1/330 912/1/330 913/1/330
f 645/1/331 644/1/331 748/1/331 749/1/331
f 1078/1/332 1083/1/332 1004/1/332 971/1/332
f 1080/1/333 1079/1/333 1041/1/333 1023/1/333
f 1084/1/334 1078/1/334 971/1/334 1008/1/334
f 1083/1/335 1089/1/335 1005/1/335 1004/1/335
f 1085/1/336 1084/1/336 1008/1/336 1009/1/336
f 696/1/337 695/1/337 799/1/337 800/1/337
f 1082/1/338 1081/1/338 1000/1/338 1006/1/338
f 1107/1/339 1112/1/339 997/1/339 965/1/339
f 644/1/340 643/1/340 747/1/340 748/1/340
f 1106/1/341 1102/1/341 993/1/341 992/1/341
f 1087/1/342 1086/1/342 1018/1/342 1002/1/342
f 1123/1/343 1097/1/343 955/1/343 956/1/343
f 1099/1/344 1122/1/344 970/1/344 985/1/344
f 1228/1/345 1229/1/345 852/1/345 850/1/345
f 486/1/346 693/1/346 694/1/346
f 307/1/347 267/1/347 705/1/347
f 317/1/348 617/1/348 326/1/348
f 718/1/349 284/1/349 717/1/349
f 686/1/350 687/1/350 497/1/350
f 695/1/351 480/1/351 486/1/351
f 279/1/352 717/1/352 281/1/352
f 717/1/353 278/1/353 272/1/353
f 717/1/354 272/1/354 280/1/354
f 304/1/355 709/1/355 303/1/355
f 688/1/356 497/1/356 687/1/356
f 495/1/357 690/1/357 485/1/357
f 715/1/358 273/1/358 714/1/358
f 714/1/359 315/1/359 713/1/359
f 359/1/360 351/1/360 640/1/360
f 314/1/361 713/1/361 311/1/361
f 713/1/362 313/1/362 312/1/362
f 713/1/363 312/1/363 310/1/363
f 330/1/364 621/1/364 323/1/364
f 350/1/365 633/1/365 634/1/365
f 310/1/366 309/1/366 710/1/366
f 710/1/367 309/1/367 709/1/367
f 300/1/368 709/1/368 306/1/368
f 709/1/369 299/1/369 302/1/369
f 709/1/370 302/1/370 301/1/370
f 709/1/371 308/1/371 268/1/371
f 707/1/372 708/1/372 268/1/372
f 381/1/373 653/1/373 409/1/373
f 359/1/374 640/1/374 361/1/374
f 499/1/375 695/1/375 484/1/375
f 452/1/376 677/1/376 470/1/376
f 350/1/377 349/1/377 633/1/377
f 708/1/378 709/1/378 268/1/378
f 270/1/379 269/1/379 717/1/379
f 268/1/380 307/1/380 706/1/380
f 455/1/381 454/1/381 674/1/381
f 706/1/382 307/1/382 705/1/382
f 661/1/383 414/1/383 396/1/383
f 481/1/384 690/1/384 482/1/384
f 266/1/385 704/1/385 504/1/385
f 704/1/386 264/1/386 298/1/386
f 704/1/387 298/1/387 295/1/387
f 704/1/388 297/1/388 258/1/388
f 665/1/389 401/1/389 403/1/389
f 467/1/390 681/1/390 477/1/390
f 395/1/391 427/1/391 658/1/391
f 635/1/392 636/1/392 365/1/392
f 294/1/393 702/1/393 703/1/393
f 702/1/394 294/1/394 701/1/394
f 357/1/395 356/1/395 638/1/395
f 292/1/396 700/1/396 502/1/396
f 700/1/397 253/1/397 255/1/397
f 700/1/398 255/1/398 503/1/398
f 383/1/399 644/1/399 411/1/399
f 387/1/400 647/1/400 648/1/400
f 310/1/401 711/1/401 712/1/401
f 411/1/402 644/1/402 369/1/402
f 695/1/403 696/1/403 263/1/403
f 261/1/404 260/1/404 695/1/404
f 695/1/405 260/1/405 259/1/405
f 694/1/406 695/1/406 486/1/406
f 434/1/407 433/1/407 666/1/407
f 444/1/408 405/1/408 670/1/408
f 500/1/409 692/1/409 693/1/409
f 417/1/410 657/1/410 416/1/410
f 692/1/411 485/1/411 691/1/411
f 481/1/412 496/1/412 690/1/412
f 493/1/413 494/1/413 690/1/413
f 494/1/414 492/1/414 690/1/414
f 690/1/415 492/1/415 483/1/415
f 273/1/416 315/1/416 714/1/416
f 367/1/417 358/1/417 643/1/417
f 649/1/418 384/1/418 385/1/418
f 479/1/419 478/1/419 685/1/419
f 638/1/420 356/1/420 365/1/420
f 482/1/421 690/1/421 495/1/421
f 454/1/422 449/1/422 673/1/422
f 483/1/423 498/1/423 689/1/423
f 405/1/424 443/1/424 670/1/424
f 474/1/425 488/1/425 685/1/425
f 685/1/426 488/1/426 475/1/426
f 475/1/427 487/1/427 685/1/427
f 357/1/428 639/1/428 640/1/428
f 440/1/429 668/1/429 439/1/429
f 478/1/430 683/1/430 684/1/430
f 683/1/431 477/1/431 682/1/431
f 490/1/432 685/1/432 476/1/432
f 438/1/433 665/1/433 437/1/433
f 464/1/434 466/1/434 681/1/434
f 466/1/435 465/1/435 681/1/435
f 681/1/436 465/1/436 473/1/436
f 619/1/437 332/1/437 618/1/437
f 437/1/438 665/1/438 400/1/438
f 439/1/439 668/1/439 432/1/439
f 444/1/440 671/1/440 672/1/440
f 473/1/441 472/1/441 680/1/441
f 680/1/442 472/1/442 679/1/442
f 695/1/443 259/1/443 480/1/443
f 369/1/444 644/1/444 386/1/444
f 679/1/445 470/1/445 678/1/445
f 290/1/446 289/1/446 622/1/446
f 468/1/447 469/1/447 681/1/447
f 446/1/448 445/1/448 677/1/448
f 677/1/449 445/1/449 406/1/449
f 406/1/450 461/1/450 677/1/450
f 677/1/451 461/1/451 456/1/451
f 676/1/452 677/1/452 456/1/452
f 675/1/453 455/1/453 674/1/453
f 379/1/454 649/1/454 376/1/454
f 674/1/455 454/1/455 673/1/455
f 458/1/456 459/1/456 673/1/456
f 673/1/457 459/1/457 450/1/457
f 450/1/458 451/1/458 673/1/458
f 619/1/459 285/1/459 332/1/459
f 258/1/460 294/1/460 703/1/460
f 318/1/461 324/1/461 617/1/461
f 344/1/462 343/1/462 628/1/462
f 379/1/463 372/1/463 649/1/463
f 254/1/464 698/1/464 699/1/464
f 444/1/465 670/1/465 671/1/465
f 685/1/466 487/1/466 479/1/466
f 669/1/467 443/1/467 668/1/467
f 709/1/468 301/1/468 308/1/468
f 447/1/469 431/1/469 668/1/469
f 668/1/470 431/1/470 404/1/470
f 254/1/471 697/1/471 698/1/471
f 484/1/472 695/1/472 263/1/472
f 322/1/473 288/1/473 627/1/473
f 275/1/474 719/1/474 616/1/474
f 434/1/475 666/1/475 667/1/475
f 665/1/476 666/1/476 433/1/476
f 435/1/477 436/1/477 665/1/477
f 438/1/478 429/1/478 665/1/478
f 664/1/479 665/1/479 403/1/479
f 501/1/480 700/1/480 296/1/480
f 374/1/481 413/1/481 651/1/481
f 315/1/482 271/1/482 713/1/482
f 341/1/483 629/1/483 340/1/483
f 663/1/484 402/1/484 662/1/484
f 441/1/485 442/1/485 673/1/485
f 394/1/486 423/1/486 661/1/486
f 399/1/487 414/1/487 661/1/487
f 321/1/488 285/1/488 620/1/488
f 296/1/489 700/1/489 257/1/489
f 660/1/490 428/1/490 659/1/490
f 659/1/491 395/1/491 658/1/491
f 425/1/492 661/1/492 424/1/492
f 657/1/493 658/1/493 427/1/493
f 415/1/494 393/1/494 657/1/494
f 421/1/495 420/1/495 654/1/495
f 393/1/496 392/1/496 657/1/496
f 430/1/497 402/1/497 663/1/497
f 704/1/498 295/1/498 297/1/498
f 629/1/499 337/1/499 345/1/499
f 422/1/500 655/1/500 656/1/500
f 655/1/501 421/1/501 654/1/501
f 432/1/502 668/1/502 443/1/502
f 424/1/503 661/1/503 402/1/503
f 621/1/504 319/1/504 321/1/504
f 440/1/505 448/1/505 668/1/505
f 380/1/506 390/1/506 653/1/506
f 653/1/507 390/1/507 388/1/507
f 388/1/508 389/1/508 653/1/508
f 330/1/509 331/1/509 621/1/509
f 397/1/510 661/1/510 425/1/510
f 303/1/511 709/1/511 309/1/511
f 333/1/512 623/1/512 624/1/512
f 374/1/513 651/1/513 652/1/513
f 651/1/514 413/1/514 650/1/514
f 378/1/515 384/1/515 649/1/515
f 358/1/516 642/1/516 643/1/516
f 385/1/517 371/1/517 649/1/517
f 648/1/518 649/1/518 387/1/518
f 353/1/519 346/1/519 635/1/519
f 339/1/520 630/1/520 348/1/520
f 353/1/521 635/1/521 365/1/521
f 357/1/522 638/1/522 639/1/522
f 704/1/523 705/1/523 267/1/523
f 422/1/524 421/1/524 655/1/524
f 647/1/525 412/1/525 646/1/525
f 646/1/526 408/1/526 645/1/526
f 645/1/527 408/1/527 644/1/527
f 634/1/528 635/1/528 350/1/528
f 316/1/529 273/1/529 715/1/529
f 382/1/530 377/1/530 644/1/530
f 644/1/531 377/1/531 375/1/531
f 668/1/532 457/1/532 398/1/532
f 318/1/533 617/1/533 283/1/533
f 332/1/534 326/1/534 617/1/534
f 333/1/535 624/1/535 625/1/535
f 361/1/536 640/1/536 366/1/536
f 341/1/537 342/1/537 629/1/537
f 642/1/538 366/1/538 641/1/538
f 345/1/539 628/1/539 629/1/539
f 641/1/540 366/1/540 640/1/540
f 463/1/541 677/1/541 462/1/541
f 455/1/542 675/1/542 676/1/542
f 354/1/543 640/1/543 351/1/543
f 640/1/544 355/1/544 364/1/544
f 640/1/545 364/1/545 357/1/545
f 503/1/546 254/1/546 699/1/546
f 305/1/547 306/1/547 709/1/547
f 473/1/548 680/1/548 681/1/548
f 478/1/549 684/1/549 685/1/549
f 365/1/550 636/1/550 637/1/550
f 661/1/551 423/1/551 399/1/551
f 352/1/552 635/1/552 363/1/552
f 635/1/553 362/1/553 360/1/553
f 345/1/554 344/1/554 628/1/554
f 376/1/555 649/1/555 407/1/555
f 358/1/556 366/1/556 642/1/556
f 348/1/557 632/1/557 633/1/557
f 348/1/558 631/1/558 632/1/558
f 277/1/559 713/1/559 271/1/559
f 269/1/560 281/1/560 717/1/560
f 383/1/561 370/1/561 644/1/561
f 630/1/562 631/1/562 348/1/562
f 629/1/563 630/1/563 340/1/563
f 336/1/564 629/1/564 342/1/564
f 629/1/565 338/1/565 337/1/565
f 650/1/566 413/1/566 649/1/566
f 254/1/567 263/1/567 697/1/567
f 397/1/568 426/1/568 661/1/568
f 339/1/569 340/1/569 630/1/569
f 628/1/570 343/1/570 627/1/570
f 665/1/571 436/1/571 401/1/571
f 626/1/572 627/1/572 288/1/572
f 286/1/573 626/1/573 335/1/573
f 626/1/574 287/1/574 334/1/574
f 626/1/575 334/1/575 333/1/575
f 654/1/576 420/1/576 653/1/576
f 409/1/577 653/1/577 391/1/577
f 668/1/578 404/1/578 457/1/578
f 623/1/579 290/1/579 622/1/579
f 305/1/580 709/1/580 304/1/580
f 367/1/581 643/1/581 644/1/581
f 621/1/582 622/1/582 289/1/582
f 325/1/583 621/1/583 331/1/583
f 621/1/584 329/1/584 319/1/584
f 413/1/585 373/1/585 649/1/585
f 416/1/586 657/1/586 427/1/586
f 476/1/587 685/1/587 489/1/587
f 285/1/588 619/1/588 620/1/588
f 412/1/525 408/1/525 646/1/525
f 618/1/589 332/1/589 617/1/589
f 501/1/590 502/1/590 700/1/590
f 274/1/591 617/1/591 324/1/591
f 617/1/592 327/1/592 276/1/592
f 617/1/593 276/1/593 275/1/593
f 279/1/594 278/1/594 717/1/594
f 314/1/595 313/1/595 713/1/595
f 712/1/596 713/1/596 310/1/596
f 322/1/597 627/1/597 343/1/597
f 483/1/598 689/1/598 690/1/598
f 310/1/599 710/1/599 711/1/599
f 265/1/600 704/1/600 267/1/600
f 300/1/601 299/1/601 709/1/601
f 266/1/602 264/1/602 704/1/602
f 672/1/603 673/1/603 451/1/603
f 418/1/604 419/1/604 657/1/604
f 700/1/605 701/1/605 257/1/605
f 292/1/606 253/1/606 700/1/606
f 699/1/607 700/1/607 503/1/607
f 635/1/608 360/1/608 350/1/608
f 293/1/609 504/1/609 704/1/609
f 697/1/610 263/1/610 696/1/610
f 262/1/611 261/1/611 695/1/611
f 463/1/612 453/1/612 677/1/612
f 418/1/613 657/1/613 417/1/613
f 500/1/614 485/1/614 692/1/614
f 460/1/615 673/1/615 449/1/615
f 468/1/616 681/1/616 467/1/616
f 496/1/617 493/1/617 690/1/617
f 291/1/618 262/1/618 695/1/618
f 498/1/619 688/1/619 689/1/619
f 398/1/620 667/1/620 668/1/620
f 491/1/621 474/1/621 685/1/621
f 451/1/622 444/1/622 672/1/622
f 320/1/623 621/1/623 289/1/623
f 681/1/624 682/1/624 477/1/624
f 469/1/625 464/1/625 681/1/625
f 288/1/626 335/1/626 626/1/626
f 617/1/627 328/1/627 327/1/627
f 391/1/628 653/1/628 420/1/628
f 678/1/629 470/1/629 677/1/629
f 691/1/630 485/1/630 690/1/630
f 453/1/631 446/1/631 677/1/631
f 256/1/632 704/1/632 265/1/632
f 498/1/633 497/1/633 688/1/633
f 316/1/634 715/1/634 716/1/634
f 407/1/635 649/1/635 373/1/635
f 442/1/636 458/1/636 673/1/636
f 277/1/637 311/1/637 713/1/637
f 320/1/638 323/1/638 621/1/638
f 670/1/639 443/1/639 669/1/639
f 448/1/640 447/1/640 668/1/640
f 685/1/641 686/1/641 497/1/641
f 275/1/642 616/1/642 617/1/642
f 398/1/643 434/1/643 667/1/643
f 268/1/644 706/1/644 707/1/644
f 429/1/645 435/1/645 665/1/645
f 400/1/646 665/1/646 433/1/646
f 403/1/647 430/1/647 663/1/647
f 408/1/648 386/1/648 644/1/648
f 387/1/649 412/1/649 647/1/649
f 661/1/650 662/1/650 402/1/650
f 426/1/651 394/1/651 661/1/651
f 396/1/652 428/1/652 661/1/652
f 284/1/653 718/1/653 719/1/653
f 275/1/654 284/1/654 719/1/654
f 428/1/655 395/1/655 659/1/655
f 282/1/656 316/1/656 716/1/656
f 419/1/657 415/1/657 657/1/657
f 656/1/658 657/1/658 422/1/658
f 471/1/659 470/1/659 679/1/659
f 490/1/660 491/1/660 685/1/660
f 321/1/661 620/1/661 621/1/661
f 410/1/662 380/1/662 653/1/662
f 652/1/663 653/1/663 374/1/663
f 441/1/664 673/1/664 460/1/664
f 294/1/665 257/1/665 701/1/665
f 456/1/666 455/1/666 676/1/666
f 372/1/667 378/1/667 649/1/667
f 428/1/668 660/1/668 661/1/668
f 317/1/669 283/1/669 617/1/669
f 653/1/670 389/1/670 374/1/670
f 489/1/671 685/1/671 497/1/671
f 478/1/672 477/1/672 683/1/672
f 370/1/673 382/1/673 644/1/673
f 644/1/674 368/1/674 367/1/674
f 486/1/675 500/1/675 693/1/675
f 717/1/676 280/1/676 282/1/676
f 354/1/677 355/1/677 640/1/677
f 258/1/678 703/1/678 704/1/678
f 637/1/679 638/1/679 365/1/679
f 352/1/680 362/1/680 635/1/680
f 381/1/681 410/1/681 653/1/681
f 649/1/682 371/1/682 387/1/682
f 349/1/683 348/1/683 633/1/683
f 336/1/684 338/1/684 629/1/684
f 462/1/685 677/1/685 452/1/685
f 293/1/686 704/1/686 256/1/686
f 347/1/687 363/1/687 635/1/687
f 644/1/688 375/1/688 368/1/688
f 286/1/689 287/1/689 626/1/689
f 625/1/690 626/1/690 333/1/690
f 291/1/691 695/1/691 499/1/691
f 270/1/692 717/1/692 284/1/692
f 333/1/693 290/1/693 623/1/693
f 347/1/694 635/1/694 346/1/694
f 657/1/695 392/1/695 422/1/695
f 325/1/696 329/1/696 621/1/696
f 403/1/697 663/1/697 664/1/697
f 472/1/698 471/1/698 679/1/698
f 282/1/699 716/1/699 717/1/699
f 274/1/700 328/1/700 617/1/700
f 505/1/701 162/1/701 539/1/701
f 36/1/701 539/1/701 43/1/701
f 15/1/701 539/1/701 36/1/701
f 15/1/701 31/1/701 539/1/701
f 35/1/701 30/1/701 534/1/701
f 39/1/701 506/1/701 31/1/701
f 45/1/701 541/1/701 540/1/701
f 92/1/701 91/1/701 583/1/701
f 238/1/701 121/1/701 597/1/701
f 46/1/701 542/1/701 541/1/701
f 44/1/701 543/1/701 542/1/701
f 47/1/701 543/1/701 48/1/701
f 185/1/701 190/1/701 557/1/701
f 42/1/701 543/1/701 47/1/701
f 42/1/701 544/1/701 543/1/701
f 42/1/701 38/1/701 544/1/701
f 148/1/701 544/1/701 38/1/701
f 174/1/701 175/1/701 553/1/701
f 17/1/701 544/1/701 148/1/701
f 17/1/701 545/1/701 544/1/701
f 18/1/701 546/1/701 545/1/701
f 146/1/701 547/1/701 546/1/701
f 41/1/701 547/1/701 164/1/701
f 147/1/701 547/1/701 41/1/701
f 40/1/701 547/1/701 147/1/701
f 40/1/701 548/1/701 547/1/701
f 52/1/701 548/1/701 40/1/701
f 53/1/701 548/1/701 52/1/701
f 53/1/701 549/1/701 548/1/701
f 130/1/701 134/1/701 529/1/701
f 170/1/701 549/1/701 53/1/701
f 170/1/701 550/1/701 549/1/701
f 50/1/701 551/1/701 550/1/701
f 168/1/701 551/1/701 169/1/701
f 168/1/701 507/1/701 551/1/701
f 51/1/701 507/1/701 168/1/701
f 51/1/701 167/1/701 507/1/701
f 174/1/701 552/1/701 167/1/701
f 174/1/701 553/1/701 552/1/701
f 176/1/701 508/1/701 553/1/701
f 66/1/701 554/1/701 508/1/701
f 68/1/701 509/1/701 554/1/701
f 173/1/701 509/1/701 68/1/701
f 172/1/701 509/1/701 173/1/701
f 67/1/701 509/1/701 172/1/701
f 177/1/701 510/1/701 67/1/701
f 60/1/701 510/1/701 177/1/701
f 58/1/701 512/1/701 511/1/701
f 57/1/701 555/1/701 512/1/701
f 54/1/701 63/1/701 555/1/701
f 59/1/701 513/1/701 63/1/701
f 65/1/701 513/1/701 59/1/701
f 65/1/701 514/1/701 513/1/701
f 70/1/701 514/1/701 65/1/701
f 71/1/701 514/1/701 70/1/701
f 71/1/701 62/1/701 514/1/701
f 158/1/701 533/1/701 610/1/701
f 62/1/701 556/1/701 514/1/701
f 179/1/701 557/1/701 556/1/701
f 180/1/701 557/1/701 190/1/701
f 186/1/701 557/1/701 180/1/701
f 186/1/701 516/1/701 515/1/701
f 31/1/701 506/1/701 539/1/701
f 72/1/701 516/1/701 186/1/701
f 547/1/701 145/1/701 164/1/701
f 223/1/701 224/1/701 566/1/701
f 193/1/701 558/1/701 516/1/701
f 214/1/701 558/1/701 193/1/701
f 217/1/701 558/1/701 214/1/701
f 217/1/701 517/1/701 558/1/701
f 194/1/701 518/1/701 517/1/701
f 572/1/701 203/1/701 207/1/701
f 182/1/701 560/1/701 559/1/701
f 187/1/701 182/1/701 559/1/701
f 212/1/701 560/1/701 182/1/701
f 213/1/701 560/1/701 212/1/701
f 213/1/701 196/1/701 560/1/701
f 183/1/701 561/1/701 196/1/701
f 183/1/701 562/1/701 561/1/701
f 197/1/701 563/1/701 562/1/701
f 188/1/701 216/1/701 563/1/701
f 189/1/701 563/1/701 216/1/701
f 189/1/701 564/1/701 563/1/701
f 215/1/701 564/1/701 189/1/701
f 199/1/701 564/1/701 215/1/701
f 223/1/701 564/1/701 199/1/701
f 223/1/701 566/1/701 565/1/701
f 191/1/701 187/1/701 559/1/701
f 225/1/701 567/1/701 566/1/701
f 200/1/701 568/1/701 567/1/701
f 222/1/701 568/1/701 218/1/701
f 222/1/701 221/1/701 568/1/701
f 220/1/701 568/1/701 221/1/701
f 219/1/701 569/1/701 220/1/701
f 219/1/701 570/1/701 569/1/701
f 227/1/701 570/1/701 219/1/701
f 202/1/701 570/1/701 227/1/701
f 228/1/701 203/1/701 570/1/701
f 203/1/701 571/1/701 570/1/701
f 203/1/701 572/1/701 571/1/701
f 518/1/701 194/1/701 181/1/701
f 76/1/701 573/1/701 572/1/701
f 73/1/701 226/1/701 573/1/701
f 28/1/701 27/1/701 609/1/701
f 204/1/701 573/1/701 226/1/701
f 204/1/701 77/1/701 573/1/701
f 77/1/701 574/1/701 573/1/701
f 229/1/701 519/1/701 574/1/701
f 229/1/701 205/1/701 519/1/701
f 33/1/701 141/1/701 615/1/701
f 210/1/701 576/1/701 575/1/701
f 79/1/701 576/1/701 81/1/701
f 79/1/701 577/1/701 576/1/701
f 79/1/701 578/1/701 577/1/701
f 82/1/701 578/1/701 79/1/701
f 613/1/701 160/1/701 14/1/701
f 74/1/701 578/1/701 82/1/701
f 230/1/701 578/1/701 74/1/701
f 230/1/701 520/1/701 579/1/701
f 80/1/701 520/1/701 230/1/701
f 206/1/701 520/1/701 80/1/701
f 98/1/701 580/1/701 520/1/701
f 89/1/701 580/1/701 88/1/701
f 84/1/701 580/1/701 89/1/701
f 83/1/701 521/1/701 84/1/701
f 83/1/701 581/1/701 521/1/701
f 211/1/701 581/1/701 83/1/701
f 75/1/701 581/1/701 211/1/701
f 75/1/701 86/1/701 581/1/701
f 92/1/701 583/1/701 582/1/701
f 511/1/701 69/1/701 58/1/701
f 72/1/701 193/1/701 516/1/701
f 91/1/701 584/1/701 583/1/701
f 592/1/701 234/1/701 235/1/701
f 85/1/701 584/1/701 100/1/701
f 85/1/701 231/1/701 585/1/701
f 231/1/701 102/1/701 585/1/701
f 518/1/701 181/1/701 192/1/701
f 90/1/701 585/1/701 102/1/701
f 90/1/701 586/1/701 585/1/701
f 96/1/701 587/1/701 95/1/701
f 103/1/701 588/1/701 587/1/701
f 103/1/701 589/1/701 588/1/701
f 94/1/701 589/1/701 87/1/701
f 90/1/701 95/1/701 586/1/701
f 105/1/701 589/1/701 106/1/701
f 105/1/701 590/1/701 589/1/701
f 584/1/701 101/1/701 100/1/701
f 233/1/701 591/1/701 93/1/701
f 234/1/701 591/1/701 233/1/701
f 234/1/701 592/1/701 591/1/701
f 107/1/701 593/1/701 592/1/701
f 108/1/701 232/1/701 593/1/701
f 105/1/701 93/1/701 591/1/701
f 112/1/701 593/1/701 113/1/701
f 111/1/701 594/1/701 112/1/701
f 111/1/701 595/1/701 594/1/701
f 236/1/701 595/1/701 111/1/701
f 236/1/701 237/1/701 595/1/701
f 238/1/701 597/1/701 596/1/701
f 114/1/701 244/1/701 597/1/701
f 17/1/701 18/1/701 545/1/701
f 232/1/701 113/1/701 593/1/701
f 243/1/701 116/1/701 598/1/701
f 86/1/701 582/1/701 581/1/701
f 242/1/701 599/1/701 598/1/701
f 242/1/701 247/1/701 599/1/701
f 179/1/701 184/1/701 557/1/701
f 248/1/701 599/1/701 247/1/701
f 248/1/701 522/1/701 599/1/701
f 239/1/701 600/1/701 522/1/701
f 125/1/701 601/1/701 600/1/701
f 246/1/701 601/1/701 124/1/701
f 246/1/701 602/1/701 601/1/701
f 246/1/701 118/1/701 602/1/701
f 176/1/701 64/1/701 508/1/701
f 118/1/701 119/1/701 602/1/701
f 94/1/701 106/1/701 589/1/701
f 119/1/701 245/1/701 602/1/701
f 245/1/701 240/1/701 602/1/701
f 117/1/701 131/1/701 604/1/701
f 240/1/701 603/1/701 602/1/701
f 240/1/701 250/1/701 603/1/701
f 250/1/701 523/1/701 603/1/701
f 523/1/701 117/1/701 604/1/701
f 6/1/701 605/1/701 604/1/701
f 7/1/701 605/1/701 132/1/701
f 19/1/701 605/1/701 7/1/701
f 19/1/701 249/1/701 606/1/701
f 167/1/701 552/1/701 507/1/701
f 120/1/701 606/1/701 249/1/701
f 120/1/701 133/1/701 606/1/701
f 224/1/701 225/1/701 566/1/701
f 133/1/701 607/1/701 606/1/701
f 2/1/701 607/1/701 133/1/701
f 2/1/701 608/1/701 607/1/701
f 5/1/701 23/1/701 525/1/701
f 151/1/701 524/1/701 608/1/701
f 524/1/701 150/1/701 149/1/701
f 23/1/701 4/1/701 525/1/701
f 244/1/701 243/1/701 598/1/701
f 4/1/701 251/1/701 526/1/701
f 524/1/701 149/1/701 126/1/701
f 21/1/701 526/1/701 251/1/701
f 21/1/701 527/1/701 526/1/701
f 22/1/701 528/1/701 527/1/701
f 24/1/701 153/1/701 532/1/701
f 20/1/701 528/1/701 128/1/701
f 20/1/701 130/1/701 528/1/701
f 130/1/701 529/1/701 528/1/701
f 134/1/701 530/1/701 529/1/701
f 136/1/701 530/1/701 134/1/701
f 156/1/701 530/1/701 136/1/701
f 8/1/701 531/1/701 530/1/701
f 157/1/701 532/1/701 531/1/701
f 157/1/701 25/1/701 532/1/701
f 28/1/701 609/1/701 532/1/701
f 26/1/701 609/1/701 27/1/701
f 155/1/701 610/1/701 26/1/701
f 158/1/701 610/1/701 155/1/701
f 158/1/701 9/1/701 533/1/701
f 3/1/701 1/1/701 608/1/701
f 9/1/701 611/1/701 533/1/701
f 35/1/701 534/1/701 611/1/701
f 30/1/701 535/1/701 534/1/701
f 137/1/701 535/1/701 30/1/701
f 137/1/701 10/1/701 535/1/701
f 576/1/701 209/1/701 78/1/701
f 126/1/701 129/1/701 524/1/701
f 140/1/701 535/1/701 10/1/701
f 159/1/701 535/1/701 140/1/701
f 142/1/701 29/1/701 611/1/701
f 129/1/701 5/1/701 524/1/701
f 139/1/701 614/1/701 613/1/701
f 12/1/701 536/1/701 614/1/701
f 138/1/701 536/1/701 144/1/701
f 138/1/701 537/1/701 536/1/701
f 138/1/701 13/1/701 537/1/701
f 16/1/701 537/1/701 13/1/701
f 32/1/701 537/1/701 16/1/701
f 32/1/701 538/1/701 537/1/701
f 141/1/701 505/1/701 615/1/701
f 161/1/701 162/1/701 505/1/701
f 103/1/701 87/1/701 589/1/701
f 11/1/701 43/1/701 539/1/701
f 39/1/701 540/1/701 506/1/701
f 45/1/701 49/1/701 541/1/701
f 49/1/701 37/1/701 541/1/701
f 37/1/701 46/1/701 541/1/701
f 46/1/701 44/1/701 542/1/701
f 44/1/701 48/1/701 543/1/701
f 39/1/701 45/1/701 540/1/701
f 18/1/701 163/1/701 546/1/701
f 163/1/701 146/1/701 546/1/701
f 146/1/701 145/1/701 547/1/701
f 170/1/701 171/1/701 550/1/701
f 171/1/701 166/1/701 550/1/701
f 166/1/701 50/1/701 550/1/701
f 116/1/701 242/1/701 598/1/701
f 50/1/701 165/1/701 551/1/701
f 165/1/701 169/1/701 551/1/701
f 175/1/701 176/1/701 553/1/701
f 64/1/701 66/1/701 508/1/701
f 66/1/701 55/1/701 554/1/701
f 55/1/701 68/1/701 554/1/701
f 67/1/701 510/1/701 509/1/701
f 510/1/701 60/1/701 511/1/701
f 60/1/701 61/1/701 511/1/701
f 61/1/701 69/1/701 511/1/701
f 58/1/701 57/1/701 512/1/701
f 162/1/701 11/1/701 539/1/701
f 56/1/701 54/1/701 555/1/701
f 63/1/701 513/1/701 555/1/701
f 205/1/701 575/1/701 519/1/701
f 62/1/701 178/1/701 556/1/701
f 178/1/701 179/1/701 556/1/701
f 184/1/701 185/1/701 557/1/701
f 186/1/701 515/1/701 557/1/701
f 217/1/701 194/1/701 517/1/701
f 559/1/701 518/1/701 192/1/701
f 192/1/701 191/1/701 559/1/701
f 196/1/701 561/1/701 560/1/701
f 183/1/701 197/1/701 562/1/701
f 197/1/701 195/1/701 563/1/701
f 195/1/701 198/1/701 563/1/701
f 198/1/701 188/1/701 563/1/701
f 223/1/701 565/1/701 564/1/701
f 225/1/701 200/1/701 567/1/701
f 200/1/701 201/1/701 568/1/701
f 201/1/701 218/1/701 568/1/701
f 220/1/701 569/1/701 568/1/701
f 207/1/701 76/1/701 572/1/701
f 77/1/701 229/1/701 574/1/701
f 76/1/701 73/1/701 573/1/701
f 205/1/701 210/1/701 575/1/701
f 210/1/701 208/1/701 576/1/701
f 78/1/701 81/1/701 576/1/701
f 230/1/701 579/1/701 578/1/701
f 206/1/701 98/1/701 520/1/701
f 98/1/701 99/1/701 580/1/701
f 99/1/701 88/1/701 580/1/701
f 84/1/701 521/1/701 580/1/701
f 86/1/701 92/1/701 582/1/701
f 91/1/701 101/1/701 584/1/701
f 85/1/701 585/1/701 584/1/701
f 586/1/701 95/1/701 587/1/701
f 96/1/701 97/1/701 587/1/701
f 97/1/701 104/1/701 587/1/701
f 104/1/701 103/1/701 587/1/701
f 590/1/701 105/1/701 591/1/701
f 235/1/701 109/1/701 592/1/701
f 109/1/701 110/1/701 592/1/701
f 110/1/701 107/1/701 592/1/701
f 107/1/701 108/1/701 593/1/701
f 112/1/701 594/1/701 593/1/701
f 237/1/701 596/1/701 595/1/701
f 237/1/701 238/1/701 596/1/701
f 121/1/701 115/1/701 597/1/701
f 115/1/701 122/1/701 597/1/701
f 597/1/701 244/1/701 598/1/701
f 248/1/701 239/1/701 522/1/701
f 239/1/701 123/1/701 600/1/701
f 57/1/701 56/1/701 555/1/701
f 123/1/701 125/1/701 600/1/701
f 125/1/701 124/1/701 601/1/701
f 250/1/701 241/1/701 523/1/701
f 241/1/701 117/1/701 523/1/701
f 131/1/701 6/1/701 604/1/701
f 6/1/701 132/1/701 605/1/701
f 19/1/701 606/1/701 605/1/701
f 122/1/701 114/1/701 597/1/701
f 2/1/701 3/1/701 608/1/701
f 154/1/701 24/1/701 532/1/701
f 1/1/701 151/1/701 608/1/701
f 151/1/701 150/1/701 524/1/701
f 5/1/701 525/1/701 524/1/701
f 525/1/701 4/1/701 526/1/701
f 21/1/701 152/1/701 527/1/701
f 152/1/701 22/1/701 527/1/701
f 22/1/701 127/1/701 528/1/701
f 127/1/701 135/1/701 528/1/701
f 135/1/701 128/1/701 528/1/701
f 8/1/701 157/1/701 531/1/701
f 25/1/701 154/1/701 532/1/701
f 153/1/701 28/1/701 532/1/701
f 26/1/701 610/1/701 609/1/701
f 9/1/701 34/1/701 611/1/701
f 202/1/701 228/1/701 570/1/701
f 34/1/701 142/1/701 611/1/701
f 29/1/701 35/1/701 611/1/701
f 208/1/701 209/1/701 576/1/701
f 159/1/701 612/1/701 535/1/701
f 159/1/701 613/1/701 612/1/701
f 159/1/701 160/1/701 613/1/701
f 14/1/701 139/1/701 613/1/701
f 139/1/701 143/1/701 614/1/701
f 143/1/701 12/1/701 614/1/701
f 12/1/701 144/1/701 536/1/701
f 615/1/701 538/1/701 32/1/701
f 32/1/701 33/1/701 615/1/701
f 530/1/701 156/1/701 8/1/701
f 141/1/701 161/1/701 505/1/701
f 279/1/345 281/1/345 1229/1/345 1228/1/345
f 414/1/344 399/1/344 1122/1/344 1099/1/344
f 385/1/343 384/1/343 1097/1/343 1123/1/343
f 431/1/342 447/1/342 1086/1/342 1087/1/342
f 421/1/341 422/1/341 1102/1/341 1106/1/341
f 394/1/339 426/1/339 1112/1/339 1107/1/339
f 435/1/338 429/1/338 1081/1/338 1082/1/338
f 438/1/336 437/1/336 1084/1/336 1085/1/336
f 433/1/335 434/1/335 1089/1/335 1083/1/335
f 437/1/334 400/1/334 1078/1/334 1084/1/334
f 452/1/333 470/1/333 1079/1/333 1080/1/333
f 400/1/332 433/1/332 1083/1/332 1078/1/332
f 342/1/330 341/1/330 1132/1/330 1252/1/330
f 441/1/329 460/1/329 1076/1/329 1077/1/329
f 436/1/328 435/1/328 1082/1/328 1135/1/328
f 429/1/325 438/1/325 1085/1/325 1081/1/325
f 281/1/324 269/1/324 1249/1/324 1229/1/324
f 402/1/114 430/1/114 1138/1/114 1133/1/114
f 450/1/321 459/1/321 1137/1/321 1136/1/321
f 490/1/319 476/1/319 1140/1/319 1139/1/319
f 457/1/318 404/1/318 1142/1/318 1141/1/318
f 466/1/317 464/1/317 1145/1/317 1144/1/317
f 430/1/316 403/1/316 1143/1/316 1138/1/316
f 469/1/314 468/1/314 1149/1/314 1148/1/314
f 462/1/312 452/1/312 1080/1/312 1146/1/312
f 403/1/310 401/1/310 1147/1/310 1143/1/310
f 340/1/309 339/1/309 1242/1/309 1131/1/309
f 453/1/308 463/1/308 1151/1/308 1150/1/308
f 401/1/307 436/1/307 1135/1/307 1147/1/307
f 467/1/306 477/1/306 1153/1/306 1152/1/306
f 272/1/303 278/1/303 1254/1/303 1253/1/303
f 398/1/301 457/1/301 1141/1/301 1088/1/301
f 458/1/300 442/1/300 1155/1/300 1154/1/300
f 468/1/298 467/1/298 1152/1/298 1149/1/298
f 465/1/297 466/1/297 1144/1/297 1158/1/297
f 456/1/296 461/1/296 1157/1/296 1156/1/296
f 404/1/294 431/1/294 1087/1/294 1142/1/294
f 461/1/293 406/1/293 1159/1/293 1157/1/293
f 455/1/292 456/1/292 1156/1/292 1160/1/292
f 454/1/290 455/1/290 1160/1/290 1164/1/290
f 481/1/287 482/1/287 1162/1/287 1161/1/287
f 446/1/246 453/1/246 1150/1/246 1163/1/246
f 294/1/285 258/1/285 1166/1/285 1165/1/285
f 476/1/283 489/1/283 1167/1/283 1140/1/283
f 449/1/156 454/1/156 1164/1/156 1168/1/156
f 259/1/281 260/1/281 1170/1/281 1169/1/281
f 257/1/278 294/1/278 1165/1/278 1173/1/278
f 488/1/277 474/1/277 1172/1/277 1171/1/277
f 463/1/275 462/1/275 1146/1/275 1151/1/275
f 291/1/274 499/1/274 1177/1/274 1176/1/274
f 487/1/273 475/1/273 1175/1/273 1174/1/273
f 460/1/272 449/1/272 1168/1/272 1076/1/272
f 293/1/271 256/1/271 1181/1/271 1180/1/271
f 474/1/180 491/1/180 1178/1/180 1172/1/180
f 432/1/268 443/1/268 1179/1/268 1094/1/268
f 501/1/266 296/1/266 1186/1/266 1185/1/266
f 493/1/230 496/1/230 1183/1/230 1182/1/230
f 443/1/265 405/1/265 1184/1/265 1179/1/265
f 482/1/263 495/1/263 1187/1/263 1162/1/263
f 495/1/261 485/1/261 1190/1/261 1187/1/261
f 405/1/260 444/1/260 1188/1/260 1184/1/260
f 263/1/259 254/1/259 1193/1/259 1192/1/259
f 502/1/258 501/1/258 1185/1/258 1189/1/258
f 444/1/257 451/1/257 1191/1/257 1188/1/257
f 254/1/158 503/1/158 1194/1/158 1193/1/158
f 496/1/254 481/1/254 1161/1/254 1183/1/254
f 473/1/252 465/1/252 1158/1/252 1195/1/252
f 451/1/251 450/1/251 1136/1/251 1191/1/251
f 406/1/249 445/1/249 1196/1/249 1159/1/249
f 503/1/246 255/1/246 1197/1/246 1194/1/246
f 308/1/238 301/1/238 1199/1/238 1198/1/238
f 439/1/237 432/1/237 1094/1/237 1095/1/237
f 478/1/235 479/1/235 1201/1/235 1200/1/235
f 486/1/234 480/1/234 1203/1/234 1202/1/234
f 396/1/233 414/1/233 1099/1/233 1096/1/233
f 392/1/231 393/1/231 1116/1/231 1098/1/231
f 477/1/230 478/1/230 1200/1/230 1153/1/230
f 255/1/228 253/1/228 1204/1/228 1197/1/228
f 418/1/225 417/1/225 1092/1/225 1093/1/225
f 489/1/223 497/1/223 1205/1/223 1167/1/223
f 258/1/219 297/1/219 1206/1/219 1166/1/219
f 470/1/213 471/1/213 1207/1/213 1079/1/213
f 298/1/210 264/1/210 1209/1/210 1208/1/210
f 471/1/204 472/1/204 1210/1/204 1207/1/204
f 309/1/199 310/1/199 1212/1/199 1211/1/199
f 472/1/196 473/1/196 1195/1/196 1210/1/196
f 277/1/194 271/1/194 1214/1/194 1213/1/194
f 479/1/192 487/1/192 1174/1/192 1201/1/192
f 313/1/191 314/1/191 1216/1/191 1215/1/191
f 475/1/185 488/1/185 1171/1/185 1175/1/185
f 303/1/183 309/1/183 1211/1/183 1217/1/183
f 500/1/180 486/1/180 1202/1/180 1218/1/180
f 267/1/179 307/1/179 1220/1/179 1219/1/179
f 485/1/177 500/1/177 1218/1/177 1190/1/177
f 424/1/175 402/1/175 1133/1/175 1134/1/175
f 341/1/174 340/1/174 1131/1/174 1132/1/174
f 378/1/173 372/1/173 1129/1/173 1130/1/173
f 307/1/172 268/1/172 1221/1/172 1220/1/172
f 334/1/171 287/1/171 1125/1/171 1126/1/171
f 494/1/170 493/1/170 1182/1/170 1222/1/170
f 397/1/169 425/1/169 1127/1/169 1128/1/169
f 268/1/168 308/1/168 1198/1/168 1221/1/168
f 371/1/167 385/1/167 1123/1/167 1124/1/167
f 337/1/166 338/1/166 1119/1/166 1120/1/166
f 399/1/165 423/1/165 1121/1/165 1122/1/165
f 260/1/164 261/1/164 1223/1/164 1170/1/164
f 380/1/163 410/1/163 1117/1/163 1118/1/163
f 362/1/162 352/1/162 1113/1/162 1114/1/162
f 497/1/161 498/1/161 1224/1/161 1205/1/161
f 393/1/160 415/1/160 1115/1/160 1116/1/160
f 391/1/159 420/1/159 1110/1/159 1111/1/159
f 310/1/158 312/1/158 1225/1/158 1212/1/158
f 426/1/157 397/1/157 1128/1/157 1112/1/157
f 261/1/156 262/1/156 1226/1/156 1223/1/156
f 355/1/155 354/1/155 1108/1/155 1109/1/155
f 423/1/154 394/1/154 1107/1/154 1121/1/154
f 360/1/153 362/1/153 1114/1/153 1105/1/153
f 420/1/152 421/1/152 1106/1/152 1110/1/152
f 416/1/151 427/1/151 1103/1/151 1104/1/151
f 498/1/150 483/1/150 1227/1/150 1224/1/150
f 375/1/149 377/1/149 1100/1/149 1101/1/149
f 312/1/148 313/1/148 1215/1/148 1225/1/148
f 328/1/147 274/1/147 1299/1/147 1247/1/147
f 336/1/5 342/1/5 1252/1/5 1257/1/5
f 383/1/146 411/1/146 1296/1/146 1295/1/146
f 275/1/145 276/1/145 1263/1/145 1232/1/145
f 314/1/144 311/1/144 1293/1/144 1216/1/144
f 363/1/143 347/1/143 1284/1/143 1313/1/143
f 354/1/142 351/1/142 1259/1/142 1108/1/142
f 346/1/141 353/1/141 1300/1/141 1285/1/141
f 273/1/140 316/1/140 1258/1/140 1256/1/140
f 411/1/139 369/1/139 1316/1/139 1296/1/139
f 370/1/138 383/1/138 1295/1/138 1319/1/138
f 407/1/137 373/1/137 1308/1/137 1310/1/137
f 353/1/136 365/1/136 1301/1/136 1300/1/136
f 316/1/135 282/1/135 1260/1/135 1258/1/135
f 282/1/134 280/1/134 1261/1/134 1260/1/134
f 425/1/133 424/1/133 1134/1/133 1127/1/133
f 419/1/132 418/1/132 1093/1/132 1262/1/132
f 286/1/131 335/1/131 1269/1/131 1270/1/131
f 417/1/130 416/1/130 1104/1/130 1092/1/130
f 415/1/129 419/1/129 1262/1/129 1115/1/129
f 290/1/128 333/1/128 1265/1/128 1264/1/128
f 338/1/127 336/1/127 1257/1/127 1119/1/127
f 289/1/126 290/1/126 1264/1/126 1266/1/126
f 445/1/124 446/1/124 1163/1/124 1196/1/124
f 288/1/123 322/1/123 1268/1/123 1267/1/123
f 442/1/122 441/1/122 1077/1/122 1155/1/122
f 329/1/121 325/1/121 1272/1/121 1271/1/121
f 427/1/120 395/1/120 1327/1/120 1103/1/120
f 335/1/119 288/1/119 1267/1/119 1269/1/119
f 372/1/118 379/1/118 1314/1/118 1129/1/118
f 388/1/117 390/1/117 1325/1/117 1324/1/117
f 395/1/116 428/1/116 1326/1/116 1327/1/116
f 287/1/115 286/1/115 1270/1/115 1125/1/115
f 447/1/114 448/1/114 1091/1/114 1086/1/114
f 483/1/113 492/1/113 1230/1/113 1227/1/113
f 284/1/112 275/1/112 1232/1/112 1231/1/112
f 492/1/111 494/1/111 1222/1/111 1230/1/111
f 459/1/110 458/1/110 1154/1/110 1137/1/110
f 280/1/109 272/1/109 1253/1/109 1261/1/109
f 390/1/108 380/1/108 1118/1/108 1325/1/108
f 464/1/107 469/1/107 1148/1/107 1145/1/107
f 330/1/105 323/1/105 1273/1/105 1251/1/105
f 491/1/103 490/1/103 1139/1/103 1178/1/103
f 320/1/101 289/1/101 1266/1/101 1274/1/101
f 369/1/100 386/1/100 1317/1/100 1316/1/100
f 348/1/99 349/1/99 1280/1/99 1243/1/99
f 295/1/98 298/1/98 1208/1/98 1289/1/98
f 364/1/97 355/1/97 1109/1/97 1304/1/97
f 379/1/96 376/1/96 1315/1/96 1314/1/96
f 274/1/95 324/1/95 1298/1/95 1299/1/95
f 382/1/80 370/1/80 1319/1/80 1321/1/80
f 499/1/94 484/1/94 1276/1/94 1177/1/94
f 377/1/93 382/1/93 1321/1/93 1100/1/93
f 484/1/92 263/1/92 1192/1/92 1276/1/92
f 262/1/91 291/1/91 1176/1/91 1226/1/91
f 332/1/90 285/1/90 1277/1/90 1275/1/90
f 326/1/55 332/1/55 1275/1/55 1240/1/55
f 285/1/89 321/1/89 1278/1/89 1277/1/89
f 265/1/88 267/1/88 1219/1/88 1279/1/88
f 256/1/87 265/1/87 1279/1/87 1181/1/87
f 333/1/86 334/1/86 1126/1/86 1265/1/86
f 349/1/85 350/1/85 1281/1/85 1280/1/85
f 368/1/84 375/1/84 1101/1/84 1305/1/84
f 504/1/83 293/1/83 1180/1/83 1282/1/83
f 264/1/82 266/1/82 1283/1/82 1209/1/82
f 296/1/81 257/1/81 1173/1/81 1186/1/81
f 365/1/80 356/1/80 1302/1/80 1301/1/80
f 347/1/79 346/1/79 1285/1/79 1284/1/79
f 325/1/78 331/1/78 1250/1/78 1272/1/78
f 292/1/77 502/1/77 1189/1/77 1286/1/77
f 322/1/76 343/1/76 1287/1/76 1268/1/76
f 324/1/75 318/1/75 1244/1/75 1298/1/75
f 343/1/59 344/1/59 1288/1/59 1287/1/59
f 344/1/74 345/1/74 1238/1/74 1288/1/74
f 480/1/73 259/1/73 1169/1/73 1203/1/73
f 297/1/72 295/1/72 1289/1/72 1206/1/72
f 266/1/71 504/1/71 1282/1/71 1283/1/71
f 351/1/69 359/1/69 1297/1/69 1259/1/69
f 278/1/68 279/1/68 1228/1/68 1254/1/68
f 323/1/67 320/1/67 1274/1/67 1273/1/67
f 357/1/66 364/1/66 1304/1/66 1303/1/66
f 356/1/5 357/1/5 1303/1/5 1302/1/5
f 276/1/65 327/1/65 1246/1/65 1263/1/65
f 367/1/64 368/1/64 1305/1/64 1291/1/64
f 413/1/63 374/1/63 1307/1/63 1306/1/63
f 373/1/62 413/1/62 1306/1/62 1308/1/62
f 321/1/61 319/1/61 1309/1/61 1278/1/61
f 381/1/60 409/1/60 1312/1/60 1311/1/60
f 352/1/59 363/1/59 1313/1/59 1113/1/59
f 386/1/58 408/1/58 1318/1/58 1317/1/58
f 299/1/57 300/1/57 1234/1/57 1233/1/57
f 408/1/56 412/1/56 1320/1/56 1318/1/56
f 412/1/55 387/1/55 1322/1/55 1320/1/55
f 387/1/54 371/1/54 1124/1/54 1322/1/54
f 271/1/53 315/1/53 1255/1/53 1214/1/53
f 409/1/52 391/1/52 1111/1/52 1312/1/52
f 253/1/51 292/1/51 1286/1/51 1204/1/51
f 410/1/50 381/1/50 1311/1/50 1117/1/50
f 305/1/49 304/1/49 1241/1/49 1237/1/49
f 389/1/48 388/1/48 1324/1/48 1323/1/48
f 302/1/47 299/1/47 1233/1/47 1248/1/47
f 428/1/46 396/1/46 1096/1/46 1326/1/46
f 384/1/45 378/1/45 1130/1/45 1097/1/45
f 319/1/44 329/1/44 1271/1/44 1309/1/44
f 376/1/43 407/1/43 1310/1/43 1315/1/43
f 306/1/25 305/1/25 1237/1/25 1236/1/25
f 345/1/24 337/1/24 1120/1/24 1238/1/24
f 317/1/23 326/1/23 1240/1/23 1239/1/23
f 448/1/22 440/1/22 1090/1/22 1091/1/22
f 315/1/21 273/1/21 1256/1/21 1255/1/21
f 440/1/20 439/1/20 1095/1/20 1090/1/20
f 422/1/19 392/1/19 1098/1/19 1102/1/19
f 304/1/18 303/1/18 1217/1/18 1241/1/18
f 339/1/17 348/1/17 1243/1/17 1242/1/17
f 318/1/16 283/1/16 1245/1/16 1244/1/16
f 300/1/15 306/1/15 1236/1/15 1234/1/15
f 301/1/14 302/1/14 1248/1/14 1199/1/14
f 327/1/13 328/1/13 1247/1/13 1246/1/13
f 270/1/12 284/1/12 1231/1/12 1235/1/12
f 434/1/11 398/1/11 1088/1/11 1089/1/11
f 331/1/10 330/1/10 1251/1/10 1250/1/10
f 269/1/9 270/1/9 1235/1/9 1249/1/9
f 359/1/8 361/1/8 1294/1/8 1297/1/8
f 283/1/7 317/1/7 1239/1/7 1245/1/7
f 361/1/6 366/1/6 1292/1/6 1294/1/6
f 374/1/5 389/1/5 1323/1/5 1307/1/5
f 311/1/4 277/1/4 1213/1/4 1293/1/4
f 358/1/3 367/1/3 1291/1/3 1290/1/3
f 366/1/2 358/1/2 1290/1/2 1292/1/2
f 350/1/1 360/1/1 1105/1/1 1281/1/1
o XYZ_Function.001
o XYZ_Function.002
v 29.481030 0.000000 -3.432340
v 29.393713 0.000000 -2.506102
v 30.422810 0.000000 -2.222347
v 31.174133 0.000000 -4.410112
v 31.420086 0.000000 -4.582964
v 29.499094 0.000000 -0.272757
v 30.067793 0.000000 -0.474422
v 29.978874 0.000000 -2.358882
v 30.660196 0.000000 -2.141146
v 31.705969 0.000000 -1.719523
v 29.308985 0.000000 -3.354758
v 31.066151 0.000000 -5.115657
v 29.853487 0.000000 -3.614763
v 30.702858 0.000000 -4.100451
v 30.934923 0.000000 -4.249395
v 29.132317 0.000000 -6.600177
v 28.970734 0.000000 -5.564853
v 29.158106 0.000000 -5.542279
v 29.568077 0.000000 -5.479606
v 29.790331 0.000000 -5.438501
v 30.023853 0.000000 -5.390223
v 31.352541 0.000000 -5.024280
v 30.542377 0.000000 -7.644537
v 28.230343 0.000000 -8.562634
v 29.545029 0.000000 -8.468971
v 29.805735 0.000000 -8.431928
v 30.077869 0.000000 -8.387413
v 30.361237 0.000000 -8.334930
v 30.655609 0.000000 -8.273989
v 29.694881 0.000000 -6.978563
v 30.321276 0.000000 -7.459697
v 30.768913 0.000000 -7.842152
v 29.897114 0.000000 -7.127047
v 30.106050 0.000000 -7.287310
v 29.575991 0.000000 -10.795208
v 29.179396 0.000000 -10.394329
v 28.282820 0.000000 -9.609177
v 28.419048 0.000000 -8.559771
v 28.620079 0.000000 -8.552496
v 28.123177 0.000000 -9.486786
v 28.497932 0.000000 -11.510874
v 29.036375 0.000000 -11.485459
v 28.797760 0.000000 -6.400003
v 29.499746 0.000000 -6.841503
v 28.833326 0.000000 -8.540294
v 28.247070 0.000000 -11.514744
v 29.622807 0.000000 -11.433047
v 28.449566 0.000000 -9.742661
v 28.623013 0.000000 -9.887589
v 29.375423 0.000000 -10.588268
v 27.782669 0.000000 -11.507413
v 28.008614 0.000000 -11.513416
v 28.761078 0.000000 -11.501285
v 28.265453 0.000000 -14.466843
v 27.432676 0.000000 -12.825341
v 27.761992 0.000000 -13.187263
v 26.837822 0.000000 -12.247539
v 28.107723 0.000000 -13.600831
v 26.685232 0.000000 -16.708500
v 25.666910 0.000000 -15.279522
v 26.018347 0.000000 -14.281370
v 26.427620 0.000000 -14.348454
v 27.401308 0.000000 -14.444631
v 27.676752 0.000000 -14.457667
v 25.536201 0.000000 -15.126614
v 25.802259 0.000000 -15.444757
v 26.231466 0.000000 -16.016941
v 26.380653 0.000000 -16.233925
v 26.977474 0.000000 -12.374489
v 27.123449 0.000000 -12.512896
v 27.595049 0.000000 -12.999977
v 27.933043 0.000000 -13.387465
v 26.839617 0.000000 -16.966446
v 25.410585 0.000000 -14.985762
v 26.651699 0.000000 -14.378040
v 26.888708 0.000000 -14.404286
v 27.138599 0.000000 -14.426659
v 26.085014 0.000000 -15.813231
v 24.383007 0.000000 -16.922794
v 25.941784 0.000000 -15.622578
v 26.532074 0.000000 -16.464382
v 24.046497 0.000000 -18.057220
v 24.202652 0.000000 -16.867205
v 24.576445 0.000000 -16.977997
v 24.783026 0.000000 -17.032290
v 25.002783 0.000000 -17.085136
v 25.235752 0.000000 -17.136015
v 25.481936 0.000000 -17.184385
v 25.741325 0.000000 -17.229717
v 26.013899 0.000000 -17.271477
v 26.299616 0.000000 -17.309128
v 26.598412 0.000000 -17.342134
v 22.667128 0.000000 -19.453928
v 22.866903 0.000000 -19.529516
v 24.639957 0.000000 -20.027424
v 24.413542 0.000000 -18.671133
v 24.665731 0.000000 -19.147547
v 23.704947 0.000000 -17.559799
v 22.480518 0.000000 -19.378807
v 23.306309 0.000000 -19.679996
v 23.799316 0.000000 -19.826033
v 21.929237 0.000000 -20.282078
v 22.126778 0.000000 -20.674789
v 22.328136 0.000000 -21.120762
v 20.166878 0.000000 -21.530632
v 22.411539 0.000000 -22.493290
v 23.815149 0.000000 -17.713009
v 24.166668 0.000000 -18.248652
v 24.289185 0.000000 -18.453232
v 24.539228 0.000000 -18.902523
v 23.929161 0.000000 -17.878742
v 24.792534 0.000000 -19.406336
v 24.919111 0.000000 -19.679007
v 22.306965 0.000000 -19.304670
v 23.079931 0.000000 -19.605045
v 23.546085 0.000000 -19.753836
v 24.066031 0.000000 -19.896053
v 24.346245 0.000000 -19.963364
v 22.428949 0.000000 -21.364021
v 22.529146 0.000000 -21.620926
v 22.725586 0.000000 -22.175959
v 20.331732 0.000000 -21.622501
v 20.509468 0.000000 -21.716717
v 20.904213 0.000000 -21.910160
v 21.596558 0.000000 -22.205130
v 22.227240 0.000000 -20.891054
v 21.739590 0.000000 -19.941446
v 21.833176 0.000000 -20.105335
v 22.027273 0.000000 -20.471844
v 22.628204 0.000000 -21.891552
v 20.072933 0.000000 -23.591454
v 20.700243 0.000000 -21.812775
v 21.121513 0.000000 -22.008360
v 21.352262 0.000000 -22.106859
v 21.854492 0.000000 -22.302647
v 22.126137 0.000000 -22.398880
v 19.536049 0.000000 -22.104610
v 19.998100 0.000000 -23.338985
v 17.960186 0.000000 -23.629299
v 19.844461 0.000000 -22.874411
v 20.215952 0.000000 -24.136919
v 19.766716 0.000000 -22.662176
v 19.921764 0.000000 -23.099989
v 17.344725 0.000000 -24.823414
v 17.118467 0.000000 -24.025593
v 18.127096 0.000000 -23.741573
v 18.306789 0.000000 -23.857046
v 18.499460 0.000000 -23.975218
v 18.924492 0.000000 -24.217674
v 19.157181 0.000000 -24.340942
v 19.403505 0.000000 -24.464886
v 19.663605 0.000000 -24.588989
v 17.496990 0.000000 -25.560408
v 15.391864 0.000000 -25.377205
v 15.546124 0.000000 -25.506313
v 16.739937 0.000000 -26.359085
v 19.689051 0.000000 -22.463202
v 20.145725 0.000000 -23.857422
v 19.611988 0.000000 -22.277386
v 20.283070 0.000000 -24.429947
v 17.541588 0.000000 -25.832531
v 17.233147 0.000000 -24.398212
v 17.805836 0.000000 -23.520695
v 18.705307 0.000000 -24.095596
v 19.937578 0.000000 -24.712713
v 17.582214 0.000000 -26.117838
v 15.712763 0.000000 -25.639936
v 15.892026 0.000000 -25.777597
v 16.084162 0.000000 -25.918835
v 16.507914 0.000000 -26.210073
v 16.985638 0.000000 -26.509693
v 17.245174 0.000000 -26.661381
v 17.175932 0.000000 -24.205360
v 17.448957 0.000000 -25.301506
v 17.289587 0.000000 -24.604214
v 17.398026 0.000000 -25.055836
v 17.618334 0.000000 -26.416277
v 14.683670 0.000000 -26.737167
v 14.551691 0.000000 -25.868134
v 15.249710 0.000000 -25.253065
v 16.289387 0.000000 -26.063156
v 12.654904 0.000000 -26.847075
v 12.794825 0.000000 -26.991600
v 14.363834 0.000000 -28.317938
v 14.708645 0.000000 -26.986811
v 14.588436 0.000000 -26.065912
v 14.654953 0.000000 -26.500443
v 14.729351 0.000000 -27.249319
v 14.745257 0.000000 -27.524612
v 14.755836 0.000000 -27.812607
v 11.807180 0.000000 -28.376448
v 11.768021 0.000000 -27.247494
v 12.526508 0.000000 -26.708755
v 12.946585 0.000000 -27.141911
v 13.110476 0.000000 -27.297556
v 13.286793 0.000000 -27.458103
v 11.767796 0.000000 -29.202650
v 11.741077 0.000000 -29.502077
v 10.185284 0.000000 -28.518436
v 10.697796 0.000000 -29.069508
v 14.513330 0.000000 -25.683346
v 14.623033 0.000000 -26.276684
v 14.760567 0.000000 -28.113184
v 11.787376 0.000000 -28.915129
v 11.808435 0.000000 -28.125561
v 11.783890 0.000000 -27.448027
v 13.475809 0.000000 -27.623083
v 13.677782 0.000000 -27.792038
v 13.892958 0.000000 -27.964487
v 14.121569 0.000000 -28.139952
v 11.804623 0.000000 -27.887133
v 9.666061 0.000000 -27.871819
v 9.779297 0.000000 -28.022800
v 9.903343 0.000000 -28.181164
v 10.343855 0.000000 -28.696531
v 11.749186 0.000000 -27.059708
v 11.796265 0.000000 -27.661263
v 11.800333 0.000000 -28.639683
v 8.824955 0.000000 -28.968281
v 8.840254 0.000000 -28.742779
v 10.038559 0.000000 -28.346508
v 10.514591 0.000000 -28.880371
v 10.893766 0.000000 -29.263504
v 11.102783 0.000000 -29.461906
v 11.325115 0.000000 -29.664238
v 8.650824 0.000000 -30.272743
v 7.287586 0.000000 -29.620560
v 7.438169 0.000000 -29.821232
v 8.856312 0.000000 -28.139591
v 8.592953 0.000000 -30.567734
v 8.850237 0.000000 -28.529413
v 5.587944 0.000000 -30.467262
v 5.649370 0.000000 -30.211205
v 5.845787 0.000000 -29.098776
v 7.020550 0.000000 -29.240538
v 7.148499 0.000000 -29.426861
v 7.600599 0.000000 -30.028486
v 7.775221 0.000000 -30.241905
v 7.962357 0.000000 -30.461065
v 8.162317 0.000000 -30.685532
v 5.350679 0.000000 -31.298491
v 3.827740 0.000000 -29.624355
v 4.734688 0.000000 -31.126492
v 8.776350 0.000000 -29.455183
v 8.742027 0.000000 -29.716259
v 8.700350 0.000000 -29.988842
v 8.855415 0.000000 -28.328320
v 8.803823 0.000000 -29.205799
v 6.699711 0.000000 -28.729509
v 6.796545 0.000000 -28.891502
v 6.903357 0.000000 -29.061960
v 5.787386 0.000000 -29.509377
v 5.748602 0.000000 -29.732048
v 5.518002 0.000000 -30.733995
v 3.739326 0.000000 -29.443665
v 3.925623 0.000000 -29.814205
v 4.151470 0.000000 -30.220051
v 4.280252 0.000000 -30.435368
v 4.420132 0.000000 -30.658464
v 4.910091 0.000000 -31.370626
v 5.866407 0.000000 -28.911179
v 5.702759 0.000000 -29.966061
v 5.819616 0.000000 -29.298227
v 5.439068 0.000000 -31.011162
v 3.659958 0.000000 -29.272438
v 4.033394 0.000000 -30.012878
v 4.571486 0.000000 -30.888969
v 2.725237 0.000000 -29.746046
v 2.539211 0.000000 -30.398003
v 2.049788 0.000000 -31.686333
v 0.710180 0.000000 -29.862177
v 1.191238 0.000000 -30.952547
v 1.317667 0.000000 -31.197605
v 1.604073 0.000000 -31.712021
v 2.671116 0.000000 -29.952669
v 2.609264 0.000000 -30.170067
v 2.275194 0.000000 -31.142422
v 2.460491 0.000000 -30.636223
v 2.372637 0.000000 -30.884459
v 2.167723 0.000000 -31.409817
v -1.273567 0.000000 -31.727015
v -1.127373 0.000000 -31.464340
v -0.868668 0.000000 -30.963280
v -0.398998 0.000000 -29.867958
v 0.641140 0.000000 -29.673233
v 0.874098 0.000000 -30.270069
v 0.969875 0.000000 -30.488451
v 1.075443 0.000000 -30.716047
v 1.455147 0.000000 -31.450884
v 2.812229 0.000000 -29.366009
v 2.772112 0.000000 -29.550423
v -0.652155 0.000000 -30.496902
v 0.580105 0.000000 -29.494652
v 0.787683 0.000000 -30.061218
v -2.358889 0.000000 -29.978874
v -2.294775 0.000000 -30.195618
v -2.222351 0.000000 -30.422810
v -0.558661 0.000000 -30.277534
v -0.272758 0.000000 -29.499096
v -0.331932 0.000000 -29.678307
v -0.474424 0.000000 -30.067791
v -0.755348 0.000000 -30.725588
v -0.992540 0.000000 -31.209642
v -2.506105 0.000000 -29.393715
v -2.464067 0.000000 -29.577698
v -2.415154 0.000000 -29.772823
v -2.141146 0.000000 -30.660200
v -2.050713 0.000000 -30.907501
v -1.950588 0.000000 -31.164436
v -1.840340 0.000000 -31.430698
v -1.719526 0.000000 -31.705967
v -3.432343 0.000000 -29.481030
v -3.836376 0.000000 -30.261669
v -4.100456 0.000000 -30.702860
v -5.564857 0.000000 -28.970734
v -5.514034 0.000000 -29.357273
v -5.334284 0.000000 -30.268427
v -5.270191 0.000000 -30.523834
v -5.115660 0.000000 -31.066151
v -3.354761 0.000000 -29.308985
v -3.720463 0.000000 -30.053276
v -4.410114 0.000000 -31.174133
v -7.644539 0.000000 -30.542376
v -6.978563 0.000000 -29.694881
v -6.841503 0.000000 -29.499746
v -5.542280 0.000000 -29.158106
v -5.479607 0.000000 -29.568077
v -5.438503 0.000000 -29.790331
v -5.197474 0.000000 -30.789822
v -5.024282 0.000000 -31.352541
v -6.495144 0.000000 -28.960752
v -6.600178 0.000000 -29.132317
v -6.715502 0.000000 -29.312101
v -8.562637 0.000000 -28.230343
v -8.552498 0.000000 -28.620075
v -8.522650 0.000000 -29.058659
v -8.499043 0.000000 -29.295948
v -8.468973 0.000000 -29.545029
v -8.334930 0.000000 -30.361235
v -4.582966 0.000000 -31.420086
v -3.518867 0.000000 -29.662632
v -3.614763 0.000000 -29.853487
v -3.962906 0.000000 -30.478313
v -4.249397 0.000000 -30.934923
v -6.400003 0.000000 -28.797760
v -5.390224 0.000000 -30.023853
v -7.127048 0.000000 -29.897114
v -7.287312 0.000000 -30.106052
v -7.459700 0.000000 -30.321276
v -8.387413 0.000000 -30.077869
v -8.273993 0.000000 -30.655609
v -7.842152 0.000000 -30.768915
v -9.375130 0.000000 -27.971020
v -8.559771 0.000000 -28.419048
v -8.540295 0.000000 -28.833326
v -8.431927 0.000000 -29.805735
v -9.486788 0.000000 -28.123175
v -9.609177 0.000000 -28.282822
v -10.044296 0.000000 -28.802753
v -11.483479 0.000000 -27.368628
v -11.485462 0.000000 -29.036377
v -11.433048 0.000000 -29.622807
v -9.887590 0.000000 -28.623013
v -10.394331 0.000000 -29.179396
v -9.742662 0.000000 -28.449566
v -10.213104 0.000000 -28.988356
v -11.015419 0.000000 -29.780630
v -12.999979 0.000000 -27.595053
v -11.497261 0.000000 -27.569315
v -11.507414 0.000000 -27.782673
v -11.513416 0.000000 -28.008614
v -11.514744 0.000000 -28.247070
v -11.510876 0.000000 -28.497931
v -11.501286 0.000000 -28.761078
v -11.462885 0.000000 -29.323675
v -12.374489 0.000000 -26.977476
v -13.387468 0.000000 -27.933044
v -10.588270 0.000000 -29.375423
v -10.795210 0.000000 -29.575989
v -13.187265 0.000000 -27.761995
v -12.512896 0.000000 -27.123451
v -11.466602 0.000000 -27.180656
v -12.247541 0.000000 -26.837826
v -12.663082 0.000000 -27.275330
v -14.244942 0.000000 -25.833172
v -14.316055 0.000000 -26.216497
v -14.348457 0.000000 -26.427622
v -14.404289 0.000000 -26.888712
v -14.466843 0.000000 -28.265453
v -12.825344 0.000000 -27.432678
v -13.827604 0.000000 -28.285564
v -13.600834 0.000000 -28.107727
v -14.067999 0.000000 -28.466064
v -15.279524 0.000000 -25.666914
v -14.281372 0.000000 -26.018347
v -14.378044 0.000000 -26.651701
v -14.426662 0.000000 -27.138603
v -14.444633 0.000000 -27.401310
v -14.457670 0.000000 -27.676754
v -14.465248 0.000000 -27.964842
v -16.016943 0.000000 -26.231468
v -16.867207 0.000000 -24.202654
v -16.977999 0.000000 -24.576447
v -17.032293 0.000000 -24.783026
v -17.229721 0.000000 -25.741331
v -15.444759 0.000000 -25.802261
v -16.464382 0.000000 -26.532072
v -14.985764 0.000000 -25.410585
v -16.233927 0.000000 -26.380651
v -19.406336 0.000000 -24.792534
v -18.248653 0.000000 -24.166668
v -17.271475 0.000000 -26.013899
v -17.342138 0.000000 -26.598413
v -17.559797 0.000000 -23.704945
v -17.878744 0.000000 -23.929159
v -18.057222 0.000000 -24.046494
v -18.671137 0.000000 -24.413542
v -19.147545 0.000000 -24.665731
v -19.753836 0.000000 -23.546083
v -19.963369 0.000000 -24.346247
v -15.126614 0.000000 -25.536201
v -15.813231 0.000000 -26.085012
v -15.622580 0.000000 -25.941784
v -16.708502 0.000000 -26.685232
v -16.966448 0.000000 -26.839617
v -19.679007 0.000000 -24.919109
v -16.922792 0.000000 -24.383005
v -17.085140 0.000000 -25.002785
v -17.136015 0.000000 -25.235750
v -17.184383 0.000000 -25.481934
v -17.309128 0.000000 -26.299614
v -18.453232 0.000000 -24.289185
v -19.304672 0.000000 -22.306965
v -19.453928 0.000000 -22.667128
v -19.679996 0.000000 -23.306307
v -19.826035 0.000000 -23.799316
v -19.896059 0.000000 -24.066032
v -20.027428 0.000000 -24.639956
v -17.713009 0.000000 -23.815151
v -18.902527 0.000000 -24.539230
v -21.891554 0.000000 -22.628206
v -19.941446 0.000000 -21.739590
v -19.378811 0.000000 -22.480520
v -19.529520 0.000000 -22.866903
v -19.605047 0.000000 -23.079933
v -20.105337 0.000000 -21.833174
v -21.120760 0.000000 -22.328136
v -21.530632 0.000000 -20.166876
v -21.716719 0.000000 -20.509464
v -20.471844 0.000000 -22.027273
v -21.620928 0.000000 -22.529146
v -20.282082 0.000000 -21.929237
v -22.175959 0.000000 -22.725586
v -22.277386 0.000000 -19.611992
v -21.622501 0.000000 -20.331730
v -21.812777 0.000000 -20.700245
v -22.205132 0.000000 -21.596556
v -22.302649 0.000000 -21.854490
v -22.463203 0.000000 -19.689051
v -23.338985 0.000000 -19.998098
v -24.136921 0.000000 -20.215954
v -24.429947 0.000000 -20.283073
v -23.629297 0.000000 -17.960184
v -24.095596 0.000000 -18.705307
v -24.588989 0.000000 -19.663607
v -20.891056 0.000000 -22.227238
v -21.364023 0.000000 -22.428947
v -20.674789 0.000000 -22.126776
v -23.857424 0.000000 -20.145725
v -23.099993 0.000000 -19.921766
v -22.874413 0.000000 -19.844461
v -21.910158 0.000000 -20.904211
v -22.008362 0.000000 -21.121513
v -22.106861 0.000000 -21.352259
v -22.398880 0.000000 -22.126133
v -22.493292 0.000000 -22.411539
v -23.520699 0.000000 -17.805838
v -23.857046 0.000000 -18.306789
v -23.975220 0.000000 -18.499462
v -24.217676 0.000000 -18.924496
v -24.340942 0.000000 -19.157181
v -22.104610 0.000000 -19.536049
v -22.662176 0.000000 -19.766716
v -23.591452 0.000000 -20.072933
v -26.117842 0.000000 -17.582214
v -23.741577 0.000000 -18.127100
v -24.464890 0.000000 -19.403509
v -24.712713 0.000000 -19.937576
v -24.604216 0.000000 -17.289587
v -25.301506 0.000000 -17.448961
v -25.560413 0.000000 -17.496994
v -25.832527 0.000000 -17.541590
v -25.506313 0.000000 -15.546124
v -25.918835 0.000000 -16.084166
v -24.823416 0.000000 -17.344725
v -24.025591 0.000000 -17.118465
v -24.398214 0.000000 -17.233147
v -25.055836 0.000000 -17.398024
v -25.868135 0.000000 -14.551690
v -25.253063 0.000000 -15.249711
v -25.377209 0.000000 -15.391864
v -25.639935 0.000000 -15.712761
v -25.777601 0.000000 -15.892025
v -24.205360 0.000000 -17.175930
v -26.416279 0.000000 -17.618332
v -25.683344 0.000000 -14.513331
v -26.063156 0.000000 -16.289385
v -26.210075 0.000000 -16.507914
v -26.359083 0.000000 -16.739933
v -26.509697 0.000000 -16.985636
v -26.661383 0.000000 -17.245174
v -27.249317 0.000000 -14.729349
v -27.524612 0.000000 -14.745258
v -27.812607 0.000000 -14.755838
v -26.708755 0.000000 -12.526506
v -26.847073 0.000000 -12.654904
v -26.991600 0.000000 -12.794825
v -27.297554 0.000000 -13.110474
v -27.458105 0.000000 -13.286795
v -27.623085 0.000000 -13.475809
v -27.964489 0.000000 -13.892958
v -26.500448 0.000000 -14.654954
v -26.737167 0.000000 -14.683668
v -28.113184 0.000000 -14.760564
v -26.065910 0.000000 -14.588434
v -26.276682 0.000000 -14.623032
v -26.986818 0.000000 -14.708642
v -29.502075 0.000000 -11.741079
v -27.141912 0.000000 -12.946583
v -27.792040 0.000000 -13.677782
v -28.139957 0.000000 -14.121571
v -28.317940 0.000000 -14.363829
v -28.880369 0.000000 -10.514587
v -29.263504 0.000000 -10.893766
v -27.247492 0.000000 -11.768018
v -27.887131 0.000000 -11.804620
v -28.376446 0.000000 -11.807178
v -28.639683 0.000000 -11.800332
v -27.871822 0.000000 -9.666061
v -28.022804 0.000000 -9.779295
v -28.181164 0.000000 -9.903343
v -28.346514 0.000000 -10.038559
v -28.518438 0.000000 -10.185282
v -28.696537 0.000000 -10.343853
v -28.328323 0.000000 -8.855415
v -28.529419 0.000000 -8.850235
v -28.742775 0.000000 -8.840252
v -30.272747 0.000000 -8.650822
v -30.567738 0.000000 -8.592951
v -29.061966 0.000000 -6.903357
v -29.620558 0.000000 -7.287584
v -30.685535 0.000000 -8.162315
v -29.202652 0.000000 -11.767792
v -27.059706 0.000000 -11.749184
v -27.448029 0.000000 -11.783888
v -27.661263 0.000000 -11.796265
v -28.125561 0.000000 -11.808435
v -28.915131 0.000000 -11.787374
v -29.716261 0.000000 -8.742027
v -29.069510 0.000000 -10.697794
v -29.461905 0.000000 -11.102781
v -29.664244 0.000000 -11.325113
v -28.729515 0.000000 -6.699711
v -28.891502 0.000000 -6.796543
v -29.821239 0.000000 -7.438169
v -30.028488 0.000000 -7.600601
v -30.241907 0.000000 -7.775219
v -28.968285 0.000000 -8.824955
v -28.139597 0.000000 -8.856312
v -29.205805 0.000000 -8.803825
v -29.455187 0.000000 -8.776352
v -29.988846 0.000000 -8.700350
v -30.733999 0.000000 -5.518000
v -29.509382 0.000000 -5.787386
v -29.240540 0.000000 -7.020550
v -29.426861 0.000000 -7.148499
v -30.461067 0.000000 -7.962353
v -29.732048 0.000000 -5.748600
v -29.966064 0.000000 -5.702759
v -30.211205 0.000000 -5.649368
v -31.011164 0.000000 -5.439068
v -29.624359 0.000000 -3.827738
v -30.012880 0.000000 -4.033394
v -30.220058 0.000000 -4.151470
v -31.126493 0.000000 -4.734686
v -31.370632 0.000000 -4.910093
v -31.298489 0.000000 -5.350679
v -30.467262 0.000000 -5.587940
v -31.686331 0.000000 -2.049784
v -31.409817 0.000000 -2.167721
v -31.142422 0.000000 -2.275194
v -30.884460 0.000000 -2.372635
v -30.636229 0.000000 -2.460491
v -30.398006 0.000000 -2.539211
v -30.170069 0.000000 -2.609264
v -29.952665 0.000000 -2.671110
v -29.746046 0.000000 -2.725237
v -29.550423 0.000000 -2.772112
v -29.366007 0.000000 -2.812229
v -29.443666 0.000000 -3.739326
v -29.814201 0.000000 -3.925621
v -30.435368 0.000000 -4.280252
v -30.658464 0.000000 -4.420130
v -30.888971 0.000000 -4.571487
v -29.494652 0.000000 -0.580105
v -29.673233 0.000000 -0.641140
v -29.862179 0.000000 -0.710182
v -30.716047 0.000000 -1.075441
v -30.952545 0.000000 -1.191235
v -31.450890 0.000000 -1.455145
v -31.712021 0.000000 -1.604069
v -29.098778 0.000000 -5.845787
v -29.298231 0.000000 -5.819618
v -28.911175 0.000000 -5.866407
v -29.272438 0.000000 -3.659956
v -31.197607 0.000000 -1.317665
v -29.867960 0.000000 0.399002
v -29.499096 0.000000 0.272762
v -30.061220 0.000000 -0.787683
v -30.270069 0.000000 -0.874098
v -30.488449 0.000000 -0.969872
v -30.725586 0.000000 0.755346
v -29.577698 0.000000 2.464069
v -31.430696 0.000000 1.840340
v -31.705971 0.000000 1.719524
v -30.067791 0.000000 0.474424
v -30.702860 0.000000 4.100456
v -30.261669 0.000000 3.836380
v -29.393717 0.000000 2.506104
v -29.772825 0.000000 2.415157
v -29.978874 0.000000 2.358887
v -30.660198 0.000000 2.141150
v -29.481030 0.000000 3.432343
v -29.853485 0.000000 3.614765
v -31.174133 0.000000 4.410118
v -28.970734 0.000000 5.564857
v -30.268431 0.000000 5.334280
v -30.789824 0.000000 5.197475
v -31.066151 0.000000 5.115662
v -29.678305 0.000000 0.331936
v -30.277538 0.000000 0.558662
v -30.496899 0.000000 0.652157
v -30.963278 0.000000 0.868668
v -31.209646 0.000000 0.992542
v -31.464342 0.000000 1.127373
v -31.727015 0.000000 1.273567
v -30.934925 0.000000 4.249399
v -29.308987 0.000000 3.354759
v -30.195616 0.000000 2.294777
v -30.422812 0.000000 2.222349
v -30.907503 0.000000 2.050713
v -31.164434 0.000000 1.950590
v -29.568077 0.000000 5.479614
v -29.790333 0.000000 5.438507
v -30.053276 0.000000 3.720467
v -29.662632 0.000000 3.518867
v -30.478315 0.000000 3.962912
v -31.420088 0.000000 4.582968
v -30.542377 0.000000 7.644545
v -29.499746 0.000000 6.841507
v -29.158104 0.000000 5.542282
v -29.357273 0.000000 5.514034
v -30.023851 0.000000 5.390228
v -30.523830 0.000000 5.270195
v -31.352539 0.000000 5.024284
v -30.768915 0.000000 7.842155
v -28.230343 0.000000 8.562641
v -28.419050 0.000000 8.559772
v -28.833326 0.000000 8.540298
v -29.295952 0.000000 8.499046
v -30.655611 0.000000 8.273991
v -28.797758 0.000000 6.400006
v -28.960754 0.000000 6.495147
v -29.132317 0.000000 6.600180
v -29.694880 0.000000 6.978566
v -30.321274 0.000000 7.459699
v -29.780628 0.000000 11.015421
v -29.375422 0.000000 10.588270
v -28.123173 0.000000 9.486789
v -28.620075 0.000000 8.552499
v -29.545027 0.000000 8.468973
v -30.077868 0.000000 8.387416
v -30.361233 0.000000 8.334934
v -27.971018 0.000000 9.375132
v -29.312098 0.000000 6.715503
v -29.897110 0.000000 7.127050
v -30.106049 0.000000 7.287313
v -28.802748 0.000000 10.044297
v -28.623013 0.000000 9.887590
v -28.449564 0.000000 9.742664
v -29.058659 0.000000 8.522648
v -29.805733 0.000000 8.431931
v -29.179394 0.000000 10.394332
v -29.575989 0.000000 10.795210
v -27.180653 0.000000 11.466604
v -27.368624 0.000000 11.483481
v -27.569313 0.000000 11.497260
v -27.782669 0.000000 11.507416
v -28.497931 0.000000 11.510876
v -29.036373 0.000000 11.485462
v -29.323673 0.000000 11.462887
v -28.282818 0.000000 9.609180
v -28.988354 0.000000 10.213106
v -27.275328 0.000000 12.663081
v -26.837822 0.000000 12.247541
v -28.008612 0.000000 11.513418
v -28.247066 0.000000 11.514746
v -28.761074 0.000000 11.501287
v -29.622805 0.000000 11.433049
v -26.977472 0.000000 12.374491
v -27.761993 0.000000 13.187267
v -28.466063 0.000000 14.068001
v -26.018345 0.000000 14.281374
v -26.216494 0.000000 14.316055
v -26.427622 0.000000 14.348454
v -26.651699 0.000000 14.378044
v -26.888712 0.000000 14.404290
v -27.138599 0.000000 14.426664
v -27.401312 0.000000 14.444633
v -27.676754 0.000000 14.457672
v -27.964836 0.000000 14.465252
v -28.265450 0.000000 14.466845
v -27.123451 0.000000 12.512899
v -28.107725 0.000000 13.600835
v -28.285559 0.000000 13.827607
v -27.432673 0.000000 12.825344
v -27.595051 0.000000 12.999981
v -27.933043 0.000000 13.387468
v -25.666910 0.000000 15.279524
v -25.833168 0.000000 14.244941
v -24.202652 0.000000 16.867208
v -24.576443 0.000000 16.978001
v -24.783024 0.000000 17.032291
v -25.002781 0.000000 17.085140
v -25.802258 0.000000 15.444760
v -25.536201 0.000000 15.126616
v -25.410585 0.000000 14.985765
v -26.085012 0.000000 15.813234
v -26.532074 0.000000 16.464386
v -26.685232 0.000000 16.708504
v -25.235752 0.000000 17.136017
v -25.481937 0.000000 17.184389
v -25.741325 0.000000 17.229721
v -26.013895 0.000000 17.271481
v -26.299614 0.000000 17.309132
v -25.941784 0.000000 15.622581
v -26.839617 0.000000 16.966450
v -26.231462 0.000000 16.016945
v -26.380651 0.000000 16.233929
v -24.792536 0.000000 19.406342
v -24.289186 0.000000 18.453234
v -23.929159 0.000000 17.878746
v -24.383007 0.000000 16.922796
v -26.598408 0.000000 17.342136
v -23.704945 0.000000 17.559801
v -24.046495 0.000000 18.057224
v -22.866903 0.000000 19.529518
v -24.346247 0.000000 19.963367
v -24.166666 0.000000 18.248653
v -23.815151 0.000000 17.713011
v -22.126774 0.000000 20.674789
v -22.027269 0.000000 20.471846
v -22.480516 0.000000 19.378809
v -22.667120 0.000000 19.453930
v -23.079929 0.000000 19.605045
v -23.799314 0.000000 19.826035
v -24.066031 0.000000 19.896053
v -24.639959 0.000000 20.027426
v -21.929235 0.000000 20.282082
v -22.628199 0.000000 21.891552
v -20.166874 0.000000 21.530630
v -20.331730 0.000000 21.622505
v -20.904207 0.000000 21.910156
v -21.121510 0.000000 22.008364
v -21.352255 0.000000 22.106859
v -21.596550 0.000000 22.205132
v -24.539225 0.000000 18.902525
v -24.665730 0.000000 19.147549
v -24.413538 0.000000 18.671135
v -24.919107 0.000000 19.679005
v -21.739584 0.000000 19.941446
v -22.306961 0.000000 19.304672
v -23.306303 0.000000 19.679996
v -23.546085 0.000000 19.753838
v -22.227234 0.000000 20.891054
v -22.328135 0.000000 21.120762
v -20.509462 0.000000 21.716721
v -22.529144 0.000000 21.620926
v -22.725580 0.000000 22.175961
v -21.833172 0.000000 20.105339
v -22.428947 0.000000 21.364021
v -20.283072 0.000000 24.429949
v -19.998098 0.000000 23.338984
v -19.921761 0.000000 23.099991
v -19.766712 0.000000 22.662178
v -20.700243 0.000000 21.812777
v -21.854486 0.000000 22.302650
v -22.126135 0.000000 22.398880
v -22.411537 0.000000 22.493292
v -20.145723 0.000000 23.857422
v -17.805836 0.000000 23.520697
v -17.960182 0.000000 23.629299
v -18.705309 0.000000 24.095600
v -18.924488 0.000000 24.217676
v -19.403507 0.000000 24.464890
v -19.663603 0.000000 24.588987
v -19.937576 0.000000 24.712711
v -19.611990 0.000000 22.277386
v -19.689049 0.000000 22.463203
v -19.844456 0.000000 22.874411
v -20.072931 0.000000 23.591450
v -20.215950 0.000000 24.136923
v -19.536047 0.000000 22.104614
v -17.618332 0.000000 26.416281
v -17.582211 0.000000 26.117840
v -17.541586 0.000000 25.832531
v -17.496992 0.000000 25.560410
v -17.448956 0.000000 25.301502
v -17.398024 0.000000 25.055838
v -17.344719 0.000000 24.823414
v -17.289583 0.000000 24.604214
v -17.233147 0.000000 24.398212
v -17.118465 0.000000 24.025595
v -18.127098 0.000000 23.741575
v -18.306787 0.000000 23.857050
v -18.499460 0.000000 23.975216
v -19.157177 0.000000 24.340944
v -17.175934 0.000000 24.205360
v -15.391863 0.000000 25.377205
v -15.546127 0.000000 25.506313
v -15.712759 0.000000 25.639938
v -15.892025 0.000000 25.777603
v -16.084160 0.000000 25.918833
v -16.507912 0.000000 26.210073
v -17.245173 0.000000 26.661381
v -15.249710 0.000000 25.253067
v -14.729351 0.000000 27.249321
v -14.683664 0.000000 26.737167
v -14.654953 0.000000 26.500446
v -14.588436 0.000000 26.065914
v -14.551691 0.000000 25.868137
v -16.289385 0.000000 26.063154
v -16.739937 0.000000 26.359085
v -16.985638 0.000000 26.509697
v -14.623030 0.000000 26.276686
v -14.708641 0.000000 26.986813
v -13.475809 0.000000 27.623085
v -14.121569 0.000000 28.139956
v -14.363831 0.000000 28.317938
v -14.755835 0.000000 27.812605
v -13.677780 0.000000 27.792038
v -11.808432 0.000000 28.125561
v -11.807175 0.000000 28.376450
v -10.697792 0.000000 29.069510
v -14.745251 0.000000 27.524612
v -14.760563 0.000000 28.113182
v -14.513327 0.000000 25.683346
v -11.767794 0.000000 29.202650
v -12.526505 0.000000 26.708752
v -12.654903 0.000000 26.847076
v -12.794821 0.000000 26.991600
v -12.946581 0.000000 27.141909
v -13.110472 0.000000 27.297556
v -13.286793 0.000000 27.458103
v -13.892954 0.000000 27.964489
v -11.783884 0.000000 27.448025
v -11.800329 0.000000 28.639681
v -11.787374 0.000000 28.915127
v -11.741076 0.000000 29.502077
v -9.666058 0.000000 27.871820
v -9.779294 0.000000 28.022800
v -10.185279 0.000000 28.518435
v -10.343853 0.000000 28.696533
v -10.893764 0.000000 29.263504
v -11.768017 0.000000 27.247494
v -11.804621 0.000000 27.887135
v -11.749182 0.000000 27.059708
v -11.796263 0.000000 27.661259
v -8.700348 0.000000 29.988840
v -8.840251 0.000000 28.742775
v -9.903340 0.000000 28.181160
v -10.038557 0.000000 28.346510
v -10.514587 0.000000 28.880367
v -11.102783 0.000000 29.461906
v -11.325111 0.000000 29.664238
v -8.856308 0.000000 28.139595
v -8.855412 0.000000 28.328323
v -8.776348 0.000000 29.455183
v -6.796540 0.000000 28.891504
v -7.287584 0.000000 29.620556
v -7.438166 0.000000 29.821230
v -7.775219 0.000000 30.241909
v -8.162315 0.000000 30.685534
v -8.742023 0.000000 29.716261
v -8.803823 0.000000 29.205803
v -5.517998 0.000000 30.733995
v -5.587938 0.000000 30.467266
v -7.020548 0.000000 29.240543
v -7.148497 0.000000 29.426863
v -7.600597 0.000000 30.028488
v -7.962351 0.000000 30.461065
v -5.819614 0.000000 29.298231
v -5.787384 0.000000 29.509380
v -5.439064 0.000000 31.011164
v -5.350677 0.000000 31.298494
v -4.151470 0.000000 30.220053
v -4.420130 0.000000 30.658466
v -4.571484 0.000000 30.888969
v -4.734683 0.000000 31.126492
v -4.910089 0.000000 31.370628
v -8.850233 0.000000 28.529417
v -8.650818 0.000000 30.272747
v -8.592949 0.000000 30.567739
v -8.824951 0.000000 28.968281
v -6.699707 0.000000 28.729515
v -6.903357 0.000000 29.061964
v -5.845785 0.000000 29.098782
v -3.659954 0.000000 29.272438
v -4.033391 0.000000 30.012878
v -4.280252 0.000000 30.435371
v -5.702757 0.000000 29.966061
v -5.649366 0.000000 30.211206
v -5.866405 0.000000 28.911182
v -5.748600 0.000000 29.732054
v -2.049784 0.000000 31.686333
v -2.539209 0.000000 30.398006
v -2.671110 0.000000 29.952671
v -2.812228 0.000000 29.366009
v -3.739325 0.000000 29.443668
v -3.827734 0.000000 29.624355
v -3.925619 0.000000 29.814205
v -2.725236 0.000000 29.746044
v -0.580101 0.000000 29.494654
v -0.641138 0.000000 29.673239
v -0.710178 0.000000 29.862183
v -0.874097 0.000000 30.270069
v -2.609262 0.000000 30.170063
v -2.460485 0.000000 30.636225
v -2.372633 0.000000 30.884457
v -2.275192 0.000000 31.142418
v -2.772112 0.000000 29.550419
v 1.127375 0.000000 31.464340
v 0.992540 0.000000 31.209639
v 0.868670 0.000000 30.963280
v 0.755348 0.000000 30.725586
v -0.969870 0.000000 30.488449
v -1.075440 0.000000 30.716047
v -1.191232 0.000000 30.952547
v -1.317665 0.000000 31.197605
v -1.455145 0.000000 31.450884
v -1.604067 0.000000 31.712021
v 0.272763 0.000000 29.499096
v 0.331936 0.000000 29.678305
v 0.558662 0.000000 30.277534
v 0.652157 0.000000 30.496899
v 2.222354 0.000000 30.422810
v -2.167723 0.000000 31.409821
v 0.474430 0.000000 30.067791
v 0.399004 0.000000 29.867956
v -0.787681 0.000000 30.061216
v 2.506106 0.000000 29.393715
v 1.273571 0.000000 31.727011
v 4.410117 0.000000 31.174135
v 4.249400 0.000000 30.934921
v 3.962908 0.000000 30.478310
v 3.518870 0.000000 29.662630
v 2.464072 0.000000 29.577698
v 2.415158 0.000000 29.772823
v 2.358886 0.000000 29.978878
v 2.294777 0.000000 30.195614
v 2.141153 0.000000 30.660198
v 2.050715 0.000000 30.907499
v 1.950593 0.000000 31.164436
v 1.840342 0.000000 31.430698
v 1.719529 0.000000 31.705969
v 3.720467 0.000000 30.053276
v 5.542285 0.000000 29.158104
v 5.479611 0.000000 29.568077
v 5.438508 0.000000 29.790333
v 5.390225 0.000000 30.023853
v 5.270193 0.000000 30.523832
v 5.024283 0.000000 31.352539
v 3.354764 0.000000 29.308987
v 3.836380 0.000000 30.261665
v 3.432347 0.000000 29.481030
v 6.715505 0.000000 29.312099
v 5.564857 0.000000 28.970734
v 5.514036 0.000000 29.357273
v 5.334286 0.000000 30.268423
v 6.978569 0.000000 29.694878
v 8.387417 0.000000 30.077866
v 4.100454 0.000000 30.702860
v 3.614767 0.000000 29.853487
v 4.582968 0.000000 31.420082
v 6.841509 0.000000 29.499744
v 5.197477 0.000000 30.789816
v 5.115661 0.000000 31.066145
v 7.127054 0.000000 29.897116
v 7.287316 0.000000 30.106049
v 7.842157 0.000000 30.768911
v 8.431933 0.000000 29.805733
v 8.334937 0.000000 30.361233
v 6.400008 0.000000 28.797760
v 7.459703 0.000000 30.321272
v 6.495148 0.000000 28.960754
v 6.600180 0.000000 29.132317
v 7.644545 0.000000 30.542374
v 10.588271 0.000000 29.375423
v 10.394339 0.000000 29.179396
v 9.609183 0.000000 28.282822
v 8.562641 0.000000 28.230339
v 8.559773 0.000000 28.419044
v 8.552498 0.000000 28.620075
v 8.540302 0.000000 28.833321
v 8.522654 0.000000 29.058662
v 8.499048 0.000000 29.295944
v 8.468973 0.000000 29.545031
v 8.273994 0.000000 30.655605
v 9.375133 0.000000 27.971018
v 10.044300 0.000000 28.802750
v 11.462889 0.000000 29.323673
v 11.433052 0.000000 29.622807
v 9.486792 0.000000 28.123173
v 10.213107 0.000000 28.988354
v 10.795212 0.000000 29.575989
v 11.015423 0.000000 29.780628
v 9.742664 0.000000 28.449564
v 9.887592 0.000000 28.623013
v 14.068001 0.000000 28.466063
v 13.827606 0.000000 28.285559
v 13.600838 0.000000 28.107725
v 13.187267 0.000000 27.761990
v 12.999981 0.000000 27.595051
v 12.825344 0.000000 27.432673
v 11.466606 0.000000 27.180653
v 11.483482 0.000000 27.368624
v 11.497263 0.000000 27.569313
v 11.507416 0.000000 27.782669
v 11.513420 0.000000 28.008612
v 11.514748 0.000000 28.247066
v 11.510876 0.000000 28.497931
v 11.501289 0.000000 28.761074
v 11.485464 0.000000 29.036373
v 12.247541 0.000000 26.837822
v 12.374491 0.000000 26.977472
v 12.512899 0.000000 27.123451
v 12.663084 0.000000 27.275328
v 13.387470 0.000000 27.933044
v 14.244944 0.000000 25.833168
v 14.348457 0.000000 26.427622
v 14.378048 0.000000 26.651699
v 14.281374 0.000000 26.018345
v 14.457672 0.000000 27.676754
v 14.466848 0.000000 28.265450
v 16.464386 0.000000 26.532072
v 16.233929 0.000000 26.380653
v 16.016945 0.000000 26.231462
v 15.813236 0.000000 26.085018
v 15.126617 0.000000 25.536203
v 14.316055 0.000000 26.216492
v 14.404289 0.000000 26.888706
v 14.426664 0.000000 27.138599
v 14.444632 0.000000 27.401312
v 14.465250 0.000000 27.964838
v 15.279526 0.000000 25.666912
v 16.708504 0.000000 26.685232
v 16.867208 0.000000 24.202652
v 16.978001 0.000000 24.576439
v 17.032295 0.000000 24.783028
v 17.309134 0.000000 26.299614
v 15.444761 0.000000 25.802258
v 16.966450 0.000000 26.839617
v 14.985765 0.000000 25.410587
v 15.622583 0.000000 25.941784
v 18.902529 0.000000 24.539227
v 17.184391 0.000000 25.481936
v 18.057226 0.000000 24.046494
v 19.453934 0.000000 22.667124
v 19.605049 0.000000 23.079931
v 19.680000 0.000000 23.306307
v 19.753841 0.000000 23.546085
v 19.896059 0.000000 24.066029
v 20.027428 0.000000 24.639957
v 19.679010 0.000000 24.919109
v 16.922796 0.000000 24.383005
v 17.085140 0.000000 25.002781
v 17.136017 0.000000 25.235752
v 17.229721 0.000000 25.741325
v 17.271481 0.000000 26.013895
v 17.342140 0.000000 26.598408
v 17.559803 0.000000 23.704945
v 18.453234 0.000000 24.289186
v 18.671139 0.000000 24.413542
v 19.378811 0.000000 22.480516
v 19.826038 0.000000 23.799313
v 19.963367 0.000000 24.346247
v 17.878742 0.000000 23.929161
v 19.147549 0.000000 24.665733
v 17.713013 0.000000 23.815149
v 18.248657 0.000000 24.166668
v 19.406340 0.000000 24.792534
v 21.891562 0.000000 22.628202
v 19.941448 0.000000 21.739588
v 19.304676 0.000000 22.306965
v 19.529522 0.000000 22.866903
v 21.530636 0.000000 20.166876
v 21.716722 0.000000 20.509464
v 21.812780 0.000000 20.700243
v 22.008362 0.000000 21.121513
v 22.205139 0.000000 21.596560
v 20.105339 0.000000 21.833172
v 20.282084 0.000000 21.929235
v 20.891054 0.000000 22.227236
v 20.674791 0.000000 22.126774
v 24.136923 0.000000 20.215950
v 22.104609 0.000000 19.536045
v 21.622503 0.000000 20.331732
v 21.910160 0.000000 20.904213
v 22.398880 0.000000 22.126129
v 22.493296 0.000000 22.411539
v 22.463205 0.000000 19.689047
v 22.662176 0.000000 19.766708
v 23.857422 0.000000 20.145723
v 24.429949 0.000000 20.283070
v 23.741575 0.000000 18.127092
v 20.471848 0.000000 22.027271
v 21.120768 0.000000 22.328133
v 21.364027 0.000000 22.428946
v 21.620926 0.000000 22.529142
v 22.175962 0.000000 22.725580
v 22.277386 0.000000 19.611988
v 22.106857 0.000000 21.352257
v 22.302645 0.000000 21.854486
v 22.874413 0.000000 19.844456
v 23.099991 0.000000 19.921761
v 23.338987 0.000000 19.998095
v 23.591454 0.000000 20.072929
v 23.975222 0.000000 18.499458
v 24.340946 0.000000 19.157177
v 24.712715 0.000000 19.937574
v 25.832529 0.000000 17.541586
v 24.823414 0.000000 17.344721
v 24.025595 0.000000 17.118465
v 23.520699 0.000000 17.805836
v 23.629303 0.000000 17.960184
v 23.857054 0.000000 18.306787
v 24.095596 0.000000 18.705305
v 24.217676 0.000000 18.924490
v 24.464895 0.000000 19.403503
v 24.588991 0.000000 19.663603
v 24.205362 0.000000 17.175928
v 25.301504 0.000000 17.448956
v 25.560410 0.000000 17.496992
v 26.117838 0.000000 17.582212
v 25.506311 0.000000 15.546124
v 25.777601 0.000000 15.892023
v 26.063160 0.000000 16.289381
v 26.210075 0.000000 16.507914
v 26.359089 0.000000 16.739937
v 26.509691 0.000000 16.985636
v 26.661381 0.000000 17.245174
v 24.604214 0.000000 17.289583
v 26.500450 0.000000 14.654951
v 25.253067 0.000000 15.249708
v 25.377205 0.000000 15.391857
v 25.868137 0.000000 14.551689
v 26.708755 0.000000 12.526506
v 27.141909 0.000000 12.946581
v 27.297562 0.000000 13.110474
v 26.416281 0.000000 17.618332
v 24.398216 0.000000 17.233147
v 25.055843 0.000000 17.398022
v 26.276686 0.000000 14.623032
v 25.639940 0.000000 15.712761
v 25.918839 0.000000 16.084160
v 27.524614 0.000000 14.745251
v 27.812603 0.000000 14.755833
v 26.991600 0.000000 12.794825
v 27.792038 0.000000 13.677780
v 28.317934 0.000000 14.363827
v 25.683346 0.000000 14.513329
v 26.065914 0.000000 14.588430
v 26.986813 0.000000 14.708639
v 27.249319 0.000000 14.729351
v 28.113182 0.000000 14.760563
v 26.737173 0.000000 14.683664
v 27.247496 0.000000 11.768017
v 26.847075 0.000000 12.654902
v 27.458103 0.000000 13.286793
v 27.623087 0.000000 13.475811
v 27.964493 0.000000 13.892958
v 28.139954 0.000000 14.121569
v 28.376450 0.000000 11.807178
v 28.639687 0.000000 11.800329
v 29.502075 0.000000 11.741077
v 27.059706 0.000000 11.749182
v 28.125561 0.000000 11.808430
v 29.202654 0.000000 11.767788
v 30.567739 0.000000 8.592948
v 29.988846 0.000000 8.700348
v 28.968287 0.000000 8.824950
v 29.205803 0.000000 8.803822
v 28.891502 0.000000 6.796540
v 29.061962 0.000000 6.903355
v 29.240541 0.000000 7.020546
v 29.620562 0.000000 7.287582
v 29.821232 0.000000 7.438166
v 30.685532 0.000000 8.162310
v 27.448030 0.000000 11.783884
v 27.661263 0.000000 11.796263
v 27.887136 0.000000 11.804619
v 28.915127 0.000000 11.787373
v 28.742773 0.000000 8.840252
v 27.871815 0.000000 9.666057
v 28.022804 0.000000 9.779294
v 28.181158 0.000000 9.903340
v 28.346508 0.000000 10.038555
v 28.518438 0.000000 10.185278
v 28.696537 0.000000 10.343851
v 28.880367 0.000000 10.514585
v 29.069511 0.000000 10.697790
v 29.263502 0.000000 10.893761
v 29.461906 0.000000 11.102779
v 29.664240 0.000000 11.325111
v 28.328321 0.000000 8.855411
v 28.529415 0.000000 8.850231
v 29.455191 0.000000 8.776343
v 29.716259 0.000000 8.742023
v 30.272747 0.000000 8.650820
v 28.729515 0.000000 6.699705
v 30.028486 0.000000 7.600595
v 30.241909 0.000000 7.775217
v 30.461071 0.000000 7.962351
v 28.139593 0.000000 8.856309
v 30.211201 0.000000 5.649364
v 29.509380 0.000000 5.787384
v 29.426857 0.000000 7.148495
v 28.911180 0.000000 5.866404
v 29.732048 0.000000 5.748597
v 29.966061 0.000000 5.702757
v 30.467260 0.000000 5.587940
v 31.011162 0.000000 5.439068
v 29.272442 0.000000 3.659954
v 29.814207 0.000000 3.925617
v 30.658466 0.000000 4.420130
v 29.298233 0.000000 5.819613
v 31.298492 0.000000 5.350679
v 30.636229 0.000000 2.460486
v 29.550423 0.000000 2.772111
v 29.443668 0.000000 3.739323
v 29.624355 0.000000 3.827734
v 30.435373 0.000000 4.280249
v 31.142422 0.000000 2.275192
v 29.673233 0.000000 0.641138
v 30.716057 0.000000 1.075439
v 30.952549 0.000000 1.191233
v 29.098776 0.000000 5.845782
v 30.733997 0.000000 5.517996
v 31.686333 0.000000 2.049782
v 30.884459 0.000000 2.372632
v 30.012880 0.000000 4.033389
v 30.220058 0.000000 4.151466
v 30.888968 0.000000 4.571482
v 31.126490 0.000000 4.734682
v 31.370630 0.000000 4.910086
v 29.746048 0.000000 2.725233
v 31.409821 0.000000 2.167719
v 29.494652 0.000000 0.580101
v 29.862183 0.000000 0.710176
v 30.061218 0.000000 0.787681
v 31.197607 0.000000 1.317662
v 31.450886 0.000000 1.455141
v 31.712025 0.000000 1.604064
v 30.170067 0.000000 2.609261
v 29.366011 0.000000 2.812225
v 29.952667 0.000000 2.671109
v 30.398008 0.000000 2.539209
v 30.270069 0.000000 0.874096
v 30.488451 0.000000 0.969870
v 30.725586 0.000000 -0.755350
v 31.464338 0.000000 -1.127376
v 30.496901 0.000000 -0.652159
v 30.963280 0.000000 -0.868673
v 31.209639 0.000000 -0.992542
v 30.277533 0.000000 -0.558662
v 31.727009 0.000000 -1.273571
v 30.478319 0.000000 -3.962910
v 29.577703 0.000000 -2.464072
v 29.772821 0.000000 -2.415162
v 30.195614 0.000000 -2.294779
v 30.907499 0.000000 -2.050717
v 31.164438 0.000000 -1.950592
v 31.430695 0.000000 -1.840341
v 30.268423 0.000000 -5.334288
v 30.523827 0.000000 -5.270196
v 30.789820 0.000000 -5.197480
v 29.678307 0.000000 -0.331936
v 29.867960 0.000000 -0.399003
v 30.261669 0.000000 -3.836381
v 29.662630 0.000000 -3.518870
v 30.053274 0.000000 -3.720468
v 29.357273 0.000000 -5.514036
v 28.960749 0.000000 -6.495152
v 29.312099 0.000000 -6.715505
v 29.058657 0.000000 -8.522655
v 29.295952 0.000000 -8.499045
v 28.988352 0.000000 -10.213114
v 28.802750 0.000000 -10.044304
v 27.180653 0.000000 -11.466608
v 27.569313 0.000000 -11.497263
v 27.971020 0.000000 -9.375134
v 29.780630 0.000000 -11.015425
v 28.466063 0.000000 -14.068005
v 27.275328 0.000000 -12.663088
v 27.368622 0.000000 -11.483482
v 29.323673 0.000000 -11.462891
v 28.285561 0.000000 -13.827614
v 25.833168 0.000000 -14.244947
v 26.216494 0.000000 -14.316061
v 27.964838 0.000000 -14.465254
v 0.000000 0.000000 -34.600002
v -0.164695 0.000000 -34.599609
v -0.329386 0.000000 -34.598434
v -0.494070 0.000000 -34.596474
v -0.658743 0.000000 -34.593731
v -0.823400 0.000000 -34.590202
v -0.988039 0.000000 -34.585892
v -1.152656 0.000000 -34.580799
v -1.317247 0.000000 -34.574917
v -1.481807 0.000000 -34.568256
v -1.646335 0.000000 -34.560814
v -1.810824 0.000000 -34.552582
v -1.975273 0.000000 -34.543571
v -2.139677 0.000000 -34.533779
v -2.304033 0.000000 -34.523205
v -2.468336 0.000000 -34.511845
v -2.632583 0.000000 -34.499706
v -2.796771 0.000000 -34.486782
v -2.960896 0.000000 -34.473080
v -3.124953 0.000000 -34.458595
v -3.288939 0.000000 -34.443329
v -3.452852 0.000000 -34.427284
v -3.616685 0.000000 -34.410461
v -3.780437 0.000000 -34.392853
v -3.944103 0.000000 -34.374470
v -4.107680 0.000000 -34.355309
v -4.271163 0.000000 -34.335365
v -4.434550 0.000000 -34.314644
v -4.597837 0.000000 -34.293148
v -4.761019 0.000000 -34.270874
v -4.924094 0.000000 -34.247826
v -5.087057 0.000000 -34.223999
v -5.249904 0.000000 -34.199398
v -5.412633 0.000000 -34.174019
v -5.575239 0.000000 -34.147869
v -5.737719 0.000000 -34.120945
v -5.900068 0.000000 -34.093246
v -6.062284 0.000000 -34.064774
v -6.224363 0.000000 -34.035534
v -6.386301 0.000000 -34.005520
v -6.548094 0.000000 -33.974735
v -6.709738 0.000000 -33.943180
v -6.871231 0.000000 -33.910858
v -7.032567 0.000000 -33.877766
v -7.193746 0.000000 -33.843910
v -7.354760 0.000000 -33.809284
v -7.515607 0.000000 -33.773891
v -7.676285 0.000000 -33.737736
v -7.836788 0.000000 -33.700813
v -7.997115 0.000000 -33.663128
v -8.157260 0.000000 -33.624683
v -8.317220 0.000000 -33.585472
v -8.476992 0.000000 -33.545502
v -8.636571 0.000000 -33.504772
v -8.795955 0.000000 -33.463284
v -8.955139 0.000000 -33.421036
v -9.114121 0.000000 -33.378033
v -9.272897 0.000000 -33.334270
v -9.431461 0.000000 -33.289753
v -9.589813 0.000000 -33.244484
v -9.747949 0.000000 -33.198460
v -9.905860 0.000000 -33.151684
v -10.063549 0.000000 -33.104156
v -10.221010 0.000000 -33.055878
v -10.378239 0.000000 -33.006855
v -10.535234 0.000000 -32.957077
v -10.691989 0.000000 -32.906559
v -10.848503 0.000000 -32.855289
v -11.004768 0.000000 -32.803280
v -11.160788 0.000000 -32.750526
v -11.316552 0.000000 -32.697029
v -11.472062 0.000000 -32.642796
v -11.627309 0.000000 -32.587818
v -11.782296 0.000000 -32.532104
v -11.937015 0.000000 -32.475651
v -12.091462 0.000000 -32.418465
v -12.245635 0.000000 -32.360542
v -12.399532 0.000000 -32.301884
v -12.553148 0.000000 -32.242496
v -12.706478 0.000000 -32.182381
v -12.859523 0.000000 -32.121532
v -13.012274 0.000000 -32.059956
v -13.164731 0.000000 -31.997656
v -13.316890 0.000000 -31.934629
v -13.468747 0.000000 -31.870880
v -13.620298 0.000000 -31.806410
v -13.771542 0.000000 -31.741215
v -13.922473 0.000000 -31.675303
v -14.073090 0.000000 -31.608673
v -14.223387 0.000000 -31.541328
v -14.373362 0.000000 -31.473269
v -14.523010 0.000000 -31.404495
v -14.672330 0.000000 -31.335011
v -14.821318 0.000000 -31.264814
v -14.969969 0.000000 -31.193913
v -15.118281 0.000000 -31.122303
v -15.266251 0.000000 -31.049988
v -15.413875 0.000000 -30.976969
v -15.561152 0.000000 -30.903250
v -15.708074 0.000000 -30.828829
v -15.854639 0.000000 -30.753708
v -16.000847 0.000000 -30.677893
v -16.146690 0.000000 -30.601381
v -16.292170 0.000000 -30.524176
v -16.437281 0.000000 -30.446280
v -16.582016 0.000000 -30.367695
v -16.726377 0.000000 -30.288422
v -16.870361 0.000000 -30.208462
v -17.013960 0.000000 -30.127817
v -17.157177 0.000000 -30.046488
v -17.300001 0.000000 -29.964481
v -17.442438 0.000000 -29.881794
v -17.584476 0.000000 -29.798428
v -17.726116 0.000000 -29.714392
v -17.867353 0.000000 -29.629679
v -18.008188 0.000000 -29.544294
v -18.148613 0.000000 -29.458241
v -18.288628 0.000000 -29.371521
v -18.428228 0.000000 -29.284136
v -18.567413 0.000000 -29.196085
v -18.706175 0.000000 -29.107374
v -18.844513 0.000000 -29.018003
v -18.982424 0.000000 -28.927977
v -19.119904 0.000000 -28.837292
v -19.256954 0.000000 -28.745955
v -19.393564 0.000000 -28.653967
v -19.529737 0.000000 -28.561329
v -19.665466 0.000000 -28.468044
v -19.800751 0.000000 -28.374115
v -19.935587 0.000000 -28.279541
v -20.069973 0.000000 -28.184328
v -20.203901 0.000000 -28.088478
v -20.337370 0.000000 -27.991991
v -20.470383 0.000000 -27.894867
v -20.602930 0.000000 -27.797113
v -20.735008 0.000000 -27.698729
v -20.866617 0.000000 -27.599718
v -20.997757 0.000000 -27.500080
v -21.128418 0.000000 -27.399820
v -21.258602 0.000000 -27.298939
v -21.388302 0.000000 -27.197437
v -21.517521 0.000000 -27.095322
v -21.646250 0.000000 -26.992592
v -21.774487 0.000000 -26.889250
v -21.902233 0.000000 -26.785301
v -22.029482 0.000000 -26.680744
v -22.156233 0.000000 -26.575583
v -22.282480 0.000000 -26.469818
v -22.408224 0.000000 -26.363453
v -22.533459 0.000000 -26.256493
v -22.658184 0.000000 -26.148935
v -22.782394 0.000000 -26.040787
v -22.906090 0.000000 -25.932049
v -23.029266 0.000000 -25.822723
v -23.151920 0.000000 -25.712812
v -23.274050 0.000000 -25.602320
v -23.395655 0.000000 -25.491245
v -23.516726 0.000000 -25.379593
v -23.637266 0.000000 -25.267366
v -23.757267 0.000000 -25.154570
v -23.876738 0.000000 -25.041197
v -23.995663 0.000000 -24.927261
v -24.114040 0.000000 -24.812761
v -24.231876 0.000000 -24.697699
v -24.349163 0.000000 -24.582075
v -24.465897 0.000000 -24.465897
v -24.582075 0.000000 -24.349163
v -24.697699 0.000000 -24.231876
v -24.812761 0.000000 -24.114040
v -24.927261 0.000000 -23.995663
v -25.041197 0.000000 -23.876738
v -25.154570 0.000000 -23.757267
v -25.267366 0.000000 -23.637266
v -25.379593 0.000000 -23.516726
v -25.491245 0.000000 -23.395655
v -25.602320 0.000000 -23.274050
v -25.712812 0.000000 -23.151920
v -25.822723 0.000000 -23.029266
v -25.932049 0.000000 -22.906090
v -26.040787 0.000000 -22.782394
v -26.148935 0.000000 -22.658184
v -26.256493 0.000000 -22.533459
v -26.363453 0.000000 -22.408224
v -26.469818 0.000000 -22.282480
v -26.575583 0.000000 -22.156233
v -26.680744 0.000000 -22.029482
v -26.785301 0.000000 -21.902233
v -26.889250 0.000000 -21.774487
v -26.992592 0.000000 -21.646250
v -27.095322 0.000000 -21.517521
v -27.197437 0.000000 -21.388302
v -27.298939 0.000000 -21.258602
v -27.399820 0.000000 -21.128418
v -27.500080 0.000000 -20.997757
v -27.599718 0.000000 -20.866617
v -27.698729 0.000000 -20.735008
v -27.797113 0.000000 -20.602930
v -27.894867 0.000000 -20.470383
v -27.991991 0.000000 -20.337370
v -28.088478 0.000000 -20.203901
v -28.184328 0.000000 -20.069973
v -28.279541 0.000000 -19.935587
v -28.374115 0.000000 -19.800751
v -28.468044 0.000000 -19.665466
v -28.561329 0.000000 -19.529737
v -28.653967 0.000000 -19.393564
v -28.745955 0.000000 -19.256954
v -28.837292 0.000000 -19.119904
v -28.927977 0.000000 -18.982424
v -29.018003 0.000000 -18.844513
v -29.107374 0.000000 -18.706175
v -29.196085 0.000000 -18.567413
v -29.284136 0.000000 -18.428228
v -29.371521 0.000000 -18.288628
v -29.458241 0.000000 -18.148613
v -29.544294 0.000000 -18.008188
v -29.629679 0.000000 -17.867353
v -29.714392 0.000000 -17.726116
v -29.798428 0.000000 -17.584476
v -29.881794 0.000000 -17.442438
v -29.964481 0.000000 -17.300001
v -30.046488 0.000000 -17.157177
v -30.127817 0.000000 -17.013960
v -30.208462 0.000000 -16.870361
v -30.288422 0.000000 -16.726377
v -30.367695 0.000000 -16.582016
v -30.446280 0.000000 -16.437281
v -30.524176 0.000000 -16.292170
v -30.601381 0.000000 -16.146690
v -30.677893 0.000000 -16.000847
v -30.753708 0.000000 -15.854639
v -30.828829 0.000000 -15.708074
v -30.903250 0.000000 -15.561152
v -30.976969 0.000000 -15.413875
v -31.049988 0.000000 -15.266251
v -31.122303 0.000000 -15.118281
v -31.193913 0.000000 -14.969969
v -31.264814 0.000000 -14.821318
v -31.335011 0.000000 -14.672330
v -31.404495 0.000000 -14.523010
v -31.473269 0.000000 -14.373362
v -31.541328 0.000000 -14.223387
v -31.608673 0.000000 -14.073090
v -31.675303 0.000000 -13.922473
v -31.741215 0.000000 -13.771542
v -31.806410 0.000000 -13.620298
v -31.870880 0.000000 -13.468747
v -31.934629 0.000000 -13.316890
v -31.997656 0.000000 -13.164731
v -32.059956 0.000000 -13.012274
v -32.121532 0.000000 -12.859523
v -32.182381 0.000000 -12.706478
v -32.242496 0.000000 -12.553148
v -32.301884 0.000000 -12.399532
v -32.360542 0.000000 -12.245635
v -32.418465 0.000000 -12.091462
v -32.475651 0.000000 -11.937015
v -32.532104 0.000000 -11.782296
v -32.587818 0.000000 -11.627309
v -32.642796 0.000000 -11.472062
v -32.697029 0.000000 -11.316552
v -32.750526 0.000000 -11.160788
v -32.803280 0.000000 -11.004768
v -32.855289 0.000000 -10.848503
v -32.906559 0.000000 -10.691989
v -32.957077 0.000000 -10.535234
v -33.006855 0.000000 -10.378239
v -33.055878 0.000000 -10.221010
v -33.104156 0.000000 -10.063549
v -33.151684 0.000000 -9.905860
v -33.198460 0.000000 -9.747949
v -33.244484 0.000000 -9.589813
v -33.289753 0.000000 -9.431461
v -33.334270 0.000000 -9.272897
v -33.378033 0.000000 -9.114121
v -33.421036 0.000000 -8.955139
v -33.463284 0.000000 -8.795955
v -33.504772 0.000000 -8.636571
v -33.545502 0.000000 -8.476992
v -33.585472 0.000000 -8.317220
v -33.624683 0.000000 -8.157260
v -33.663128 0.000000 -7.997115
v -33.700813 0.000000 -7.836788
v -33.737736 0.000000 -7.676285
v -33.773891 0.000000 -7.515607
v -33.809284 0.000000 -7.354760
v -33.843910 0.000000 -7.193746
v -33.877766 0.000000 -7.032567
v -33.910858 0.000000 -6.871231
v -33.943180 0.000000 -6.709738
v -33.974735 0.000000 -6.548094
v -34.005520 0.000000 -6.386301
v -34.035534 0.000000 -6.224363
v -34.064774 0.000000 -6.062284
v -34.093246 0.000000 -5.900068
v -34.120945 0.000000 -5.737719
v -34.147869 0.000000 -5.575239
v -34.174019 0.000000 -5.412633
v -34.199398 0.000000 -5.249904
v -34.223999 0.000000 -5.087057
v -34.247826 0.000000 -4.924094
v -34.270874 0.000000 -4.761019
v -34.293148 0.000000 -4.597837
v -34.314644 0.000000 -4.434550
v -34.335365 0.000000 -4.271163
v -34.355309 0.000000 -4.107680
v -34.374470 0.000000 -3.944103
v -34.392853 0.000000 -3.780437
v -34.410461 0.000000 -3.616685
v -34.427284 0.000000 -3.452852
v -34.443329 0.000000 -3.288939
v -34.458595 0.000000 -3.124953
v -34.473080 0.000000 -2.960896
v -34.486782 0.000000 -2.796771
v -34.499706 0.000000 -2.632583
v -34.511845 0.000000 -2.468336
v -34.523205 0.000000 -2.304033
v -34.533779 0.000000 -2.139677
v -34.543571 0.000000 -1.975273
v -34.552582 0.000000 -1.810824
v -34.560814 0.000000 -1.646335
v -34.568256 0.000000 -1.481807
v -34.574917 0.000000 -1.317247
v -34.580799 0.000000 -1.152656
v -34.585892 0.000000 -0.988039
v -34.590202 0.000000 -0.823400
v -34.593731 0.000000 -0.658743
v -34.596474 0.000000 -0.494070
v -34.598434 0.000000 -0.329386
v -34.599609 0.000000 -0.164695
v -34.600002 0.000000 0.000000
v -34.599609 0.000000 0.164695
v -34.598434 0.000000 0.329386
v -34.596474 0.000000 0.494070
v -34.593731 0.000000 0.658743
v -34.590202 0.000000 0.823400
v -34.585892 0.000000 0.988039
v -34.580799 0.000000 1.152656
v -34.574917 0.000000 1.317247
v -34.568256 0.000000 1.481807
v -34.560814 0.000000 1.646335
v -34.552582 0.000000 1.810824
v -34.543571 0.000000 1.975273
v -34.533779 0.000000 2.139677
v -34.523205 0.000000 2.304033
v -34.511845 0.000000 2.468336
v -34.499706 0.000000 2.632583
v -34.486782 0.000000 2.796771
v -34.473080 0.000000 2.960896
v -34.458595 0.000000 3.124953
v -34.443329 0.000000 3.288939
v -34.427284 0.000000 3.452852
v -34.410461 0.000000 3.616685
v -34.392853 0.000000 3.780437
v -34.374470 0.000000 3.944103
v -34.355309 0.000000 4.107680
v -34.335365 0.000000 4.271163
v -34.314644 0.000000 4.434550
v -34.293148 0.000000 4.597837
v -34.270874 0.000000 4.761019
v -34.247826 0.000000 4.924094
v -34.223999 0.000000 5.087057
v -34.199398 0.000000 5.249904
v -34.174019 0.000000 5.412633
v -34.147869 0.000000 5.575239
v -34.120945 0.000000 5.737719
v -34.093246 0.000000 5.900068
v -34.064774 0.000000 6.062284
v -34.035534 0.000000 6.224363
v -34.005520 0.000000 6.386301
v -33.974735 0.000000 6.548094
v -33.943180 0.000000 6.709738
v -33.910858 0.000000 6.871231
v -33.877766 0.000000 7.032567
v -33.843910 0.000000 7.193746
v -33.809284 0.000000 7.354760
v -33.773891 0.000000 7.515607
v -33.737736 0.000000 7.676285
v -33.700813 0.000000 7.836788
v -33.663128 0.000000 7.997115
v -33.624683 0.000000 8.157260
v -33.585472 0.000000 8.317220
v -33.545502 0.000000 8.476992
v -33.504772 0.000000 8.636571
v -33.463284 0.000000 8.795955
v -33.421036 0.000000 8.955139
v -33.378033 0.000000 9.114121
v -33.334270 0.000000 9.272897
v -33.289753 0.000000 9.431461
v -33.244484 0.000000 9.589813
v -33.198460 0.000000 9.747949
v -33.151684 0.000000 9.905860
v -33.104156 0.000000 10.063549
v -33.055878 0.000000 10.221010
v -33.006855 0.000000 10.378239
v -32.957077 0.000000 10.535234
v -32.906559 0.000000 10.691989
v -32.855289 0.000000 10.848503
v -32.803280 0.000000 11.004768
v -32.750526 0.000000 11.160788
v -32.697029 0.000000 11.316552
v -32.642796 0.000000 11.472062
v -32.587818 0.000000 11.627309
v -32.532104 0.000000 11.782296
v -32.475651 0.000000 11.937015
v -32.418465 0.000000 12.091462
v -32.360542 0.000000 12.245635
v -32.301884 0.000000 12.399532
v -32.242496 0.000000 12.553148
v -32.182381 0.000000 12.706478
v -32.121532 0.000000 12.859523
v -32.059956 0.000000 13.012274
v -31.997656 0.000000 13.164731
v -31.934629 0.000000 13.316890
v -31.870880 0.000000 13.468747
v -31.806410 0.000000 13.620298
v -31.741215 0.000000 13.771542
v -31.675303 0.000000 13.922473
v -31.608673 0.000000 14.073090
v -31.541328 0.000000 14.223387
v -31.473269 0.000000 14.373362
v -31.404495 0.000000 14.523010
v -31.335011 0.000000 14.672330
v -31.264814 0.000000 14.821318
v -31.193913 0.000000 14.969969
v -31.122303 0.000000 15.118281
v -31.049988 0.000000 15.266251
v -30.976969 0.000000 15.413875
v -30.903250 0.000000 15.561152
v -30.828829 0.000000 15.708074
v -30.753708 0.000000 15.854639
v -30.677893 0.000000 16.000847
v -30.601381 0.000000 16.146690
v -30.524176 0.000000 16.292170
v -30.446280 0.000000 16.437281
v -30.367695 0.000000 16.582016
v -30.288422 0.000000 16.726377
v -30.208462 0.000000 16.870361
v -30.127817 0.000000 17.013960
v -30.046488 0.000000 17.157177
v -29.964481 0.000000 17.300001
v -29.881794 0.000000 17.442438
v -29.798428 0.000000 17.584476
v -29.714392 0.000000 17.726116
v -29.629679 0.000000 17.867353
v -29.544294 0.000000 18.008188
v -29.458241 0.000000 18.148613
v -29.371521 0.000000 18.288628
v -29.284136 0.000000 18.428228
v -29.196085 0.000000 18.567413
v -29.107374 0.000000 18.706175
v -29.018003 0.000000 18.844513
v -28.927977 0.000000 18.982424
v -28.837292 0.000000 19.119904
v -28.745955 0.000000 19.256954
v -28.653967 0.000000 19.393564
v -28.561329 0.000000 19.529737
v -28.468044 0.000000 19.665466
v -28.374115 0.000000 19.800751
v -28.279541 0.000000 19.935587
v -28.184328 0.000000 20.069973
v -28.088478 0.000000 20.203901
v -27.991991 0.000000 20.337370
v -27.894867 0.000000 20.470383
v -27.797113 0.000000 20.602930
v -27.698729 0.000000 20.735008
v -27.599718 0.000000 20.866617
v -27.500080 0.000000 20.997757
v -27.399820 0.000000 21.128418
v -27.298939 0.000000 21.258602
v -27.197437 0.000000 21.388302
v -27.095322 0.000000 21.517521
v -26.992592 0.000000 21.646250
v -26.889250 0.000000 21.774487
v -26.785301 0.000000 21.902233
v -26.680744 0.000000 22.029482
v -26.575583 0.000000 22.156233
v -26.469818 0.000000 22.282480
v -26.363453 0.000000 22.408224
v -26.256493 0.000000 22.533459
v -26.148935 0.000000 22.658184
v -26.040787 0.000000 22.782394
v -25.932049 0.000000 22.906090
v -25.822723 0.000000 23.029266
v -25.712812 0.000000 23.151920
v -25.602320 0.000000 23.274050
v -25.491245 0.000000 23.395655
v -25.379593 0.000000 23.516726
v -25.267366 0.000000 23.637266
v -25.154570 0.000000 23.757267
v -25.041197 0.000000 23.876738
v -24.927261 0.000000 23.995663
v -24.812761 0.000000 24.114040
v -24.697699 0.000000 24.231876
v -24.582075 0.000000 24.349163
v -24.465897 0.000000 24.465897
v -24.349163 0.000000 24.582075
v -24.231876 0.000000 24.697699
v -24.114040 0.000000 24.812761
v -23.995663 0.000000 24.927261
v -23.876738 0.000000 25.041197
v -23.757267 0.000000 25.154570
v -23.637266 0.000000 25.267366
v -23.516726 0.000000 25.379593
v -23.395655 0.000000 25.491245
v -23.274050 0.000000 25.602320
v -23.151920 0.000000 25.712812
v -23.029266 0.000000 25.822723
v -22.906090 0.000000 25.932049
v -22.782394 0.000000 26.040787
v -22.658184 0.000000 26.148935
v -22.533459 0.000000 26.256493
v -22.408224 0.000000 26.363453
v -22.282480 0.000000 26.469818
v -22.156233 0.000000 26.575583
v -22.029482 0.000000 26.680744
v -21.902233 0.000000 26.785301
v -21.774487 0.000000 26.889250
v -21.646250 0.000000 26.992592
v -21.517521 0.000000 27.095322
v -21.388302 0.000000 27.197437
v -21.258602 0.000000 27.298939
v -21.128418 0.000000 27.399820
v -20.997757 0.000000 27.500080
v -20.866617 0.000000 27.599718
v -20.735008 0.000000 27.698729
v -20.602930 0.000000 27.797113
v -20.470383 0.000000 27.894867
v -20.337370 0.000000 27.991991
v -20.203901 0.000000 28.088478
v -20.069973 0.000000 28.184328
v -19.935587 0.000000 28.279541
v -19.800751 0.000000 28.374115
v -19.665466 0.000000 28.468044
v -19.529737 0.000000 28.561329
v -19.393564 0.000000 28.653967
v -19.256954 0.000000 28.745955
v -19.119904 0.000000 28.837292
v -18.982424 0.000000 28.927977
v -18.844513 0.000000 29.018003
v -18.706175 0.000000 29.107374
v -18.567413 0.000000 29.196085
v -18.428228 0.000000 29.284136
v -18.288628 0.000000 29.371521
v -18.148613 0.000000 29.458241
v -18.008188 0.000000 29.544294
v -17.867353 0.000000 29.629679
v -17.726116 0.000000 29.714392
v -17.584476 0.000000 29.798428
v -17.442438 0.000000 29.881794
v -17.300001 0.000000 29.964481
v -17.157177 0.000000 30.046488
v -17.013960 0.000000 30.127817
v -16.870361 0.000000 30.208462
v -16.726377 0.000000 30.288422
v -16.582016 0.000000 30.367695
v -16.437281 0.000000 30.446280
v -16.292170 0.000000 30.524176
v -16.146690 0.000000 30.601381
v -16.000847 0.000000 30.677893
v -15.854639 0.000000 30.753708
v -15.708074 0.000000 30.828829
v -15.561152 0.000000 30.903250
v -15.413875 0.000000 30.976969
v -15.266251 0.000000 31.049988
v -15.118281 0.000000 31.122303
v -14.969969 0.000000 31.193913
v -14.821318 0.000000 31.264814
v -14.672330 0.000000 31.335011
v -14.523010 0.000000 31.404495
v -14.373362 0.000000 31.473269
v -14.223387 0.000000 31.541328
v -14.073090 0.000000 31.608673
v -13.922473 0.000000 31.675303
v -13.771542 0.000000 31.741215
v -13.620298 0.000000 31.806410
v -13.468747 0.000000 31.870880
v -13.316890 0.000000 31.934629
v -13.164731 0.000000 31.997656
v -13.012274 0.000000 32.059956
v -12.859523 0.000000 32.121532
v -12.706478 0.000000 32.182381
v -12.553148 0.000000 32.242496
v -12.399532 0.000000 32.301884
v -12.245635 0.000000 32.360542
v -12.091462 0.000000 32.418465
v -11.937015 0.000000 32.475651
v -11.782296 0.000000 32.532104
v -11.627309 0.000000 32.587818
v -11.472062 0.000000 32.642796
v -11.316552 0.000000 32.697029
v -11.160788 0.000000 32.750526
v -11.004768 0.000000 32.803280
v -10.848503 0.000000 32.855289
v -10.691989 0.000000 32.906559
v -10.535234 0.000000 32.957077
v -10.378239 0.000000 33.006855
v -10.221010 0.000000 33.055878
v -10.063549 0.000000 33.104156
v -9.905860 0.000000 33.151684
v -9.747949 0.000000 33.198460
v -9.589813 0.000000 33.244484
v -9.431461 0.000000 33.289753
v -9.272897 0.000000 33.334270
v -9.114121 0.000000 33.378033
v -8.955139 0.000000 33.421036
v -8.795955 0.000000 33.463284
v -8.636571 0.000000 33.504772
v -8.476992 0.000000 33.545502
v -8.317220 0.000000 33.585472
v -8.157260 0.000000 33.624683
v -7.997115 0.000000 33.663128
v -7.836788 0.000000 33.700813
v -7.676285 0.000000 33.737736
v -7.515607 0.000000 33.773891
v -7.354760 0.000000 33.809284
v -7.193746 0.000000 33.843910
v -7.032567 0.000000 33.877766
v -6.871231 0.000000 33.910858
v -6.709738 0.000000 33.943180
v -6.548094 0.000000 33.974735
v -6.386301 0.000000 34.005520
v -6.224363 0.000000 34.035534
v -6.062284 0.000000 34.064774
v -5.900068 0.000000 34.093246
v -5.737719 0.000000 34.120945
v -5.575239 0.000000 34.147869
v -5.412633 0.000000 34.174019
v -5.249904 0.000000 34.199398
v -5.087057 0.000000 34.223999
v -4.924094 0.000000 34.247826
v -4.761019 0.000000 34.270874
v -4.597837 0.000000 34.293148
v -4.434550 0.000000 34.314644
v -4.271163 0.000000 34.335365
v -4.107680 0.000000 34.355309
v -3.944103 0.000000 34.374470
v -3.780437 0.000000 34.392853
v -3.616685 0.000000 34.410461
v -3.452852 0.000000 34.427284
v -3.288939 0.000000 34.443329
v -3.124953 0.000000 34.458595
v -2.960896 0.000000 34.473080
v -2.796771 0.000000 34.486782
v -2.632583 0.000000 34.499706
v -2.468336 0.000000 34.511845
v -2.304033 0.000000 34.523205
v -2.139677 0.000000 34.533779
v -1.975273 0.000000 34.543571
v -1.810824 0.000000 34.552582
v -1.646335 0.000000 34.560814
v -1.481807 0.000000 34.568256
v -1.317247 0.000000 34.574917
v -1.152656 0.000000 34.580799
v -0.988039 0.000000 34.585892
v -0.823400 0.000000 34.590202
v -0.658743 0.000000 34.593731
v -0.494070 0.000000 34.596474
v -0.329386 0.000000 34.598434
v -0.164695 0.000000 34.599609
v 0.000000 0.000000 34.600002
v 0.164695 0.000000 34.599609
v 0.329386 0.000000 34.598434
v 0.494070 0.000000 34.596474
v 0.658743 0.000000 34.593731
v 0.823400 0.000000 34.590202
v 0.988039 0.000000 34.585892
v 1.152656 0.000000 34.580799
v 1.317247 0.000000 34.574917
v 1.481807 0.000000 34.568256
v 1.646335 0.000000 34.560814
v 1.810824 0.000000 34.552582
v 1.975273 0.000000 34.543571
v 2.139677 0.000000 34.533779
v 2.304033 0.000000 34.523205
v 2.468336 0.000000 34.511845
v 2.632583 0.000000 34.499706
v 2.796771 0.000000 34.486782
v 2.960896 0.000000 34.473080
v 3.124953 0.000000 34.458595
v 3.288939 0.000000 34.443329
v 3.452852 0.000000 34.427284
v 3.616685 0.000000 34.410461
v 3.780437 0.000000 34.392853
v 3.944103 0.000000 34.374470
v 4.107680 0.000000 34.355309
v 4.271163 0.000000 34.335365
v 4.434550 0.000000 34.314644
v 4.597837 0.000000 34.293148
v 4.761019 0.000000 34.270874
v 4.924094 0.000000 34.247826
v 5.087057 0.000000 34.223999
v 5.249904 0.000000 34.199398
v 5.412633 0.000000 34.174019
v 5.575239 0.000000 34.147869
v 5.737719 0.000000 34.120945
v 5.900068 0.000000 34.093246
v 6.062284 0.000000 34.064774
v 6.224363 0.000000 34.035534
v 6.386301 0.000000 34.005520
v 6.548094 0.000000 33.974735
v 6.709738 0.000000 33.943180
v 6.871231 0.000000 33.910858
v 7.032567 0.000000 33.877766
v 7.193746 0.000000 33.843910
v 7.354760 0.000000 33.809284
v 7.515607 0.000000 33.773891
v 7.676285 0.000000 33.737736
v 7.836788 0.000000 33.700813
v 7.997115 0.000000 33.663128
v 8.157260 0.000000 33.624683
v 8.317220 0.000000 33.585472
v 8.476992 0.000000 33.545502
v 8.636571 0.000000 33.504772
v 8.795955 0.000000 33.463284
v 8.955139 0.000000 33.421036
v 9.114121 0.000000 33.378033
v 9.272897 0.000000 33.334270
v 9.431461 0.000000 33.289753
v 9.589813 0.000000 33.244484
v 9.747949 0.000000 33.198460
v 9.905860 0.000000 33.151684
v 10.063549 0.000000 33.104156
v 10.221010 0.000000 33.055878
v 10.378239 0.000000 33.006855
v 10.535234 0.000000 32.957077
v 10.691989 0.000000 32.906559
v 10.848503 0.000000 32.855289
v 11.004768 0.000000 32.803280
v 11.160788 0.000000 32.750526
v 11.316552 0.000000 32.697029
v 11.472062 0.000000 32.642796
v 11.627309 0.000000 32.587818
v 11.782296 0.000000 32.532104
v 11.937015 0.000000 32.475651
v 12.091462 0.000000 32.418465
v 12.245635 0.000000 32.360542
v 12.399532 0.000000 32.301884
v 12.553148 0.000000 32.242496
v 12.706478 0.000000 32.182381
v 12.859523 0.000000 32.121532
v 13.012274 0.000000 32.059956
v 13.164731 0.000000 31.997656
v 13.316890 0.000000 31.934629
v 13.468747 0.000000 31.870880
v 13.620298 0.000000 31.806410
v 13.771542 0.000000 31.741215
v 13.922473 0.000000 31.675303
v 14.073090 0.000000 31.608673
v 14.223387 0.000000 31.541328
v 14.373362 0.000000 31.473269
v 14.523010 0.000000 31.404495
v 14.672330 0.000000 31.335011
v 14.821318 0.000000 31.264814
v 14.969969 0.000000 31.193913
v 15.118281 0.000000 31.122303
v 15.266251 0.000000 31.049988
v 15.413875 0.000000 30.976969
v 15.561152 0.000000 30.903250
v 15.708074 0.000000 30.828829
v 15.854639 0.000000 30.753708
v 16.000847 0.000000 30.677893
v 16.146690 0.000000 30.601381
v 16.292170 0.000000 30.524176
v 16.437281 0.000000 30.446280
v 16.582016 0.000000 30.367695
v 16.726377 0.000000 30.288422
v 16.870361 0.000000 30.208462
v 17.013960 0.000000 30.127817
v 17.157177 0.000000 30.046488
v 17.300001 0.000000 29.964481
v 17.442438 0.000000 29.881794
v 17.584476 0.000000 29.798428
v 17.726116 0.000000 29.714392
v 17.867353 0.000000 29.629679
v 18.008188 0.000000 29.544294
v 18.148613 0.000000 29.458241
v 18.288628 0.000000 29.371521
v 18.428228 0.000000 29.284136
v 18.567413 0.000000 29.196085
v 18.706175 0.000000 29.107374
v 18.844513 0.000000 29.018003
v 18.982424 0.000000 28.927977
v 19.119904 0.000000 28.837292
v 19.256954 0.000000 28.745955
v 19.393564 0.000000 28.653967
v 19.529737 0.000000 28.561329
v 19.665466 0.000000 28.468044
v 19.800751 0.000000 28.374115
v 19.935587 0.000000 28.279541
v 20.069973 0.000000 28.184328
v 20.203901 0.000000 28.088478
v 20.337370 0.000000 27.991991
v 20.470383 0.000000 27.894867
v 20.602930 0.000000 27.797113
v 20.735008 0.000000 27.698729
v 20.866617 0.000000 27.599718
v 20.997757 0.000000 27.500080
v 21.128418 0.000000 27.399820
v 21.258602 0.000000 27.298939
v 21.388302 0.000000 27.197437
v 21.517521 0.000000 27.095322
v 21.646250 0.000000 26.992592
v 21.774487 0.000000 26.889250
v 21.902233 0.000000 26.785301
v 22.029482 0.000000 26.680744
v 22.156233 0.000000 26.575583
v 22.282480 0.000000 26.469818
v 22.408224 0.000000 26.363453
v 22.533459 0.000000 26.256493
v 22.658184 0.000000 26.148935
v 22.782394 0.000000 26.040787
v 22.906090 0.000000 25.932049
v 23.029266 0.000000 25.822723
v 23.151920 0.000000 25.712812
v 23.274050 0.000000 25.602320
v 23.395655 0.000000 25.491245
v 23.516726 0.000000 25.379593
v 23.637266 0.000000 25.267366
v 23.757267 0.000000 25.154570
v 23.876738 0.000000 25.041197
v 23.995663 0.000000 24.927261
v 24.114040 0.000000 24.812761
v 24.231876 0.000000 24.697699
v 24.349163 0.000000 24.582075
v 24.465897 0.000000 24.465897
v 24.582075 0.000000 24.349163
v 24.697699 0.000000 24.231876
v 24.812761 0.000000 24.114040
v 24.927261 0.000000 23.995663
v 25.041197 0.000000 23.876738
v 25.154570 0.000000 23.757267
v 25.267366 0.000000 23.637266
v 25.379593 0.000000 23.516726
v 25.491245 0.000000 23.395655
v 25.602320 0.000000 23.274050
v 25.712812 0.000000 23.151920
v 25.822723 0.000000 23.029266
v 25.932049 0.000000 22.906090
v 26.040787 0.000000 22.782394
v 26.148935 0.000000 22.658184
v 26.256493 0.000000 22.533459
v 26.363453 0.000000 22.408224
v 26.469818 0.000000 22.282480
v 26.575583 0.000000 22.156233
v 26.680744 0.000000 22.029482
v 26.785301 0.000000 21.902233
v 26.889250 0.000000 21.774487
v 26.992592 0.000000 21.646250
v 27.095322 0.000000 21.517521
v 27.197437 0.000000 21.388302
v 27.298939 0.000000 21.258602
v 27.399820 0.000000 21.128418
v 27.500080 0.000000 20.997757
v 27.599718 0.000000 20.866617
v 27.698729 0.000000 20.735008
v 27.797113 0.000000 20.602930
v 27.894867 0.000000 20.470383
v 27.991991 0.000000 20.337370
v 28.088478 0.000000 20.203901
v 28.184328 0.000000 20.069973
v 28.279541 0.000000 19.935587
v 28.374115 0.000000 19.800751
v 28.468044 0.000000 19.665466
v 28.561329 0.000000 19.529737
v 28.653967 0.000000 19.393564
v 28.745955 0.000000 19.256954
v 28.837292 0.000000 19.119904
v 28.927977 0.000000 18.982424
v 29.018003 0.000000 18.844513
v 29.107374 0.000000 18.706175
v 29.196085 0.000000 18.567413
v 29.284136 0.000000 18.428228
v 29.371521 0.000000 18.288628
v 29.458241 0.000000 18.148613
v 29.544294 0.000000 18.008188
v 29.629679 0.000000 17.867353
v 29.714392 0.000000 17.726116
v 29.798428 0.000000 17.584476
v 29.881794 0.000000 17.442438
v 29.964481 0.000000 17.300001
v 30.046488 0.000000 17.157177
v 30.127817 0.000000 17.013960
v 30.208462 0.000000 16.870361
v 30.288422 0.000000 16.726377
v 30.367695 0.000000 16.582016
v 30.446280 0.000000 16.437281
v 30.524176 0.000000 16.292170
v 30.601381 0.000000 16.146690
v 30.677893 0.000000 16.000847
v 30.753708 0.000000 15.854639
v 30.828829 0.000000 15.708074
v 30.903250 0.000000 15.561152
v 30.976969 0.000000 15.413875
v 31.049988 0.000000 15.266251
v 31.122303 0.000000 15.118281
v 31.193913 0.000000 14.969969
v 31.264814 0.000000 14.821318
v 31.335011 0.000000 14.672330
v 31.404495 0.000000 14.523010
v 31.473269 0.000000 14.373362
v 31.541328 0.000000 14.223387
v 31.608673 0.000000 14.073090
v 31.675303 0.000000 13.922473
v 31.741215 0.000000 13.771542
v 31.806410 0.000000 13.620298
v 31.870880 0.000000 13.468747
v 31.934629 0.000000 13.316890
v 31.997656 0.000000 13.164731
v 32.059956 0.000000 13.012274
v 32.121532 0.000000 12.859523
v 32.182381 0.000000 12.706478
v 32.242496 0.000000 12.553148
v 32.301884 0.000000 12.399532
v 32.360542 0.000000 12.245635
v 32.418465 0.000000 12.091462
v 32.475651 0.000000 11.937015
v 32.532104 0.000000 11.782296
v 32.587818 0.000000 11.627309
v 32.642796 0.000000 11.472062
v 32.697029 0.000000 11.316552
v 32.750526 0.000000 11.160788
v 32.803280 0.000000 11.004768
v 32.855289 0.000000 10.848503
v 32.906559 0.000000 10.691989
v 32.957077 0.000000 10.535234
v 33.006855 0.000000 10.378239
v 33.055878 0.000000 10.221010
v 33.104156 0.000000 10.063549
v 33.151684 0.000000 9.905860
v 33.198460 0.000000 9.747949
v 33.244484 0.000000 9.589813
v 33.289753 0.000000 9.431461
v 33.334270 0.000000 9.272897
v 33.378033 0.000000 9.114121
v 33.421036 0.000000 8.955139
v 33.463284 0.000000 8.795955
v 33.504772 0.000000 8.636571
v 33.545502 0.000000 8.476992
v 33.585472 0.000000 8.317220
v 33.624683 0.000000 8.157260
v 33.663128 0.000000 7.997115
v 33.700813 0.000000 7.836788
v 33.737736 0.000000 7.676285
v 33.773891 0.000000 7.515607
v 33.809284 0.000000 7.354760
v 33.843910 0.000000 7.193746
v 33.877766 0.000000 7.032567
v 33.910858 0.000000 6.871231
v 33.943180 0.000000 6.709738
v 33.974735 0.000000 6.548094
v 34.005520 0.000000 6.386301
v 34.035534 0.000000 6.224363
v 34.064774 0.000000 6.062284
v 34.093246 0.000000 5.900068
v 34.120945 0.000000 5.737719
v 34.147869 0.000000 5.575239
v 34.174019 0.000000 5.412633
v 34.199398 0.000000 5.249904
v 34.223999 0.000000 5.087057
v 34.247826 0.000000 4.924094
v 34.270874 0.000000 4.761019
v 34.293148 0.000000 4.597837
v 34.314644 0.000000 4.434550
v 34.335365 0.000000 4.271163
v 34.355309 0.000000 4.107680
v 34.374470 0.000000 3.944103
v 34.392853 0.000000 3.780437
v 34.410461 0.000000 3.616685
v 34.427284 0.000000 3.452852
v 34.443329 0.000000 3.288939
v 34.458595 0.000000 3.124953
v 34.473080 0.000000 2.960896
v 34.486782 0.000000 2.796771
v 34.499706 0.000000 2.632583
v 34.511845 0.000000 2.468336
v 34.523205 0.000000 2.304033
v 34.533779 0.000000 2.139677
v 34.543571 0.000000 1.975273
v 34.552582 0.000000 1.810824
v 34.560814 0.000000 1.646335
v 34.568256 0.000000 1.481807
v 34.574917 0.000000 1.317247
v 34.580799 0.000000 1.152656
v 34.585892 0.000000 0.988039
v 34.590202 0.000000 0.823400
v 34.593731 0.000000 0.658743
v 34.596474 0.000000 0.494070
v 34.598434 0.000000 0.329386
v 34.599609 0.000000 0.164695
v 34.600002 0.000000 0.000000
v 34.599609 0.000000 -0.164695
v 34.598434 0.000000 -0.329386
v 34.596474 0.000000 -0.494070
v 34.593731 0.000000 -0.658743
v 34.590202 0.000000 -0.823400
v 34.585892 0.000000 -0.988039
v 34.580799 0.000000 -1.152656
v 34.574917 0.000000 -1.317247
v 34.568256 0.000000 -1.481807
v 34.560814 0.000000 -1.646335
v 34.552582 0.000000 -1.810824
v 34.543571 0.000000 -1.975273
v 34.533779 0.000000 -2.139677
v 34.523205 0.000000 -2.304033
v 34.511845 0.000000 -2.468336
v 34.499706 0.000000 -2.632583
v 34.486782 0.000000 -2.796771
v 34.473080 0.000000 -2.960896
v 34.458595 0.000000 -3.124953
v 34.443329 0.000000 -3.288939
v 34.427284 0.000000 -3.452852
v 34.410461 0.000000 -3.616685
v 34.392853 0.000000 -3.780437
v 34.374470 0.000000 -3.944103
v 34.355309 0.000000 -4.107680
v 34.335365 0.000000 -4.271163
v 34.314644 0.000000 -4.434550
v 34.293148 0.000000 -4.597837
v 34.270874 0.000000 -4.761019
v 34.247826 0.000000 -4.924094
v 34.223999 0.000000 -5.087057
v 34.199398 0.000000 -5.249904
v 34.174019 0.000000 -5.412633
v 34.147869 0.000000 -5.575239
v 34.120945 0.000000 -5.737719
v 34.093246 0.000000 -5.900068
v 34.064774 0.000000 -6.062284
v 34.035534 0.000000 -6.224363
v 34.005520 0.000000 -6.386301
v 33.974735 0.000000 -6.548094
v 33.943180 0.000000 -6.709738
v 33.910858 0.000000 -6.871231
v 33.877766 0.000000 -7.032567
v 33.843910 0.000000 -7.193746
v 33.809284 0.000000 -7.354760
v 33.773891 0.000000 -7.515607
v 33.737736 0.000000 -7.676285
v 33.700813 0.000000 -7.836788
v 33.663128 0.000000 -7.997115
v 33.624683 0.000000 -8.157260
v 33.585472 0.000000 -8.317220
v 33.545502 0.000000 -8.476992
v 33.504772 0.000000 -8.636571
v 33.463284 0.000000 -8.795955
v 33.421036 0.000000 -8.955139
v 33.378033 0.000000 -9.114121
v 33.334270 0.000000 -9.272897
v 33.289753 0.000000 -9.431461
v 33.244484 0.000000 -9.589813
v 33.198460 0.000000 -9.747949
v 33.151684 0.000000 -9.905860
v 33.104156 0.000000 -10.063549
v 33.055878 0.000000 -10.221010
v 33.006855 0.000000 -10.378239
v 32.957077 0.000000 -10.535234
v 32.906559 0.000000 -10.691989
v 32.855289 0.000000 -10.848503
v 32.803280 0.000000 -11.004768
v 32.750526 0.000000 -11.160788
v 32.697029 0.000000 -11.316552
v 32.642796 0.000000 -11.472062
v 32.587818 0.000000 -11.627309
v 32.532104 0.000000 -11.782296
v 32.475651 0.000000 -11.937015
v 32.418465 0.000000 -12.091462
v 32.360542 0.000000 -12.245635
v 32.301884 0.000000 -12.399532
v 32.242496 0.000000 -12.553148
v 32.182381 0.000000 -12.706478
v 32.121532 0.000000 -12.859523
v 32.059956 0.000000 -13.012274
v 31.997656 0.000000 -13.164731
v 31.934629 0.000000 -13.316890
v 31.870880 0.000000 -13.468747
v 31.806410 0.000000 -13.620298
v 31.741215 0.000000 -13.771542
v 31.675303 0.000000 -13.922473
v 31.608673 0.000000 -14.073090
v 31.541328 0.000000 -14.223387
v 31.473269 0.000000 -14.373362
v 31.404495 0.000000 -14.523010
v 31.335011 0.000000 -14.672330
v 31.264814 0.000000 -14.821318
v 31.193913 0.000000 -14.969969
v 31.122303 0.000000 -15.118281
v 31.049988 0.000000 -15.266251
v 30.976969 0.000000 -15.413875
v 30.903250 0.000000 -15.561152
v 30.828829 0.000000 -15.708074
v 30.753708 0.000000 -15.854639
v 30.677893 0.000000 -16.000847
v 30.601381 0.000000 -16.146690
v 30.524176 0.000000 -16.292170
v 30.446280 0.000000 -16.437281
v 30.367695 0.000000 -16.582016
v 30.288422 0.000000 -16.726377
v 30.208462 0.000000 -16.870361
v 30.127817 0.000000 -17.013960
v 30.046488 0.000000 -17.157177
v 29.964481 0.000000 -17.300001
v 29.881794 0.000000 -17.442438
v 29.798428 0.000000 -17.584476
v 29.714392 0.000000 -17.726116
v 29.629679 0.000000 -17.867353
v 29.544294 0.000000 -18.008188
v 29.458241 0.000000 -18.148613
v 29.371521 0.000000 -18.288628
v 29.284136 0.000000 -18.428228
v 29.196085 0.000000 -18.567413
v 29.107374 0.000000 -18.706175
v 29.018003 0.000000 -18.844513
v 28.927977 0.000000 -18.982424
v 28.837292 0.000000 -19.119904
v 28.745955 0.000000 -19.256954
v 28.653967 0.000000 -19.393564
v 28.561329 0.000000 -19.529737
v 28.468044 0.000000 -19.665466
v 28.374115 0.000000 -19.800751
v 28.279541 0.000000 -19.935587
v 28.184328 0.000000 -20.069973
v 28.088478 0.000000 -20.203901
v 27.991991 0.000000 -20.337370
v 27.894867 0.000000 -20.470383
v 27.797113 0.000000 -20.602930
v 27.698729 0.000000 -20.735008
v 27.599718 0.000000 -20.866617
v 27.500080 0.000000 -20.997757
v 27.399820 0.000000 -21.128418
v 27.298939 0.000000 -21.258602
v 27.197437 0.000000 -21.388302
v 27.095322 0.000000 -21.517521
v 26.992592 0.000000 -21.646250
v 26.889250 0.000000 -21.774487
v 26.785301 0.000000 -21.902233
v 26.680744 0.000000 -22.029482
v 26.575583 0.000000 -22.156233
v 26.469818 0.000000 -22.282480
v 26.363453 0.000000 -22.408224
v 26.256493 0.000000 -22.533459
v 26.148935 0.000000 -22.658184
v 26.040787 0.000000 -22.782394
v 25.932049 0.000000 -22.906090
v 25.822723 0.000000 -23.029266
v 25.712812 0.000000 -23.151920
v 25.602320 0.000000 -23.274050
v 25.491245 0.000000 -23.395655
v 25.379593 0.000000 -23.516726
v 25.267366 0.000000 -23.637266
v 25.154570 0.000000 -23.757267
v 25.041197 0.000000 -23.876738
v 24.927261 0.000000 -23.995663
v 24.812761 0.000000 -24.114040
v 24.697699 0.000000 -24.231876
v 24.582075 0.000000 -24.349163
v 24.465897 0.000000 -24.465897
v 24.349163 0.000000 -24.582075
v 24.231876 0.000000 -24.697699
v 24.114040 0.000000 -24.812761
v 23.995663 0.000000 -24.927261
v 23.876738 0.000000 -25.041197
v 23.757267 0.000000 -25.154570
v 23.637266 0.000000 -25.267366
v 23.516726 0.000000 -25.379593
v 23.395655 0.000000 -25.491245
v 23.274050 0.000000 -25.602320
v 23.151920 0.000000 -25.712812
v 23.029266 0.000000 -25.822723
v 22.906090 0.000000 -25.932049
v 22.782394 0.000000 -26.040787
v 22.658184 0.000000 -26.148935
v 22.533459 0.000000 -26.256493
v 22.408224 0.000000 -26.363453
v 22.282480 0.000000 -26.469818
v 22.156233 0.000000 -26.575583
v 22.029482 0.000000 -26.680744
v 21.902233 0.000000 -26.785301
v 21.774487 0.000000 -26.889250
v 21.646250 0.000000 -26.992592
v 21.517521 0.000000 -27.095322
v 21.388302 0.000000 -27.197437
v 21.258602 0.000000 -27.298939
v 21.128418 0.000000 -27.399820
v 20.997757 0.000000 -27.500080
v 20.866617 0.000000 -27.599718
v 20.735008 0.000000 -27.698729
v 20.602930 0.000000 -27.797113
v 20.470383 0.000000 -27.894867
v 20.337370 0.000000 -27.991991
v 20.203901 0.000000 -28.088478
v 20.069973 0.000000 -28.184328
v 19.935587 0.000000 -28.279541
v 19.800751 0.000000 -28.374115
v 19.665466 0.000000 -28.468044
v 19.529737 0.000000 -28.561329
v 19.393564 0.000000 -28.653967
v 19.256954 0.000000 -28.745955
v 19.119904 0.000000 -28.837292
v 18.982424 0.000000 -28.927977
v 18.844513 0.000000 -29.018003
v 18.706175 0.000000 -29.107374
v 18.567413 0.000000 -29.196085
v 18.428228 0.000000 -29.284136
v 18.288628 0.000000 -29.371521
v 18.148613 0.000000 -29.458241
v 18.008188 0.000000 -29.544294
v 17.867353 0.000000 -29.629679
v 17.726116 0.000000 -29.714392
v 17.584476 0.000000 -29.798428
v 17.442438 0.000000 -29.881794
v 17.300001 0.000000 -29.964481
v 17.157177 0.000000 -30.046488
v 17.013960 0.000000 -30.127817
v 16.870361 0.000000 -30.208462
v 16.726377 0.000000 -30.288422
v 16.582016 0.000000 -30.367695
v 16.437281 0.000000 -30.446280
v 16.292170 0.000000 -30.524176
v 16.146690 0.000000 -30.601381
v 16.000847 0.000000 -30.677893
v 15.854639 0.000000 -30.753708
v 15.708074 0.000000 -30.828829
v 15.561152 0.000000 -30.903250
v 15.413875 0.000000 -30.976969
v 15.266251 0.000000 -31.049988
v 15.118281 0.000000 -31.122303
v 14.969969 0.000000 -31.193913
v 14.821318 0.000000 -31.264814
v 14.672330 0.000000 -31.335011
v 14.523010 0.000000 -31.404495
v 14.373362 0.000000 -31.473269
v 14.223387 0.000000 -31.541328
v 14.073090 0.000000 -31.608673
v 13.922473 0.000000 -31.675303
v 13.771542 0.000000 -31.741215
v 13.620298 0.000000 -31.806410
v 13.468747 0.000000 -31.870880
v 13.316890 0.000000 -31.934629
v 13.164731 0.000000 -31.997656
v 13.012274 0.000000 -32.059956
v 12.859523 0.000000 -32.121532
v 12.706478 0.000000 -32.182381
v 12.553148 0.000000 -32.242496
v 12.399532 0.000000 -32.301884
v 12.245635 0.000000 -32.360542
v 12.091462 0.000000 -32.418465
v 11.937015 0.000000 -32.475651
v 11.782296 0.000000 -32.532104
v 11.627309 0.000000 -32.587818
v 11.472062 0.000000 -32.642796
v 11.316552 0.000000 -32.697029
v 11.160788 0.000000 -32.750526
v 11.004768 0.000000 -32.803280
v 10.848503 0.000000 -32.855289
v 10.691989 0.000000 -32.906559
v 10.535234 0.000000 -32.957077
v 10.378239 0.000000 -33.006855
v 10.221010 0.000000 -33.055878
v 10.063549 0.000000 -33.104156
v 9.905860 0.000000 -33.151684
v 9.747949 0.000000 -33.198460
v 9.589813 0.000000 -33.244484
v 9.431461 0.000000 -33.289753
v 9.272897 0.000000 -33.334270
v 9.114121 0.000000 -33.378033
v 8.955139 0.000000 -33.421036
v 8.795955 0.000000 -33.463284
v 8.636571 0.000000 -33.504772
v 8.476992 0.000000 -33.545502
v 8.317220 0.000000 -33.585472
v 8.157260 0.000000 -33.624683
v 7.997115 0.000000 -33.663128
v 7.836788 0.000000 -33.700813
v 7.676285 0.000000 -33.737736
v 7.515607 0.000000 -33.773891
v 7.354760 0.000000 -33.809284
v 7.193746 0.000000 -33.843910
v 7.032567 0.000000 -33.877766
v 6.871231 0.000000 -33.910858
v 6.709738 0.000000 -33.943180
v 6.548094 0.000000 -33.974735
v 6.386301 0.000000 -34.005520
v 6.224363 0.000000 -34.035534
v 6.062284 0.000000 -34.064774
v 5.900068 0.000000 -34.093246
v 5.737719 0.000000 -34.120945
v 5.575239 0.000000 -34.147869
v 5.412633 0.000000 -34.174019
v 5.249904 0.000000 -34.199398
v 5.087057 0.000000 -34.223999
v 4.924094 0.000000 -34.247826
v 4.761019 0.000000 -34.270874
v 4.597837 0.000000 -34.293148
v 4.434550 0.000000 -34.314644
v 4.271163 0.000000 -34.335365
v 4.107680 0.000000 -34.355309
v 3.944103 0.000000 -34.374470
v 3.780437 0.000000 -34.392853
v 3.616685 0.000000 -34.410461
v 3.452852 0.000000 -34.427284
v 3.288939 0.000000 -34.443329
v 3.124953 0.000000 -34.458595
v 2.960896 0.000000 -34.473080
v 2.796771 0.000000 -34.486782
v 2.632583 0.000000 -34.499706
v 2.468336 0.000000 -34.511845
v 2.304033 0.000000 -34.523205
v 2.139677 0.000000 -34.533779
v 1.975273 0.000000 -34.543571
v 1.810824 0.000000 -34.552582
v 1.646335 0.000000 -34.560814
v 1.481807 0.000000 -34.568256
v 1.317247 0.000000 -34.574917
v 1.152656 0.000000 -34.580799
v 0.988039 0.000000 -34.585892
v 0.823400 0.000000 -34.590202
v 0.658743 0.000000 -34.593731
v 0.494070 0.000000 -34.596474
v 0.329386 0.000000 -34.598434
v 0.164695 0.000000 -34.599609
v 31.174133 10.003852 -4.410112
v 31.420086 10.003852 -4.582964
v 30.702858 10.003852 -4.100451
v 30.934923 10.003852 -4.249395
v 28.970734 10.003852 -5.564853
v 29.158106 10.003852 -5.542279
v 29.568077 10.003852 -5.479606
v 29.790331 10.003852 -5.438501
v 30.023853 10.003852 -5.390223
v 29.545029 10.003852 -8.468971
v 29.805735 10.003852 -8.431928
v 30.077869 10.003852 -8.387413
v 30.361237 10.003852 -8.334930
v 30.655609 10.003852 -8.273989
v 29.897114 10.003852 -7.127047
v 30.106050 10.003852 -7.287310
v 28.419048 10.003852 -8.559771
v 28.620079 10.003852 -8.552496
v 28.623013 10.003852 -9.887589
v 28.449566 10.003852 -9.742661
v 27.782669 10.003852 -11.507413
v 28.008614 10.003852 -11.513416
v 27.401308 10.003852 -14.444631
v 27.676752 10.003852 -14.457667
v 26.231466 10.003852 -16.016941
v 26.380653 10.003852 -16.233925
v 27.123449 10.003852 -12.512896
v 26.977474 10.003852 -12.374489
v 26.651699 10.003852 -14.378040
v 26.888708 10.003852 -14.404286
v 27.138599 10.003852 -14.426659
v 24.576445 10.003852 -16.977997
v 24.783026 10.003852 -17.032290
v 25.002783 10.003852 -17.085136
v 25.235752 10.003852 -17.136015
v 25.481936 10.003852 -17.184385
v 25.741325 10.003852 -17.229717
v 26.013899 10.003852 -17.271477
v 26.299616 10.003852 -17.309128
v 26.598412 10.003852 -17.342134
v 22.667128 10.003852 -19.453928
v 22.866903 10.003852 -19.529516
v 24.289185 10.003852 -18.453232
v 24.166668 10.003852 -18.248652
v 24.792534 10.003852 -19.406336
v 24.919111 10.003852 -19.679007
v 24.066031 10.003852 -19.896053
v 24.346245 10.003852 -19.963364
v 22.428949 10.003852 -21.364021
v 22.529146 10.003852 -21.620926
v 20.331732 10.003852 -21.622501
v 20.509468 10.003852 -21.716717
v 21.739590 10.003852 -19.941446
v 21.833176 10.003852 -20.105335
v 21.121513 10.003852 -22.008360
v 21.352262 10.003852 -22.106859
v 21.854492 10.003852 -22.302647
v 22.126137 10.003852 -22.398880
v 18.127096 10.003852 -23.741573
v 18.306789 10.003852 -23.857046
v 18.499460 10.003852 -23.975218
v 18.924492 10.003852 -24.217674
v 19.157181 10.003852 -24.340942
v 19.403505 10.003852 -24.464886
v 19.663605 10.003852 -24.588989
v 15.391864 10.003852 -25.377205
v 15.546124 10.003852 -25.506313
v 20.283070 10.003852 -24.429947
v 19.937578 10.003852 -24.712713
v 15.712763 10.003852 -25.639936
v 15.892026 10.003852 -25.777597
v 16.084162 10.003852 -25.918835
v 16.985638 10.003852 -26.509693
v 17.245174 10.003852 -26.661381
v 12.654904 10.003852 -26.847075
v 12.794825 10.003852 -26.991600
v 14.729351 10.003852 -27.249319
v 14.745257 10.003852 -27.524612
v 14.755836 10.003852 -27.812607
v 12.946585 10.003852 -27.141911
v 13.110476 10.003852 -27.297556
v 13.286793 10.003852 -27.458103
v 11.767796 10.003852 -29.202650
v 11.741077 10.003852 -29.502077
v 13.475809 10.003852 -27.623083
v 13.677782 10.003852 -27.792038
v 13.892958 10.003852 -27.964487
v 14.121569 10.003852 -28.139952
v 9.666061 10.003852 -27.871819
v 9.779297 10.003852 -28.022800
v 9.903343 10.003852 -28.181164
v 10.893766 10.003852 -29.263504
v 11.102783 10.003852 -29.461906
v 11.325115 10.003852 -29.664238
v 8.824955 10.003852 -28.968281
v 8.840254 10.003852 -28.742779
v 7.287586 10.003852 -29.620560
v 7.438169 10.003852 -29.821232
v 7.020550 10.003852 -29.240538
v 7.148499 10.003852 -29.426861
v 7.600599 10.003852 -30.028486
v 7.775221 10.003852 -30.241905
v 7.962357 10.003852 -30.461065
v 8.162317 10.003852 -30.685532
v 5.587944 10.003852 -30.467262
v 5.649370 10.003852 -30.211205
v 8.742027 10.003852 -29.716259
v 8.776350 10.003852 -29.455183
v 8.700350 10.003852 -29.988842
v 6.699711 10.003852 -28.729509
v 6.796545 10.003852 -28.891502
v 6.903357 10.003852 -29.061960
v 5.787386 10.003852 -29.509377
v 5.748602 10.003852 -29.732048
v 4.151470 10.003852 -30.220051
v 4.280252 10.003852 -30.435368
v 4.420132 10.003852 -30.658464
v 2.049788 10.003852 -31.686333
v 1.604073 10.003852 -31.712021
v 1.191238 10.003852 -30.952547
v 1.317667 10.003852 -31.197605
v 2.609264 10.003852 -30.170067
v 2.671116 10.003852 -29.952669
v 2.460491 10.003852 -30.636223
v 2.372637 10.003852 -30.884459
v 0.874098 10.003852 -30.270069
v 0.969875 10.003852 -30.488451
v 1.075443 10.003852 -30.716047
v -1.273567 10.003852 -31.727015
v -1.127373 10.003852 -31.464340
v -2.358889 10.003852 -29.978874
v -2.294775 10.003852 -30.195618
v -2.222351 10.003852 -30.422810
v -0.272758 10.003852 -29.499096
v -0.331932 10.003852 -29.678307
v -2.506105 10.003852 -29.393715
v -2.464067 10.003852 -29.577698
v -2.415154 10.003852 -29.772823
v -2.141146 10.003852 -30.660200
v -2.050713 10.003852 -30.907501
v -1.950588 10.003852 -31.164436
v -1.840340 10.003852 -31.430698
v -1.719526 10.003852 -31.705967
v -5.334284 10.003852 -30.268427
v -5.270191 10.003852 -30.523834
v -6.600178 10.003852 -29.132317
v -6.715502 10.003852 -29.312101
v -6.495144 10.003852 -28.960752
v -5.479607 10.003852 -29.568077
v -5.438503 10.003852 -29.790331
v -6.978563 10.003852 -29.694881
v -6.841503 10.003852 -29.499746
v -8.522650 10.003852 -29.058659
v -8.499043 10.003852 -29.295948
v -8.468973 10.003852 -29.545029
v -3.518867 10.003852 -29.662632
v -3.614763 10.003852 -29.853487
v -7.127048 10.003852 -29.897114
v -7.287312 10.003852 -30.106052
v -7.459700 10.003852 -30.321276
v -9.486788 10.003852 -28.123175
v -9.609177 10.003852 -28.282822
v -11.497261 10.003852 -27.569315
v -11.507414 10.003852 -27.782673
v -11.513416 10.003852 -28.008614
v -11.514744 10.003852 -28.247070
v -11.510876 10.003852 -28.497931
v -11.501286 10.003852 -28.761078
v -14.316055 10.003852 -26.216497
v -14.348457 10.003852 -26.427622
v -11.466602 10.003852 -27.180656
v -12.247541 10.003852 -26.837826
v -14.426662 10.003852 -27.138603
v -14.444633 10.003852 -27.401310
v -14.457670 10.003852 -27.676754
v -14.465248 10.003852 -27.964842
v -16.977999 10.003852 -24.576447
v -17.032293 10.003852 -24.783026
v -17.878744 10.003852 -23.929159
v -18.057222 10.003852 -24.046494
v -16.708502 10.003852 -26.685232
v -16.966448 10.003852 -26.839617
v -17.085140 10.003852 -25.002785
v -17.136015 10.003852 -25.235750
v -17.184383 10.003852 -25.481934
v -19.826035 10.003852 -23.799316
v -19.896059 10.003852 -24.066032
v -19.529520 10.003852 -22.866903
v -19.605047 10.003852 -23.079933
v -22.205132 10.003852 -21.596556
v -22.302649 10.003852 -21.854490
v -24.136921 10.003852 -20.215954
v -24.429947 10.003852 -20.283073
v -21.910158 10.003852 -20.904211
v -22.008362 10.003852 -21.121513
v -22.106861 10.003852 -21.352259
v -22.398880 10.003852 -22.126133
v -22.493292 10.003852 -22.411539
v -23.099993 10.003852 -19.921766
v -22.874413 10.003852 -19.844461
v -23.857046 10.003852 -18.306789
v -23.975220 10.003852 -18.499462
v -24.217676 10.003852 -18.924496
v -24.340942 10.003852 -19.157181
v -25.301506 10.003852 -17.448961
v -25.560413 10.003852 -17.496994
v -25.832527 10.003852 -17.541590
v -25.253063 10.003852 -15.249711
v -25.377209 10.003852 -15.391864
v -25.639935 10.003852 -15.712761
v -25.777601 10.003852 -15.892025
v -26.063156 10.003852 -16.289385
v -26.210075 10.003852 -16.507914
v -26.359083 10.003852 -16.739933
v -26.509697 10.003852 -16.985636
v -26.661383 10.003852 -17.245174
v -27.249317 10.003852 -14.729349
v -27.524612 10.003852 -14.745258
v -27.812607 10.003852 -14.755838
v -26.708755 10.003852 -12.526506
v -26.847073 10.003852 -12.654904
v -26.991600 10.003852 -12.794825
v -27.297554 10.003852 -13.110474
v -27.458105 10.003852 -13.286795
v -27.623085 10.003852 -13.475809
v -26.065910 10.003852 -14.588434
v -26.276682 10.003852 -14.623032
v -26.737167 10.003852 -14.683668
v -26.500448 10.003852 -14.654954
v -28.139957 10.003852 -14.121571
v -28.317940 10.003852 -14.363829
v -28.376446 10.003852 -11.807178
v -28.639683 10.003852 -11.800332
v -28.529419 10.003852 -8.850235
v -28.742775 10.003852 -8.840252
v -28.328323 10.003852 -8.855415
v -27.871822 10.003852 -9.666061
v -28.022804 10.003852 -9.779295
v -28.181164 10.003852 -9.903343
v -28.346514 10.003852 -10.038559
v -28.518438 10.003852 -10.185282
v -28.696537 10.003852 -10.343853
v -30.272747 10.003852 -8.650822
v -30.567738 10.003852 -8.592951
v -30.685535 10.003852 -8.162315
v -27.448029 10.003852 -11.783888
v -27.661263 10.003852 -11.796265
v -29.461905 10.003852 -11.102781
v -29.664244 10.003852 -11.325113
v -28.729515 10.003852 -6.699711
v -28.891502 10.003852 -6.796543
v -29.821239 10.003852 -7.438169
v -30.028488 10.003852 -7.600601
v -30.241907 10.003852 -7.775219
v -29.205805 10.003852 -8.803825
v -29.455187 10.003852 -8.776352
v -29.240540 10.003852 -7.020550
v -29.426861 10.003852 -7.148499
v -29.732048 10.003852 -5.748600
v -29.966064 10.003852 -5.702759
v -30.211205 10.003852 -5.649368
v -30.012880 10.003852 -4.033394
v -30.220058 10.003852 -4.151470
v -31.126493 10.003852 -4.734686
v -31.370632 10.003852 -4.910093
v -29.746046 10.003852 -2.725237
v -29.550423 10.003852 -2.772112
v -29.366007 10.003852 -2.812229
v -30.435368 10.003852 -4.280252
v -30.658464 10.003852 -4.420130
v -30.888971 10.003852 -4.571487
v -29.952665 10.003852 -2.671110
v -30.170069 10.003852 -2.609264
v -30.398006 10.003852 -2.539211
v -30.636229 10.003852 -2.460491
v -30.884460 10.003852 -2.372635
v -31.142422 10.003852 -2.275194
v -31.409817 10.003852 -2.167721
v -31.686331 10.003852 -2.049784
v -29.494652 10.003852 -0.580105
v -29.673233 10.003852 -0.641140
v -29.862179 10.003852 -0.710182
v -30.716047 10.003852 -1.075441
v -30.952545 10.003852 -1.191235
v -31.450890 10.003852 -1.455145
v -31.712021 10.003852 -1.604069
v -29.298231 10.003852 -5.819618
v -29.098778 10.003852 -5.845787
v -30.061220 10.003852 -0.787683
v -30.270069 10.003852 -0.874098
v -30.488449 10.003852 -0.969872
v -31.430696 10.003852 1.840340
v -31.705971 10.003852 1.719524
v -29.772825 10.003852 2.415157
v -29.978874 10.003852 2.358887
v -30.789824 10.003852 5.197475
v -31.066151 10.003852 5.115662
v -30.496899 10.003852 0.652157
v -30.277538 10.003852 0.558662
v -31.209646 10.003852 0.992542
v -30.963278 10.003852 0.868668
v -31.464342 10.003852 1.127373
v -30.195616 10.003852 2.294777
v -30.422812 10.003852 2.222349
v -30.907503 10.003852 2.050713
v -31.164434 10.003852 1.950590
v -29.568077 10.003852 5.479614
v -29.790333 10.003852 5.438507
v -31.420088 10.003852 4.582968
v -31.352539 10.003852 5.024284
v -29.158104 10.003852 5.542282
v -29.357273 10.003852 5.514034
v -30.768915 10.003852 7.842155
v -30.655611 10.003852 8.273991
v -28.230343 10.003852 8.562641
v -28.419050 10.003852 8.559772
v -28.797758 10.003852 6.400006
v -28.960754 10.003852 6.495147
v -29.132317 10.003852 6.600180
v -30.077868 10.003852 8.387416
v -30.361233 10.003852 8.334934
v -28.623013 10.003852 9.887590
v -28.449564 10.003852 9.742664
v -28.802748 10.003852 10.044297
v -27.180653 10.003852 11.466604
v -27.368624 10.003852 11.483481
v -27.569313 10.003852 11.497260
v -27.782669 10.003852 11.507416
v -29.036373 10.003852 11.485462
v -29.323673 10.003852 11.462887
v -28.008612 10.003852 11.513418
v -28.247066 10.003852 11.514746
v -28.466063 10.003852 14.068001
v -28.265450 10.003852 14.466845
v -26.018345 10.003852 14.281374
v -26.216494 10.003852 14.316055
v -26.427622 10.003852 14.348454
v -26.651699 10.003852 14.378044
v -26.888712 10.003852 14.404290
v -27.138599 10.003852 14.426664
v -27.401312 10.003852 14.444633
v -27.676754 10.003852 14.457672
v -27.964836 10.003852 14.465252
v -27.432673 10.003852 12.825344
v -27.595051 10.003852 12.999981
v -28.285559 10.003852 13.827607
v -28.107725 10.003852 13.600835
v -24.576443 10.003852 16.978001
v -24.783024 10.003852 17.032291
v -25.002781 10.003852 17.085140
v -25.536201 10.003852 15.126616
v -25.410585 10.003852 14.985765
v -26.532074 10.003852 16.464386
v -26.685232 10.003852 16.708504
v -25.235752 10.003852 17.136017
v -25.481937 10.003852 17.184389
v -25.741325 10.003852 17.229721
v -26.013895 10.003852 17.271481
v -26.299614 10.003852 17.309132
v -26.231462 10.003852 16.016945
v -26.380651 10.003852 16.233929
v -22.480516 10.003852 19.378809
v -22.667120 10.003852 19.453930
v -23.799314 10.003852 19.826035
v -24.066031 10.003852 19.896053
v -22.126774 10.003852 20.674789
v -22.027269 10.003852 20.471846
v -20.166874 10.003852 21.530630
v -20.331730 10.003852 21.622505
v -20.904207 10.003852 21.910156
v -21.121510 10.003852 22.008364
v -21.352255 10.003852 22.106859
v -21.596550 10.003852 22.205132
v -24.665730 10.003852 19.147549
v -24.539225 10.003852 18.902525
v -23.306303 10.003852 19.679996
v -23.546085 10.003852 19.753838
v -22.227234 10.003852 20.891054
v -22.328135 10.003852 21.120762
v -21.854486 10.003852 22.302650
v -22.126135 10.003852 22.398880
v -22.411537 10.003852 22.493292
v -19.998098 10.003852 23.338984
v -19.921761 10.003852 23.099991
v -17.805836 10.003852 23.520697
v -17.960182 10.003852 23.629299
v -18.705309 10.003852 24.095600
v -18.924488 10.003852 24.217676
v -19.403507 10.003852 24.464890
v -19.663603 10.003852 24.588987
v -19.937576 10.003852 24.712711
v -19.689049 10.003852 22.463203
v -19.611990 10.003852 22.277386
v -18.127098 10.003852 23.741575
v -18.306787 10.003852 23.857050
v -18.499460 10.003852 23.975216
v -17.289583 10.003852 24.604214
v -17.233147 10.003852 24.398212
v -17.344719 10.003852 24.823414
v -17.398024 10.003852 25.055838
v -17.448956 10.003852 25.301502
v -17.496992 10.003852 25.560410
v -17.541586 10.003852 25.832531
v -17.582211 10.003852 26.117840
v -17.618332 10.003852 26.416281
v -15.391863 10.003852 25.377205
v -15.546127 10.003852 25.506313
v -15.712759 10.003852 25.639938
v -15.892025 10.003852 25.777603
v -16.084160 10.003852 25.918833
v -14.588436 10.003852 26.065914
v -14.551691 10.003852 25.868137
v -16.739937 10.003852 26.359085
v -16.985638 10.003852 26.509697
v -14.683664 10.003852 26.737167
v -14.654953 10.003852 26.500446
v -14.121569 10.003852 28.139956
v -14.363831 10.003852 28.317938
v -11.808432 10.003852 28.125561
v -11.807175 10.003852 28.376450
v -12.526505 10.003852 26.708752
v -12.654903 10.003852 26.847076
v -12.794821 10.003852 26.991600
v -12.946581 10.003852 27.141909
v -13.110472 10.003852 27.297556
v -13.286793 10.003852 27.458103
v -11.800329 10.003852 28.639681
v -11.787374 10.003852 28.915127
v -9.666058 10.003852 27.871820
v -9.779294 10.003852 28.022800
v -10.185279 10.003852 28.518435
v -10.343853 10.003852 28.696533
v -8.856308 10.003852 28.139595
v -8.855412 10.003852 28.328323
v -9.903340 10.003852 28.181160
v -10.038557 10.003852 28.346510
v -11.102783 10.003852 29.461906
v -11.325111 10.003852 29.664238
v -7.287584 10.003852 29.620556
v -7.438166 10.003852 29.821230
v -5.819614 10.003852 29.298231
v -5.787384 10.003852 29.509380
v -7.020548 10.003852 29.240543
v -7.148497 10.003852 29.426863
v -5.517998 10.003852 30.733995
v -5.587938 10.003852 30.467266
v -5.439064 10.003852 31.011164
v -5.350677 10.003852 31.298494
v -4.910089 10.003852 31.370628
v -4.420130 10.003852 30.658466
v -4.571484 10.003852 30.888969
v -4.734683 10.003852 31.126492
v -8.592949 10.003852 30.567739
v -8.650818 10.003852 30.272747
v -5.649366 10.003852 30.211206
v -5.702757 10.003852 29.966061
v -3.739325 10.003852 29.443668
v -3.827734 10.003852 29.624355
v -3.925619 10.003852 29.814205
v -0.580101 10.003852 29.494654
v -0.641138 10.003852 29.673239
v -0.710178 10.003852 29.862183
v -2.372633 10.003852 30.884457
v -2.460485 10.003852 30.636225
v -2.275192 10.003852 31.142418
v 0.272763 10.003852 29.499096
v 0.331936 10.003852 29.678305
v -0.969870 10.003852 30.488449
v -1.075440 10.003852 30.716047
v -1.191232 10.003852 30.952547
v -1.317665 10.003852 31.197605
v -1.455145 10.003852 31.450884
v -1.604067 10.003852 31.712021
v 0.558662 10.003852 30.277534
v 0.652157 10.003852 30.496899
v 0.868670 10.003852 30.963280
v 0.755348 10.003852 30.725586
v 0.992540 10.003852 31.209639
v 1.127375 10.003852 31.464340
v 0.474430 10.003852 30.067791
v 0.399004 10.003852 29.867956
v 2.464072 10.003852 29.577698
v 2.415158 10.003852 29.772823
v 2.358886 10.003852 29.978878
v 2.294777 10.003852 30.195614
v 2.141153 10.003852 30.660198
v 2.050715 10.003852 30.907499
v 1.950593 10.003852 31.164436
v 1.840342 10.003852 31.430698
v 1.719529 10.003852 31.705969
v 4.410117 10.003852 31.174135
v 4.249400 10.003852 30.934921
v 5.479611 10.003852 29.568077
v 5.438508 10.003852 29.790333
v 5.390225 10.003852 30.023853
v 5.197477 10.003852 30.789816
v 5.115661 10.003852 31.066145
v 7.127054 10.003852 29.897116
v 7.287316 10.003852 30.106049
v 6.495148 10.003852 28.960754
v 6.600180 10.003852 29.132317
v 8.562641 10.003852 28.230339
v 8.559773 10.003852 28.419044
v 8.552498 10.003852 28.620075
v 8.540302 10.003852 28.833321
v 8.522654 10.003852 29.058662
v 8.499048 10.003852 29.295944
v 8.468973 10.003852 29.545031
v 10.588271 10.003852 29.375423
v 10.394339 10.003852 29.179396
v 11.462889 10.003852 29.323673
v 11.433052 10.003852 29.622807
v 9.375133 10.003852 27.971018
v 9.742664 10.003852 28.449564
v 9.887592 10.003852 28.623013
v 11.015423 10.003852 29.780628
v 10.795212 10.003852 29.575989
v 12.512899 10.003852 27.123451
v 12.663084 10.003852 27.275328
v 12.374491 10.003852 26.977472
v 12.247541 10.003852 26.837822
v 11.466606 10.003852 27.180653
v 11.483482 10.003852 27.368624
v 11.497263 10.003852 27.569313
v 11.507416 10.003852 27.782669
v 11.513420 10.003852 28.008612
v 11.514748 10.003852 28.247066
v 11.510876 10.003852 28.497931
v 11.501289 10.003852 28.761074
v 11.485464 10.003852 29.036373
v 12.999981 10.003852 27.595051
v 12.825344 10.003852 27.432673
v 13.187267 10.003852 27.761990
v 13.827606 10.003852 28.285559
v 13.600838 10.003852 28.107725
v 14.068001 10.003852 28.466063
v 14.348457 10.003852 26.427622
v 14.378048 10.003852 26.651699
v 14.404289 10.003852 26.888706
v 14.426664 10.003852 27.138599
v 14.444632 10.003852 27.401312
v 16.016945 10.003852 26.231462
v 15.813236 10.003852 26.085018
v 16.233929 10.003852 26.380653
v 16.464386 10.003852 26.532072
v 16.978001 10.003852 24.576439
v 17.032295 10.003852 24.783028
v 19.605049 10.003852 23.079931
v 19.680000 10.003852 23.306307
v 19.753841 10.003852 23.546085
v 17.085140 10.003852 25.002781
v 17.136017 10.003852 25.235752
v 17.229721 10.003852 25.741325
v 17.271481 10.003852 26.013895
v 18.453234 10.003852 24.289186
v 18.671139 10.003852 24.413542
v 21.716722 10.003852 20.509464
v 21.812780 10.003852 20.700243
v 20.282084 10.003852 21.929235
v 20.105339 10.003852 21.833172
v 22.463205 10.003852 19.689047
v 22.662176 10.003852 19.766708
v 22.398880 10.003852 22.126129
v 22.493296 10.003852 22.411539
v 21.364027 10.003852 22.428946
v 21.120768 10.003852 22.328133
v 21.620926 10.003852 22.529142
v 22.874413 10.003852 19.844456
v 23.099991 10.003852 19.921761
v 23.338987 10.003852 19.998095
v 23.591454 10.003852 20.072929
v 23.520699 10.003852 17.805836
v 23.629303 10.003852 17.960184
v 24.095596 10.003852 18.705305
v 24.217676 10.003852 18.924490
v 24.464895 10.003852 19.403503
v 24.588991 10.003852 19.663603
v 25.301504 10.003852 17.448956
v 25.560410 10.003852 17.496992
v 26.063160 10.003852 16.289381
v 26.210075 10.003852 16.507914
v 26.359089 10.003852 16.739937
v 26.509691 10.003852 16.985636
v 26.661381 10.003852 17.245174
v 25.253067 10.003852 15.249708
v 25.377205 10.003852 15.391857
v 27.141909 10.003852 12.946581
v 27.297562 10.003852 13.110474
v 27.524614 10.003852 14.745251
v 27.812603 10.003852 14.755833
v 27.249319 10.003852 14.729351
v 26.986813 10.003852 14.708639
v 27.458103 10.003852 13.286793
v 27.623087 10.003852 13.475811
v 27.964493 10.003852 13.892958
v 28.139954 10.003852 14.121569
v 28.376450 10.003852 11.807178
v 28.639687 10.003852 11.800329
v 28.968287 10.003852 8.824950
v 29.205803 10.003852 8.803822
v 28.891502 10.003852 6.796540
v 29.061962 10.003852 6.903355
v 29.240541 10.003852 7.020546
v 29.620562 10.003852 7.287582
v 29.821232 10.003852 7.438166
v 27.661263 10.003852 11.796263
v 27.448030 10.003852 11.783884
v 28.328321 10.003852 8.855411
v 28.529415 10.003852 8.850231
v 27.871815 10.003852 9.666057
v 28.022804 10.003852 9.779294
v 28.181158 10.003852 9.903340
v 28.346508 10.003852 10.038555
v 28.518438 10.003852 10.185278
v 28.696537 10.003852 10.343851
v 28.880367 10.003852 10.514585
v 29.069511 10.003852 10.697790
v 29.263502 10.003852 10.893761
v 29.461906 10.003852 11.102779
v 29.664240 10.003852 11.325111
v 29.455191 10.003852 8.776343
v 29.716259 10.003852 8.742023
v 30.028486 10.003852 7.600595
v 30.241909 10.003852 7.775217
v 30.461071 10.003852 7.962351
v 29.732048 10.003852 5.748597
v 29.966061 10.003852 5.702757
v 29.443668 10.003852 3.739323
v 29.624355 10.003852 3.827734
v 30.716057 10.003852 1.075439
v 30.952549 10.003852 1.191233
v 30.012880 10.003852 4.033389
v 30.220058 10.003852 4.151466
v 30.888968 10.003852 4.571482
v 31.126490 10.003852 4.734682
v 31.370630 10.003852 4.910086
v 29.862183 10.003852 0.710176
v 30.061218 10.003852 0.787681
v 31.197607 10.003852 1.317662
v 31.450886 10.003852 1.455141
v 31.712025 10.003852 1.604064
v 30.270069 10.003852 0.874096
v 30.488451 10.003852 0.969870
v 31.209639 10.003852 -0.992542
v 30.963280 10.003852 -0.868673
v 29.577703 10.003852 -2.464072
v 29.772821 10.003852 -2.415162
v 30.907499 10.003852 -2.050717
v 31.164438 10.003852 -1.950592
v 31.430695 10.003852 -1.840341
v 30.268423 10.003852 -5.334288
v 30.523827 10.003852 -5.270196
v 30.789820 10.003852 -5.197480
v 29.678307 10.003852 -0.331936
v 29.867960 10.003852 -0.399003
v 29.058657 10.003852 -8.522655
v 29.295952 10.003852 -8.499045
v 29.499094 10.003852 -0.272757
v 30.067793 10.003852 -0.474422
v 30.277533 10.003852 -0.558662
v 30.496901 10.003852 -0.652159
v 30.725586 10.003852 -0.755350
v 31.464338 10.003852 -1.127376
v 31.727009 10.003852 -1.273571
v 29.662630 10.003852 -3.518870
v 29.853487 10.003852 -3.614763
v 29.481030 10.003852 -3.432340
v 29.308985 10.003852 -3.354758
v 31.705969 10.003852 -1.719523
v 29.393713 10.003852 -2.506102
v 29.978874 10.003852 -2.358882
v 30.195614 10.003852 -2.294779
v 30.422810 10.003852 -2.222347
v 30.660196 10.003852 -2.141146
v 30.053274 10.003852 -3.720468
v 30.261669 10.003852 -3.836381
v 30.478319 10.003852 -3.962910
v 31.352541 10.003852 -5.024280
v 29.357273 10.003852 -5.514036
v 31.066151 10.003852 -5.115657
v 29.132317 10.003852 -6.600177
v 29.312099 10.003852 -6.715505
v 28.960749 10.003852 -6.495152
v 28.797760 10.003852 -6.400003
v 29.499746 10.003852 -6.841503
v 29.694881 10.003852 -6.978563
v 30.321276 10.003852 -7.459697
v 30.542377 10.003852 -7.644537
v 30.768913 10.003852 -7.842152
v 28.230343 10.003852 -8.562634
v 28.833326 10.003852 -8.540294
v 28.282820 10.003852 -9.609177
v 28.123177 10.003852 -9.486786
v 27.971020 10.003852 -9.375134
v 28.802750 10.003852 -10.044304
v 28.988352 10.003852 -10.213114
v 29.179396 10.003852 -10.394329
v 29.375423 10.003852 -10.588268
v 29.575991 10.003852 -10.795208
v 29.780630 10.003852 -11.015425
v 29.622807 10.003852 -11.433047
v 27.180653 10.003852 -11.466608
v 27.368622 10.003852 -11.483482
v 27.569313 10.003852 -11.497263
v 28.247070 10.003852 -11.514744
v 28.497932 10.003852 -11.510874
v 28.761078 10.003852 -11.501285
v 29.036375 10.003852 -11.485459
v 29.323673 10.003852 -11.462891
v 27.275328 10.003852 -12.663088
v 26.837822 10.003852 -12.247539
v 27.432676 10.003852 -12.825341
v 27.595049 10.003852 -12.999977
v 27.761992 10.003852 -13.187263
v 27.933043 10.003852 -13.387465
v 28.107723 10.003852 -13.600831
v 28.285561 10.003852 -13.827614
v 28.466063 10.003852 -14.068005
v 28.265453 10.003852 -14.466843
v 25.833168 10.003852 -14.244947
v 26.018347 10.003852 -14.281370
v 26.216494 10.003852 -14.316061
v 26.427620 10.003852 -14.348454
v 27.964838 10.003852 -14.465254
v 25.666910 10.003852 -15.279522
v 25.802259 10.003852 -15.444757
v 25.536201 10.003852 -15.126614
v 25.410585 10.003852 -14.985762
v 25.941784 10.003852 -15.622578
v 26.085014 10.003852 -15.813231
v 26.532074 10.003852 -16.464382
v 26.685232 10.003852 -16.708500
v 26.839617 10.003852 -16.966446
v 24.202652 10.003852 -16.867205
v 24.383007 10.003852 -16.922794
v 23.929161 10.003852 -17.878742
v 24.046497 10.003852 -18.057220
v 23.815149 10.003852 -17.713009
v 23.704947 10.003852 -17.559799
v 24.413542 10.003852 -18.671133
v 24.539228 10.003852 -18.902523
v 24.665731 10.003852 -19.147547
v 24.639957 10.003852 -20.027424
v 22.306965 10.003852 -19.304670
v 22.480518 10.003852 -19.378807
v 23.079931 10.003852 -19.605045
v 23.306309 10.003852 -19.679996
v 23.546085 10.003852 -19.753836
v 23.799316 10.003852 -19.826033
v 21.929237 10.003852 -20.282078
v 22.027273 10.003852 -20.471844
v 22.126778 10.003852 -20.674789
v 22.227240 10.003852 -20.891054
v 22.328136 10.003852 -21.120762
v 22.628204 10.003852 -21.891552
v 22.725586 10.003852 -22.175959
v 22.411539 10.003852 -22.493290
v 20.166878 10.003852 -21.530632
v 20.700243 10.003852 -21.812775
v 20.904213 10.003852 -21.910160
v 21.596558 10.003852 -22.205130
v 19.689051 10.003852 -22.463202
v 19.766716 10.003852 -22.662176
v 19.611988 10.003852 -22.277386
v 19.536049 10.003852 -22.104610
v 19.844461 10.003852 -22.874411
v 19.921764 10.003852 -23.099989
v 19.998100 10.003852 -23.338985
v 20.072933 10.003852 -23.591454
v 20.145725 10.003852 -23.857422
v 20.215952 10.003852 -24.136919
v 17.805836 10.003852 -23.520695
v 17.960186 10.003852 -23.629299
v 18.705307 10.003852 -24.095596
v 17.233147 10.003852 -24.398212
v 17.289587 10.003852 -24.604214
v 17.175932 10.003852 -24.205360
v 17.118467 10.003852 -24.025593
v 17.344725 10.003852 -24.823414
v 17.398026 10.003852 -25.055836
v 17.448957 10.003852 -25.301506
v 17.496990 10.003852 -25.560408
v 17.541588 10.003852 -25.832531
v 17.582214 10.003852 -26.117838
v 17.618334 10.003852 -26.416277
v 15.249710 10.003852 -25.253065
v 16.289387 10.003852 -26.063156
v 16.507914 10.003852 -26.210073
v 16.739937 10.003852 -26.359085
v 14.588436 10.003852 -26.065912
v 14.623033 10.003852 -26.276684
v 14.551691 10.003852 -25.868134
v 14.513330 10.003852 -25.683346
v 14.654953 10.003852 -26.500443
v 14.683670 10.003852 -26.737167
v 14.708645 10.003852 -26.986811
v 14.760567 10.003852 -28.113184
v 14.363834 10.003852 -28.317938
v 12.526508 10.003852 -26.708755
v 11.783890 10.003852 -27.448027
v 11.796265 10.003852 -27.661263
v 11.768021 10.003852 -27.247494
v 11.749186 10.003852 -27.059708
v 11.804623 10.003852 -27.887133
v 11.808435 10.003852 -28.125561
v 11.807180 10.003852 -28.376448
v 11.800333 10.003852 -28.639683
v 11.787376 10.003852 -28.915129
v 10.038559 10.003852 -28.346508
v 10.185284 10.003852 -28.518436
v 10.343855 10.003852 -28.696531
v 10.514591 10.003852 -28.880371
v 10.697796 10.003852 -29.069508
v 8.850237 10.003852 -28.529413
v 8.855415 10.003852 -28.328320
v 8.856312 10.003852 -28.139591
v 8.803823 10.003852 -29.205799
v 8.650824 10.003852 -30.272743
v 8.592953 10.003852 -30.567734
v 5.819616 10.003852 -29.298227
v 5.845787 10.003852 -29.098776
v 5.866407 10.003852 -28.911179
v 5.702759 10.003852 -29.966061
v 5.518002 10.003852 -30.733995
v 5.439068 10.003852 -31.011162
v 5.350679 10.003852 -31.298491
v 4.910091 10.003852 -31.370626
v 3.659958 10.003852 -29.272438
v 3.739326 10.003852 -29.443665
v 3.827740 10.003852 -29.624355
v 3.925623 10.003852 -29.814205
v 4.033394 10.003852 -30.012878
v 4.571486 10.003852 -30.888969
v 4.734688 10.003852 -31.126492
v 2.725237 10.003852 -29.746046
v 2.772112 10.003852 -29.550423
v 2.812229 10.003852 -29.366009
v 2.539211 10.003852 -30.398003
v 2.275194 10.003852 -31.142422
v 2.167723 10.003852 -31.409817
v 0.580105 10.003852 -29.494652
v 0.641140 10.003852 -29.673233
v 0.710180 10.003852 -29.862177
v 0.787683 10.003852 -30.061218
v 1.455147 10.003852 -31.450884
v -0.398998 10.003852 -29.867958
v -0.474424 10.003852 -30.067791
v -0.558661 10.003852 -30.277534
v -0.652155 10.003852 -30.496902
v -0.755348 10.003852 -30.725588
v -0.868668 10.003852 -30.963280
v -0.992540 10.003852 -31.209642
v -3.432343 10.003852 -29.481030
v -3.354761 10.003852 -29.308985
v -3.720463 10.003852 -30.053276
v -3.836376 10.003852 -30.261669
v -3.962906 10.003852 -30.478313
v -4.100456 10.003852 -30.702860
v -4.249397 10.003852 -30.934923
v -4.410114 10.003852 -31.174133
v -4.582966 10.003852 -31.420086
v -5.024282 10.003852 -31.352541
v -5.564857 10.003852 -28.970734
v -5.542280 10.003852 -29.158106
v -5.514034 10.003852 -29.357273
v -5.390224 10.003852 -30.023853
v -5.197474 10.003852 -30.789822
v -5.115660 10.003852 -31.066151
v -6.400003 10.003852 -28.797760
v -7.644539 10.003852 -30.542376
v -7.842152 10.003852 -30.768915
v -8.273993 10.003852 -30.655609
v -8.562637 10.003852 -28.230343
v -8.559771 10.003852 -28.419048
v -8.552498 10.003852 -28.620075
v -8.540295 10.003852 -28.833326
v -8.431927 10.003852 -29.805735
v -8.387413 10.003852 -30.077869
v -8.334930 10.003852 -30.361235
v -9.742662 10.003852 -28.449566
v -9.375130 10.003852 -27.971020
v -9.887590 10.003852 -28.623013
v -10.044296 10.003852 -28.802753
v -10.213104 10.003852 -28.988356
v -10.394331 10.003852 -29.179396
v -10.588270 10.003852 -29.375423
v -10.795210 10.003852 -29.575989
v -11.015419 10.003852 -29.780630
v -11.433048 10.003852 -29.622807
v -11.483479 10.003852 -27.368628
v -11.485462 10.003852 -29.036377
v -11.462885 10.003852 -29.323675
v -12.512896 10.003852 -27.123451
v -12.663082 10.003852 -27.275330
v -12.374489 10.003852 -26.977476
v -12.825344 10.003852 -27.432678
v -12.999979 10.003852 -27.595053
v -13.187265 10.003852 -27.761995
v -13.387468 10.003852 -27.933044
v -13.600834 10.003852 -28.107727
v -13.827604 10.003852 -28.285564
v -14.067999 10.003852 -28.466064
v -14.466843 10.003852 -28.265453
v -14.244942 10.003852 -25.833172
v -14.281372 10.003852 -26.018347
v -14.378044 10.003852 -26.651701
v -14.404289 10.003852 -26.888712
v -15.279524 10.003852 -25.666914
v -15.444759 10.003852 -25.802261
v -15.126614 10.003852 -25.536201
v -14.985764 10.003852 -25.410585
v -15.622580 10.003852 -25.941784
v -15.813231 10.003852 -26.085012
v -16.016943 10.003852 -26.231468
v -16.233927 10.003852 -26.380651
v -16.464382 10.003852 -26.532072
v -17.342138 10.003852 -26.598413
v -16.867207 10.003852 -24.202654
v -16.922792 10.003852 -24.383005
v -17.229721 10.003852 -25.741331
v -17.271475 10.003852 -26.013899
v -17.309128 10.003852 -26.299614
v -17.713009 10.003852 -23.815151
v -17.559797 10.003852 -23.704945
v -18.248653 10.003852 -24.166668
v -18.453232 10.003852 -24.289185
v -18.671137 10.003852 -24.413542
v -18.902527 10.003852 -24.539230
v -19.147545 10.003852 -24.665731
v -19.406336 10.003852 -24.792534
v -19.679007 10.003852 -24.919109
v -20.027428 10.003852 -24.639956
v -19.304672 10.003852 -22.306965
v -19.378811 10.003852 -22.480520
v -19.453928 10.003852 -22.667128
v -19.679996 10.003852 -23.306307
v -19.753836 10.003852 -23.546083
v -19.963369 10.003852 -24.346247
v -20.282082 10.003852 -21.929237
v -20.471844 10.003852 -22.027273
v -20.105337 10.003852 -21.833174
v -19.941446 10.003852 -21.739590
v -20.674789 10.003852 -22.126776
v -20.891056 10.003852 -22.227238
v -21.120760 10.003852 -22.328136
v -21.364023 10.003852 -22.428947
v -21.620928 10.003852 -22.529146
v -21.891554 10.003852 -22.628206
v -22.175959 10.003852 -22.725586
v -21.530632 10.003852 -20.166876
v -21.622501 10.003852 -20.331730
v -21.716719 10.003852 -20.509464
v -21.812777 10.003852 -20.700245
v -22.463203 10.003852 -19.689051
v -22.662176 10.003852 -19.766716
v -22.277386 10.003852 -19.611992
v -22.104610 10.003852 -19.536049
v -23.338985 10.003852 -19.998098
v -23.591452 10.003852 -20.072933
v -23.857424 10.003852 -20.145725
v -24.712713 10.003852 -19.937576
v -23.520699 10.003852 -17.805838
v -23.629297 10.003852 -17.960184
v -23.741577 10.003852 -18.127100
v -24.095596 10.003852 -18.705307
v -24.464890 10.003852 -19.403509
v -24.588989 10.003852 -19.663607
v -24.398214 10.003852 -17.233147
v -24.604216 10.003852 -17.289587
v -24.205360 10.003852 -17.175930
v -24.025591 10.003852 -17.118465
v -24.823416 10.003852 -17.344725
v -25.055836 10.003852 -17.398024
v -26.117842 10.003852 -17.582214
v -26.416279 10.003852 -17.618332
v -25.506313 10.003852 -15.546124
v -25.918835 10.003852 -16.084166
v -25.868135 10.003852 -14.551690
v -25.683344 10.003852 -14.513331
v -26.986818 10.003852 -14.708642
v -28.113184 10.003852 -14.760564
v -27.141912 10.003852 -12.946583
v -27.792040 10.003852 -13.677782
v -27.964489 10.003852 -13.892958
v -27.247492 10.003852 -11.768018
v -27.059706 10.003852 -11.749184
v -27.887131 10.003852 -11.804620
v -28.125561 10.003852 -11.808435
v -28.915131 10.003852 -11.787374
v -29.202652 10.003852 -11.767792
v -29.502075 10.003852 -11.741079
v -28.880369 10.003852 -10.514587
v -29.069510 10.003852 -10.697794
v -29.263504 10.003852 -10.893766
v -28.139597 10.003852 -8.856312
v -28.968285 10.003852 -8.824955
v -29.716261 10.003852 -8.742027
v -29.988846 10.003852 -8.700350
v -29.061966 10.003852 -6.903357
v -29.620558 10.003852 -7.287584
v -30.461067 10.003852 -7.962353
v -29.509382 10.003852 -5.787386
v -28.911175 10.003852 -5.866407
v -30.467262 10.003852 -5.587940
v -30.733999 10.003852 -5.518000
v -31.011164 10.003852 -5.439068
v -31.298489 10.003852 -5.350679
v -29.272438 10.003852 -3.659956
v -29.443666 10.003852 -3.739326
v -29.624359 10.003852 -3.827738
v -29.814201 10.003852 -3.925621
v -31.197607 10.003852 -1.317665
v -29.867960 10.003852 0.399002
v -30.067791 10.003852 0.474424
v -29.678305 10.003852 0.331936
v -29.499096 10.003852 0.272762
v -30.725586 10.003852 0.755346
v -31.727015 10.003852 1.273567
v -29.393717 10.003852 2.506104
v -29.577698 10.003852 2.464069
v -30.660198 10.003852 2.141150
v -29.662632 10.003852 3.518867
v -29.853485 10.003852 3.614765
v -29.481030 10.003852 3.432343
v -29.308987 10.003852 3.354759
v -30.053276 10.003852 3.720467
v -30.261669 10.003852 3.836380
v -30.478315 10.003852 3.962912
v -30.702860 10.003852 4.100456
v -30.934925 10.003852 4.249399
v -31.174133 10.003852 4.410118
v -28.970734 10.003852 5.564857
v -30.023851 10.003852 5.390228
v -30.268431 10.003852 5.334280
v -30.523830 10.003852 5.270195
v -29.312098 10.003852 6.715503
v -29.499746 10.003852 6.841507
v -29.694880 10.003852 6.978566
v -29.897110 10.003852 7.127050
v -30.106049 10.003852 7.287313
v -30.321274 10.003852 7.459699
v -30.542377 10.003852 7.644545
v -28.620075 10.003852 8.552499
v -28.833326 10.003852 8.540298
v -29.058659 10.003852 8.522648
v -29.295952 10.003852 8.499046
v -29.545027 10.003852 8.468973
v -29.805733 10.003852 8.431931
v -28.282818 10.003852 9.609180
v -28.123173 10.003852 9.486789
v -27.971018 10.003852 9.375132
v -28.988354 10.003852 10.213106
v -29.179394 10.003852 10.394332
v -29.375422 10.003852 10.588270
v -29.575989 10.003852 10.795210
v -29.780628 10.003852 11.015421
v -29.622805 10.003852 11.433049
v -28.497931 10.003852 11.510876
v -28.761074 10.003852 11.501287
v -27.123451 10.003852 12.512899
v -27.275328 10.003852 12.663081
v -26.977472 10.003852 12.374491
v -26.837822 10.003852 12.247541
v -27.761993 10.003852 13.187267
v -27.933043 10.003852 13.387468
v -25.833168 10.003852 14.244941
v -25.666910 10.003852 15.279524
v -25.802258 10.003852 15.444760
v -25.941784 10.003852 15.622581
v -26.085012 10.003852 15.813234
v -26.839617 10.003852 16.966450
v -26.598408 10.003852 17.342136
v -24.202652 10.003852 16.867208
v -24.383007 10.003852 16.922796
v -23.929159 10.003852 17.878746
v -24.046495 10.003852 18.057224
v -23.815151 10.003852 17.713011
v -23.704945 10.003852 17.559801
v -24.166666 10.003852 18.248653
v -24.289186 10.003852 18.453234
v -24.413538 10.003852 18.671135
v -24.792536 10.003852 19.406342
v -24.919107 10.003852 19.679005
v -24.639959 10.003852 20.027426
v -22.306961 10.003852 19.304672
v -22.866903 10.003852 19.529518
v -23.079929 10.003852 19.605045
v -24.346247 10.003852 19.963367
v -21.929235 10.003852 20.282082
v -21.833172 10.003852 20.105339
v -21.739584 10.003852 19.941446
v -22.428947 10.003852 21.364021
v -22.529144 10.003852 21.620926
v -22.628199 10.003852 21.891552
v -22.725580 10.003852 22.175961
v -20.509462 10.003852 21.716721
v -20.700243 10.003852 21.812777
v -19.766712 10.003852 22.662178
v -19.536047 10.003852 22.104614
v -19.844456 10.003852 22.874411
v -20.072931 10.003852 23.591450
v -20.145723 10.003852 23.857422
v -20.215950 10.003852 24.136923
v -20.283072 10.003852 24.429949
v -19.157177 10.003852 24.340944
v -17.175934 10.003852 24.205360
v -17.118465 10.003852 24.025595
v -17.245173 10.003852 26.661381
v -15.249710 10.003852 25.253067
v -16.289385 10.003852 26.063154
v -16.507912 10.003852 26.210073
v -14.623030 10.003852 26.276686
v -14.513327 10.003852 25.683346
v -14.708641 10.003852 26.986813
v -14.729351 10.003852 27.249321
v -14.745251 10.003852 27.524612
v -14.755835 10.003852 27.812605
v -14.760563 10.003852 28.113182
v -13.475809 10.003852 27.623085
v -13.677780 10.003852 27.792038
v -13.892954 10.003852 27.964489
v -11.783884 10.003852 27.448025
v -11.796263 10.003852 27.661259
v -11.768017 10.003852 27.247494
v -11.749182 10.003852 27.059708
v -11.804621 10.003852 27.887135
v -11.767794 10.003852 29.202650
v -11.741076 10.003852 29.502077
v -10.514587 10.003852 28.880367
v -10.697792 10.003852 29.069510
v -10.893764 10.003852 29.263504
v -8.850233 10.003852 28.529417
v -8.840251 10.003852 28.742775
v -8.824951 10.003852 28.968281
v -8.803823 10.003852 29.205803
v -8.776348 10.003852 29.455183
v -8.742023 10.003852 29.716261
v -8.700348 10.003852 29.988840
v -8.162315 10.003852 30.685534
v -6.699707 10.003852 28.729515
v -6.796540 10.003852 28.891504
v -6.903357 10.003852 29.061964
v -7.600597 10.003852 30.028488
v -7.775219 10.003852 30.241909
v -7.962351 10.003852 30.461065
v -5.845785 10.003852 29.098782
v -5.866405 10.003852 28.911182
v -5.748600 10.003852 29.732054
v -3.659954 10.003852 29.272438
v -4.033391 10.003852 30.012878
v -4.151470 10.003852 30.220053
v -4.280252 10.003852 30.435371
v -2.725236 10.003852 29.746044
v -2.671110 10.003852 29.952671
v -2.772112 10.003852 29.550419
v -2.812228 10.003852 29.366009
v -2.609262 10.003852 30.170063
v -2.539209 10.003852 30.398006
v -2.167723 10.003852 31.409821
v -2.049784 10.003852 31.686333
v -0.787681 10.003852 30.061216
v -0.874097 10.003852 30.270069
v 1.273571 10.003852 31.727011
v 2.506106 10.003852 29.393715
v 2.222354 10.003852 30.422810
v 3.518870 10.003852 29.662630
v 3.614767 10.003852 29.853487
v 3.432347 10.003852 29.481030
v 3.354764 10.003852 29.308987
v 3.720467 10.003852 30.053276
v 3.836380 10.003852 30.261665
v 3.962908 10.003852 30.478310
v 4.100454 10.003852 30.702860
v 4.582968 10.003852 31.420082
v 5.024283 10.003852 31.352539
v 5.564857 10.003852 28.970734
v 5.542285 10.003852 29.158104
v 5.514036 10.003852 29.357273
v 5.334286 10.003852 30.268423
v 5.270193 10.003852 30.523832
v 6.715505 10.003852 29.312099
v 6.400008 10.003852 28.797760
v 6.841509 10.003852 29.499744
v 6.978569 10.003852 29.694878
v 7.459703 10.003852 30.321272
v 7.644545 10.003852 30.542374
v 7.842157 10.003852 30.768911
v 8.273994 10.003852 30.655605
v 8.431933 10.003852 29.805733
v 8.387417 10.003852 30.077866
v 8.334937 10.003852 30.361233
v 9.609183 10.003852 28.282822
v 9.486792 10.003852 28.123173
v 10.044300 10.003852 28.802750
v 10.213107 10.003852 28.988354
v 13.387470 10.003852 27.933044
v 14.466848 10.003852 28.265450
v 14.244944 10.003852 25.833168
v 14.281374 10.003852 26.018345
v 14.316055 10.003852 26.216492
v 14.457672 10.003852 27.676754
v 14.465250 10.003852 27.964838
v 15.279526 10.003852 25.666912
v 15.444761 10.003852 25.802258
v 15.126617 10.003852 25.536203
v 14.985765 10.003852 25.410587
v 15.622583 10.003852 25.941784
v 16.708504 10.003852 26.685232
v 16.966450 10.003852 26.839617
v 17.342140 10.003852 26.598408
v 16.867208 10.003852 24.202652
v 16.922796 10.003852 24.383005
v 17.184391 10.003852 25.481936
v 17.309134 10.003852 26.299614
v 17.878742 10.003852 23.929161
v 18.057226 10.003852 24.046494
v 17.713013 10.003852 23.815149
v 17.559803 10.003852 23.704945
v 18.248657 10.003852 24.166668
v 18.902529 10.003852 24.539227
v 19.147549 10.003852 24.665733
v 19.406340 10.003852 24.792534
v 19.679010 10.003852 24.919109
v 20.027428 10.003852 24.639957
v 19.304676 10.003852 22.306965
v 19.378811 10.003852 22.480516
v 19.453934 10.003852 22.667124
v 19.529522 10.003852 22.866903
v 19.826038 10.003852 23.799313
v 19.896059 10.003852 24.066029
v 19.963367 10.003852 24.346247
v 20.471848 10.003852 22.027271
v 19.941448 10.003852 21.739588
v 20.674791 10.003852 22.126774
v 20.891054 10.003852 22.227236
v 21.891562 10.003852 22.628202
v 22.175962 10.003852 22.725580
v 21.530636 10.003852 20.166876
v 21.622503 10.003852 20.331732
v 21.910160 10.003852 20.904213
v 22.008362 10.003852 21.121513
v 22.106857 10.003852 21.352257
v 22.205139 10.003852 21.596560
v 22.302645 10.003852 21.854486
v 22.277386 10.003852 19.611988
v 22.104609 10.003852 19.536045
v 23.857422 10.003852 20.145723
v 24.136923 10.003852 20.215950
v 24.429949 10.003852 20.283070
v 24.712715 10.003852 19.937574
v 23.741575 10.003852 18.127092
v 23.857054 10.003852 18.306787
v 23.975222 10.003852 18.499458
v 24.340946 10.003852 19.157177
v 24.398216 10.003852 17.233147
v 24.604214 10.003852 17.289583
v 24.205362 10.003852 17.175928
v 24.025595 10.003852 17.118465
v 24.823414 10.003852 17.344721
v 25.055843 10.003852 17.398022
v 25.832529 10.003852 17.541586
v 26.117838 10.003852 17.582212
v 26.416281 10.003852 17.618332
v 25.506311 10.003852 15.546124
v 25.639940 10.003852 15.712761
v 25.777601 10.003852 15.892023
v 25.918839 10.003852 16.084160
v 26.065914 10.003852 14.588430
v 26.276686 10.003852 14.623032
v 25.868137 10.003852 14.551689
v 25.683346 10.003852 14.513329
v 26.500450 10.003852 14.654951
v 26.737173 10.003852 14.683664
v 28.113182 10.003852 14.760563
v 28.317934 10.003852 14.363827
v 26.708755 10.003852 12.526506
v 26.847075 10.003852 12.654902
v 26.991600 10.003852 12.794825
v 27.792038 10.003852 13.677780
v 27.247496 10.003852 11.768017
v 27.059706 10.003852 11.749182
v 27.887136 10.003852 11.804619
v 28.125561 10.003852 11.808430
v 28.915127 10.003852 11.787373
v 29.202654 10.003852 11.767788
v 29.502075 10.003852 11.741077
v 28.742773 10.003852 8.840252
v 28.139593 10.003852 8.856309
v 29.988846 10.003852 8.700348
v 30.272747 10.003852 8.650820
v 30.567739 10.003852 8.592948
v 30.685532 10.003852 8.162310
v 28.729515 10.003852 6.699705
v 29.426857 10.003852 7.148495
v 29.298233 10.003852 5.819613
v 29.509380 10.003852 5.787384
v 29.098776 10.003852 5.845782
v 28.911180 10.003852 5.866404
v 30.211201 10.003852 5.649364
v 30.467260 10.003852 5.587940
v 30.733997 10.003852 5.517996
v 31.011162 10.003852 5.439068
v 31.298492 10.003852 5.350679
v 29.272442 10.003852 3.659954
v 29.814207 10.003852 3.925617
v 30.435373 10.003852 4.280249
v 30.658466 10.003852 4.420130
v 29.746048 10.003852 2.725233
v 29.952667 10.003852 2.671109
v 29.550423 10.003852 2.772111
v 29.366011 10.003852 2.812225
v 30.170067 10.003852 2.609261
v 30.398008 10.003852 2.539209
v 30.636229 10.003852 2.460486
v 30.884459 10.003852 2.372632
v 31.142422 10.003852 2.275192
v 31.409821 10.003852 2.167719
v 31.686333 10.003852 2.049782
v 29.494652 10.003852 0.580101
v 29.673233 10.003852 0.641138
v -0.164695 10.003852 -34.599609
v 0.000000 10.003852 -34.600002
v -0.329386 10.003852 -34.598434
v -0.494070 10.003852 -34.596474
v -0.658743 10.003852 -34.593731
v -0.823400 10.003852 -34.590202
v -0.988039 10.003852 -34.585892
v -1.152656 10.003852 -34.580799
v -1.317247 10.003852 -34.574917
v -1.481807 10.003852 -34.568256
v -1.646335 10.003852 -34.560814
v -1.810824 10.003852 -34.552582
v -1.975273 10.003852 -34.543571
v -2.139677 10.003852 -34.533779
v -2.304033 10.003852 -34.523205
v -2.468336 10.003852 -34.511845
v -2.632583 10.003852 -34.499706
v -2.796771 10.003852 -34.486782
v -2.960896 10.003852 -34.473080
v -3.124953 10.003852 -34.458595
v -3.288939 10.003852 -34.443329
v -3.452852 10.003852 -34.427284
v -3.616685 10.003852 -34.410461
v -3.780437 10.003852 -34.392853
v -3.944103 10.003852 -34.374470
v -4.107680 10.003852 -34.355309
v -4.271163 10.003852 -34.335365
v -4.434550 10.003852 -34.314644
v -4.597837 10.003852 -34.293148
v -4.761019 10.003852 -34.270874
v -4.924094 10.003852 -34.247826
v -5.087057 10.003852 -34.223999
v -5.249904 10.003852 -34.199398
v -5.412633 10.003852 -34.174019
v -5.575239 10.003852 -34.147869
v -5.737719 10.003852 -34.120945
v -5.900068 10.003852 -34.093246
v -6.062284 10.003852 -34.064774
v -6.224363 10.003852 -34.035534
v -6.386301 10.003852 -34.005520
v -6.548094 10.003852 -33.974735
v -6.709738 10.003852 -33.943180
v -6.871231 10.003852 -33.910858
v -7.032567 10.003852 -33.877766
v -7.193746 10.003852 -33.843910
v -7.354760 10.003852 -33.809284
v -7.515607 10.003852 -33.773891
v -7.676285 10.003852 -33.737736
v -7.836788 10.003852 -33.700813
v -7.997115 10.003852 -33.663128
v -8.157260 10.003852 -33.624683
v -8.317220 10.003852 -33.585472
v -8.476992 10.003852 -33.545502
v -8.636571 10.003852 -33.504772
v -8.795955 10.003852 -33.463284
v -8.955139 10.003852 -33.421036
v -9.114121 10.003852 -33.378033
v -9.272897 10.003852 -33.334270
v -9.431461 10.003852 -33.289753
v -9.589813 10.003852 -33.244484
v -9.747949 10.003852 -33.198460
v -9.905860 10.003852 -33.151684
v -10.063549 10.003852 -33.104156
v -10.221010 10.003852 -33.055878
v -10.378239 10.003852 -33.006855
v -10.535234 10.003852 -32.957077
v -10.691989 10.003852 -32.906559
v -10.848503 10.003852 -32.855289
v -11.004768 10.003852 -32.803280
v -11.160788 10.003852 -32.750526
v -11.316552 10.003852 -32.697029
v -11.472062 10.003852 -32.642796
v -11.627309 10.003852 -32.587818
v -11.782296 10.003852 -32.532104
v -11.937015 10.003852 -32.475651
v -12.091462 10.003852 -32.418465
v -12.245635 10.003852 -32.360542
v -12.399532 10.003852 -32.301884
v -12.553148 10.003852 -32.242496
v -12.706478 10.003852 -32.182381
v -12.859523 10.003852 -32.121532
v -13.012274 10.003852 -32.059956
v -13.164731 10.003852 -31.997656
v -13.316890 10.003852 -31.934629
v -13.468747 10.003852 -31.870880
v -13.620298 10.003852 -31.806410
v -13.771542 10.003852 -31.741215
v -13.922473 10.003852 -31.675303
v -14.073090 10.003852 -31.608673
v -14.223387 10.003852 -31.541328
v -14.373362 10.003852 -31.473269
v -14.523010 10.003852 -31.404495
v -14.672330 10.003852 -31.335011
v -14.821318 10.003852 -31.264814
v -14.969969 10.003852 -31.193913
v -15.118281 10.003852 -31.122303
v -15.266251 10.003852 -31.049988
v -15.413875 10.003852 -30.976969
v -15.561152 10.003852 -30.903250
v -15.708074 10.003852 -30.828829
v -15.854639 10.003852 -30.753708
v -16.000847 10.003852 -30.677893
v -16.146690 10.003852 -30.601381
v -16.292170 10.003852 -30.524176
v -16.437281 10.003852 -30.446280
v -16.582016 10.003852 -30.367695
v -16.726377 10.003852 -30.288422
v -16.870361 10.003852 -30.208462
v -17.013960 10.003852 -30.127817
v -17.157177 10.003852 -30.046488
v -17.300001 10.003852 -29.964481
v -17.442438 10.003852 -29.881794
v -17.584476 10.003852 -29.798428
v -17.726116 10.003852 -29.714392
v -17.867353 10.003852 -29.629679
v -18.008188 10.003852 -29.544294
v -18.148613 10.003852 -29.458241
v -18.288628 10.003852 -29.371521
v -18.428228 10.003852 -29.284136
v -18.567413 10.003852 -29.196085
v -18.706175 10.003852 -29.107374
v -18.844513 10.003852 -29.018003
v -18.982424 10.003852 -28.927977
v -19.119904 10.003852 -28.837292
v -19.256954 10.003852 -28.745955
v -19.393564 10.003852 -28.653967
v -19.529737 10.003852 -28.561329
v -19.665466 10.003852 -28.468044
v -19.800751 10.003852 -28.374115
v -19.935587 10.003852 -28.279541
v -20.069973 10.003852 -28.184328
v -20.203901 10.003852 -28.088478
v -20.337370 10.003852 -27.991991
v -20.470383 10.003852 -27.894867
v -20.602930 10.003852 -27.797113
v -20.735008 10.003852 -27.698729
v -20.866617 10.003852 -27.599718
v -20.997757 10.003852 -27.500080
v -21.128418 10.003852 -27.399820
v -21.258602 10.003852 -27.298939
v -21.388302 10.003852 -27.197437
v -21.517521 10.003852 -27.095322
v -21.646250 10.003852 -26.992592
v -21.774487 10.003852 -26.889250
v -21.902233 10.003852 -26.785301
v -22.029482 10.003852 -26.680744
v -22.156233 10.003852 -26.575583
v -22.282480 10.003852 -26.469818
v -22.408224 10.003852 -26.363453
v -22.533459 10.003852 -26.256493
v -22.658184 10.003852 -26.148935
v -22.782394 10.003852 -26.040787
v -22.906090 10.003852 -25.932049
v -23.029266 10.003852 -25.822723
v -23.151920 10.003852 -25.712812
v -23.274050 10.003852 -25.602320
v -23.395655 10.003852 -25.491245
v -23.516726 10.003852 -25.379593
v -23.637266 10.003852 -25.267366
v -23.757267 10.003852 -25.154570
v -23.876738 10.003852 -25.041197
v -23.995663 10.003852 -24.927261
v -24.114040 10.003852 -24.812761
v -24.231876 10.003852 -24.697699
v -24.349163 10.003852 -24.582075
v -24.465897 10.003852 -24.465897
v -24.582075 10.003852 -24.349163
v -24.697699 10.003852 -24.231876
v -24.812761 10.003852 -24.114040
v -24.927261 10.003852 -23.995663
v -25.041197 10.003852 -23.876738
v -25.154570 10.003852 -23.757267
v -25.267366 10.003852 -23.637266
v -25.379593 10.003852 -23.516726
v -25.491245 10.003852 -23.395655
v -25.602320 10.003852 -23.274050
v -25.712812 10.003852 -23.151920
v -25.822723 10.003852 -23.029266
v -25.932049 10.003852 -22.906090
v -26.040787 10.003852 -22.782394
v -26.148935 10.003852 -22.658184
v -26.256493 10.003852 -22.533459
v -26.363453 10.003852 -22.408224
v -26.469818 10.003852 -22.282480
v -26.575583 10.003852 -22.156233
v -26.680744 10.003852 -22.029482
v -26.785301 10.003852 -21.902233
v -26.889250 10.003852 -21.774487
v -26.992592 10.003852 -21.646250
v -27.095322 10.003852 -21.517521
v -27.197437 10.003852 -21.388302
v -27.298939 10.003852 -21.258602
v -27.399820 10.003852 -21.128418
v -27.500080 10.003852 -20.997757
v -27.599718 10.003852 -20.866617
v -27.698729 10.003852 -20.735008
v -27.797113 10.003852 -20.602930
v -27.894867 10.003852 -20.470383
v -27.991991 10.003852 -20.337370
v -28.088478 10.003852 -20.203901
v -28.184328 10.003852 -20.069973
v -28.279541 10.003852 -19.935587
v -28.374115 10.003852 -19.800751
v -28.468044 10.003852 -19.665466
v -28.561329 10.003852 -19.529737
v -28.653967 10.003852 -19.393564
v -28.745955 10.003852 -19.256954
v -28.837292 10.003852 -19.119904
v -28.927977 10.003852 -18.982424
v -29.018003 10.003852 -18.844513
v -29.107374 10.003852 -18.706175
v -29.196085 10.003852 -18.567413
v -29.284136 10.003852 -18.428228
v -29.371521 10.003852 -18.288628
v -29.458241 10.003852 -18.148613
v -29.544294 10.003852 -18.008188
v -29.629679 10.003852 -17.867353
v -29.714392 10.003852 -17.726116
v -29.798428 10.003852 -17.584476
v -29.881794 10.003852 -17.442438
v -29.964481 10.003852 -17.300001
v -30.046488 10.003852 -17.157177
v -30.127817 10.003852 -17.013960
v -30.208462 10.003852 -16.870361
v -30.288422 10.003852 -16.726377
v -30.367695 10.003852 -16.582016
v -30.446280 10.003852 -16.437281
v -30.524176 10.003852 -16.292170
v -30.601381 10.003852 -16.146690
v -30.677893 10.003852 -16.000847
v -30.753708 10.003852 -15.854639
v -30.828829 10.003852 -15.708074
v -30.903250 10.003852 -15.561152
v -30.976969 10.003852 -15.413875
v -31.049988 10.003852 -15.266251
v -31.122303 10.003852 -15.118281
v -31.193913 10.003852 -14.969969
v -31.264814 10.003852 -14.821318
v -31.335011 10.003852 -14.672330
v -31.404495 10.003852 -14.523010
v -31.473269 10.003852 -14.373362
v -31.541328 10.003852 -14.223387
v -31.608673 10.003852 -14.073090
v -31.675303 10.003852 -13.922473
v -31.741215 10.003852 -13.771542
v -31.806410 10.003852 -13.620298
v -31.870880 10.003852 -13.468747
v -31.934629 10.003852 -13.316890
v -31.997656 10.003852 -13.164731
v -32.059956 10.003852 -13.012274
v -32.121532 10.003852 -12.859523
v -32.182381 10.003852 -12.706478
v -32.242496 10.003852 -12.553148
v -32.301884 10.003852 -12.399532
v -32.360542 10.003852 -12.245635
v -32.418465 10.003852 -12.091462
v -32.475651 10.003852 -11.937015
v -32.532104 10.003852 -11.782296
v -32.587818 10.003852 -11.627309
v -32.642796 10.003852 -11.472062
v -32.697029 10.003852 -11.316552
v -32.750526 10.003852 -11.160788
v -32.803280 10.003852 -11.004768
v -32.855289 10.003852 -10.848503
v -32.906559 10.003852 -10.691989
v -32.957077 10.003852 -10.535234
v -33.006855 10.003852 -10.378239
v -33.055878 10.003852 -10.221010
v -33.104156 10.003852 -10.063549
v -33.151684 10.003852 -9.905860
v -33.198460 10.003852 -9.747949
v -33.244484 10.003852 -9.589813
v -33.289753 10.003852 -9.431461
v -33.334270 10.003852 -9.272897
v -33.378033 10.003852 -9.114121
v -33.421036 10.003852 -8.955139
v -33.463284 10.003852 -8.795955
v -33.504772 10.003852 -8.636571
v -33.545502 10.003852 -8.476992
v -33.585472 10.003852 -8.317220
v -33.624683 10.003852 -8.157260
v -33.663128 10.003852 -7.997115
v -33.700813 10.003852 -7.836788
v -33.737736 10.003852 -7.676285
v -33.773891 10.003852 -7.515607
v -33.809284 10.003852 -7.354760
v -33.843910 10.003852 -7.193746
v -33.877766 10.003852 -7.032567
v -33.910858 10.003852 -6.871231
v -33.943180 10.003852 -6.709738
v -33.974735 10.003852 -6.548094
v -34.005520 10.003852 -6.386301
v -34.035534 10.003852 -6.224363
v -34.064774 10.003852 -6.062284
v -34.093246 10.003852 -5.900068
v -34.120945 10.003852 -5.737719
v -34.147869 10.003852 -5.575239
v -34.174019 10.003852 -5.412633
v -34.199398 10.003852 -5.249904
v -34.223999 10.003852 -5.087057
v -34.247826 10.003852 -4.924094
v -34.270874 10.003852 -4.761019
v -34.293148 10.003852 -4.597837
v -34.314644 10.003852 -4.434550
v -34.335365 10.003852 -4.271163
v -34.355309 10.003852 -4.107680
v -34.374470 10.003852 -3.944103
v -34.392853 10.003852 -3.780437
v -34.410461 10.003852 -3.616685
v -34.427284 10.003852 -3.452852
v -34.443329 10.003852 -3.288939
v -34.458595 10.003852 -3.124953
v -34.473080 10.003852 -2.960896
v -34.486782 10.003852 -2.796771
v -34.499706 10.003852 -2.632583
v -34.511845 10.003852 -2.468336
v -34.523205 10.003852 -2.304033
v -34.533779 10.003852 -2.139677
v -34.543571 10.003852 -1.975273
v -34.552582 10.003852 -1.810824
v -34.560814 10.003852 -1.646335
v -34.568256 10.003852 -1.481807
v -34.574917 10.003852 -1.317247
v -34.580799 10.003852 -1.152656
v -34.585892 10.003852 -0.988039
v -34.590202 10.003852 -0.823400
v -34.593731 10.003852 -0.658743
v -34.596474 10.003852 -0.494070
v -34.598434 10.003852 -0.329386
v -34.599609 10.003852 -0.164695
v -34.600002 10.003852 0.000000
v -34.599609 10.003852 0.164695
v -34.598434 10.003852 0.329386
v -34.596474 10.003852 0.494070
v -34.593731 10.003852 0.658743
v -34.590202 10.003852 0.823400
v -34.585892 10.003852 0.988039
v -34.580799 10.003852 1.152656
v -34.574917 10.003852 1.317247
v -34.568256 10.003852 1.481807
v -34.560814 10.003852 1.646335
v -34.552582 10.003852 1.810824
v -34.543571 10.003852 1.975273
v -34.533779 10.003852 2.139677
v -34.523205 10.003852 2.304033
v -34.511845 10.003852 2.468336
v -34.499706 10.003852 2.632583
v -34.486782 10.003852 2.796771
v -34.473080 10.003852 2.960896
v -34.458595 10.003852 3.124953
v -34.443329 10.003852 3.288939
v -34.427284 10.003852 3.452852
v -34.410461 10.003852 3.616685
v -34.392853 10.003852 3.780437
v -34.374470 10.003852 3.944103
v -34.355309 10.003852 4.107680
v -34.335365 10.003852 4.271163
v -34.314644 10.003852 4.434550
v -34.293148 10.003852 4.597837
v -34.270874 10.003852 4.761019
v -34.247826 10.003852 4.924094
v -34.223999 10.003852 5.087057
v -34.199398 10.003852 5.249904
v -34.174019 10.003852 5.412633
v -34.147869 10.003852 5.575239
v -34.120945 10.003852 5.737719
v -34.093246 10.003852 5.900068
v -34.064774 10.003852 6.062284
v -34.035534 10.003852 6.224363
v -34.005520 10.003852 6.386301
v -33.974735 10.003852 6.548094
v -33.943180 10.003852 6.709738
v -33.910858 10.003852 6.871231
v -33.877766 10.003852 7.032567
v -33.843910 10.003852 7.193746
v -33.809284 10.003852 7.354760
v -33.773891 10.003852 7.515607
v -33.737736 10.003852 7.676285
v -33.700813 10.003852 7.836788
v -33.663128 10.003852 7.997115
v -33.624683 10.003852 8.157260
v -33.585472 10.003852 8.317220
v -33.545502 10.003852 8.476992
v -33.504772 10.003852 8.636571
v -33.463284 10.003852 8.795955
v -33.421036 10.003852 8.955139
v -33.378033 10.003852 9.114121
v -33.334270 10.003852 9.272897
v -33.289753 10.003852 9.431461
v -33.244484 10.003852 9.589813
v -33.198460 10.003852 9.747949
v -33.151684 10.003852 9.905860
v -33.104156 10.003852 10.063549
v -33.055878 10.003852 10.221010
v -33.006855 10.003852 10.378239
v -32.957077 10.003852 10.535234
v -32.906559 10.003852 10.691989
v -32.855289 10.003852 10.848503
v -32.803280 10.003852 11.004768
v -32.750526 10.003852 11.160788
v -32.697029 10.003852 11.316552
v -32.642796 10.003852 11.472062
v -32.587818 10.003852 11.627309
v -32.532104 10.003852 11.782296
v -32.475651 10.003852 11.937015
v -32.418465 10.003852 12.091462
v -32.360542 10.003852 12.245635
v -32.301884 10.003852 12.399532
v -32.242496 10.003852 12.553148
v -32.182381 10.003852 12.706478
v -32.121532 10.003852 12.859523
v -32.059956 10.003852 13.012274
v -31.997656 10.003852 13.164731
v -31.934629 10.003852 13.316890
v -31.870880 10.003852 13.468747
v -31.806410 10.003852 13.620298
v -31.741215 10.003852 13.771542
v -31.675303 10.003852 13.922473
v -31.608673 10.003852 14.073090
v -31.541328 10.003852 14.223387
v -31.473269 10.003852 14.373362
v -31.404495 10.003852 14.523010
v -31.335011 10.003852 14.672330
v -31.264814 10.003852 14.821318
v -31.193913 10.003852 14.969969
v -31.122303 10.003852 15.118281
v -31.049988 10.003852 15.266251
v -30.976969 10.003852 15.413875
v -30.903250 10.003852 15.561152
v -30.828829 10.003852 15.708074
v -30.753708 10.003852 15.854639
v -30.677893 10.003852 16.000847
v -30.601381 10.003852 16.146690
v -30.524176 10.003852 16.292170
v -30.446280 10.003852 16.437281
v -30.367695 10.003852 16.582016
v -30.288422 10.003852 16.726377
v -30.208462 10.003852 16.870361
v -30.127817 10.003852 17.013960
v -30.046488 10.003852 17.157177
v -29.964481 10.003852 17.300001
v -29.881794 10.003852 17.442438
v -29.798428 10.003852 17.584476
v -29.714392 10.003852 17.726116
v -29.629679 10.003852 17.867353
v -29.544294 10.003852 18.008188
v -29.458241 10.003852 18.148613
v -29.371521 10.003852 18.288628
v -29.284136 10.003852 18.428228
v -29.196085 10.003852 18.567413
v -29.107374 10.003852 18.706175
v -29.018003 10.003852 18.844513
v -28.927977 10.003852 18.982424
v -28.837292 10.003852 19.119904
v -28.745955 10.003852 19.256954
v -28.653967 10.003852 19.393564
v -28.561329 10.003852 19.529737
v -28.468044 10.003852 19.665466
v -28.374115 10.003852 19.800751
v -28.279541 10.003852 19.935587
v -28.184328 10.003852 20.069973
v -28.088478 10.003852 20.203901
v -27.991991 10.003852 20.337370
v -27.894867 10.003852 20.470383
v -27.797113 10.003852 20.602930
v -27.698729 10.003852 20.735008
v -27.599718 10.003852 20.866617
v -27.500080 10.003852 20.997757
v -27.399820 10.003852 21.128418
v -27.298939 10.003852 21.258602
v -27.197437 10.003852 21.388302
v -27.095322 10.003852 21.517521
v -26.992592 10.003852 21.646250
v -26.889250 10.003852 21.774487
v -26.785301 10.003852 21.902233
v -26.680744 10.003852 22.029482
v -26.575583 10.003852 22.156233
v -26.469818 10.003852 22.282480
v -26.363453 10.003852 22.408224
v -26.256493 10.003852 22.533459
v -26.148935 10.003852 22.658184
v -26.040787 10.003852 22.782394
v -25.932049 10.003852 22.906090
v -25.822723 10.003852 23.029266
v -25.712812 10.003852 23.151920
v -25.602320 10.003852 23.274050
v -25.491245 10.003852 23.395655
v -25.379593 10.003852 23.516726
v -25.267366 10.003852 23.637266
v -25.154570 10.003852 23.757267
v -25.041197 10.003852 23.876738
v -24.927261 10.003852 23.995663
v -24.812761 10.003852 24.114040
v -24.697699 10.003852 24.231876
v -24.582075 10.003852 24.349163
v -24.465897 10.003852 24.465897
v -24.349163 10.003852 24.582075
v -24.231876 10.003852 24.697699
v -24.114040 10.003852 24.812761
v -23.995663 10.003852 24.927261
v -23.876738 10.003852 25.041197
v -23.757267 10.003852 25.154570
v -23.637266 10.003852 25.267366
v -23.516726 10.003852 25.379593
v -23.395655 10.003852 25.491245
v -23.274050 10.003852 25.602320
v -23.151920 10.003852 25.712812
v -23.029266 10.003852 25.822723
v -22.906090 10.003852 25.932049
v -22.782394 10.003852 26.040787
v -22.658184 10.003852 26.148935
v -22.533459 10.003852 26.256493
v -22.408224 10.003852 26.363453
v -22.282480 10.003852 26.469818
v -22.156233 10.003852 26.575583
v -22.029482 10.003852 26.680744
v -21.902233 10.003852 26.785301
v -21.774487 10.003852 26.889250
v -21.646250 10.003852 26.992592
v -21.517521 10.003852 27.095322
v -21.388302 10.003852 27.197437
v -21.258602 10.003852 27.298939
v -21.128418 10.003852 27.399820
v -20.997757 10.003852 27.500080
v -20.866617 10.003852 27.599718
v -20.735008 10.003852 27.698729
v -20.602930 10.003852 27.797113
v -20.470383 10.003852 27.894867
v -20.337370 10.003852 27.991991
v -20.203901 10.003852 28.088478
v -20.069973 10.003852 28.184328
v -19.935587 10.003852 28.279541
v -19.800751 10.003852 28.374115
v -19.665466 10.003852 28.468044
v -19.529737 10.003852 28.561329
v -19.393564 10.003852 28.653967
v -19.256954 10.003852 28.745955
v -19.119904 10.003852 28.837292
v -18.982424 10.003852 28.927977
v -18.844513 10.003852 29.018003
v -18.706175 10.003852 29.107374
v -18.567413 10.003852 29.196085
v -18.428228 10.003852 29.284136
v -18.288628 10.003852 29.371521
v -18.148613 10.003852 29.458241
v -18.008188 10.003852 29.544294
v -17.867353 10.003852 29.629679
v -17.726116 10.003852 29.714392
v -17.584476 10.003852 29.798428
v -17.442438 10.003852 29.881794
v -17.300001 10.003852 29.964481
v -17.157177 10.003852 30.046488
v -17.013960 10.003852 30.127817
v -16.870361 10.003852 30.208462
v -16.726377 10.003852 30.288422
v -16.582016 10.003852 30.367695
v -16.437281 10.003852 30.446280
v -16.292170 10.003852 30.524176
v -16.146690 10.003852 30.601381
v -16.000847 10.003852 30.677893
v -15.854639 10.003852 30.753708
v -15.708074 10.003852 30.828829
v -15.561152 10.003852 30.903250
v -15.413875 10.003852 30.976969
v -15.266251 10.003852 31.049988
v -15.118281 10.003852 31.122303
v -14.969969 10.003852 31.193913
v -14.821318 10.003852 31.264814
v -14.672330 10.003852 31.335011
v -14.523010 10.003852 31.404495
v -14.373362 10.003852 31.473269
v -14.223387 10.003852 31.541328
v -14.073090 10.003852 31.608673
v -13.922473 10.003852 31.675303
v -13.771542 10.003852 31.741215
v -13.620298 10.003852 31.806410
v -13.468747 10.003852 31.870880
v -13.316890 10.003852 31.934629
v -13.164731 10.003852 31.997656
v -13.012274 10.003852 32.059956
v -12.859523 10.003852 32.121532
v -12.706478 10.003852 32.182381
v -12.553148 10.003852 32.242496
v -12.399532 10.003852 32.301884
v -12.245635 10.003852 32.360542
v -12.091462 10.003852 32.418465
v -11.937015 10.003852 32.475651
v -11.782296 10.003852 32.532104
v -11.627309 10.003852 32.587818
v -11.472062 10.003852 32.642796
v -11.316552 10.003852 32.697029
v -11.160788 10.003852 32.750526
v -11.004768 10.003852 32.803280
v -10.848503 10.003852 32.855289
v -10.691989 10.003852 32.906559
v -10.535234 10.003852 32.957077
v -10.378239 10.003852 33.006855
v -10.221010 10.003852 33.055878
v -10.063549 10.003852 33.104156
v -9.905860 10.003852 33.151684
v -9.747949 10.003852 33.198460
v -9.589813 10.003852 33.244484
v -9.431461 10.003852 33.289753
v -9.272897 10.003852 33.334270
v -9.114121 10.003852 33.378033
v -8.955139 10.003852 33.421036
v -8.795955 10.003852 33.463284
v -8.636571 10.003852 33.504772
v -8.476992 10.003852 33.545502
v -8.317220 10.003852 33.585472
v -8.157260 10.003852 33.624683
v -7.997115 10.003852 33.663128
v -7.836788 10.003852 33.700813
v -7.676285 10.003852 33.737736
v -7.515607 10.003852 33.773891
v -7.354760 10.003852 33.809284
v -7.193746 10.003852 33.843910
v -7.032567 10.003852 33.877766
v -6.871231 10.003852 33.910858
v -6.709738 10.003852 33.943180
v -6.548094 10.003852 33.974735
v -6.386301 10.003852 34.005520
v -6.224363 10.003852 34.035534
v -6.062284 10.003852 34.064774
v -5.900068 10.003852 34.093246
v -5.737719 10.003852 34.120945
v -5.575239 10.003852 34.147869
v -5.412633 10.003852 34.174019
v -5.249904 10.003852 34.199398
v -5.087057 10.003852 34.223999
v -4.924094 10.003852 34.247826
v -4.761019 10.003852 34.270874
v -4.597837 10.003852 34.293148
v -4.434550 10.003852 34.314644
v -4.271163 10.003852 34.335365
v -4.107680 10.003852 34.355309
v -3.944103 10.003852 34.374470
v -3.780437 10.003852 34.392853
v -3.616685 10.003852 34.410461
v -3.452852 10.003852 34.427284
v -3.288939 10.003852 34.443329
v -3.124953 10.003852 34.458595
v -2.960896 10.003852 34.473080
v -2.796771 10.003852 34.486782
v -2.632583 10.003852 34.499706
v -2.468336 10.003852 34.511845
v -2.304033 10.003852 34.523205
v -2.139677 10.003852 34.533779
v -1.975273 10.003852 34.543571
v -1.810824 10.003852 34.552582
v -1.646335 10.003852 34.560814
v -1.481807 10.003852 34.568256
v -1.317247 10.003852 34.574917
v -1.152656 10.003852 34.580799
v -0.988039 10.003852 34.585892
v -0.823400 10.003852 34.590202
v -0.658743 10.003852 34.593731
v -0.494070 10.003852 34.596474
v -0.329386 10.003852 34.598434
v -0.164695 10.003852 34.599609
v 0.000000 10.003852 34.600002
v 0.164695 10.003852 34.599609
v 0.329386 10.003852 34.598434
v 0.494070 10.003852 34.596474
v 0.658743 10.003852 34.593731
v 0.823400 10.003852 34.590202
v 0.988039 10.003852 34.585892
v 1.152656 10.003852 34.580799
v 1.317247 10.003852 34.574917
v 1.481807 10.003852 34.568256
v 1.646335 10.003852 34.560814
v 1.810824 10.003852 34.552582
v 1.975273 10.003852 34.543571
v 2.139677 10.003852 34.533779
v 2.304033 10.003852 34.523205
v 2.468336 10.003852 34.511845
v 2.632583 10.003852 34.499706
v 2.796771 10.003852 34.486782
v 2.960896 10.003852 34.473080
v 3.124953 10.003852 34.458595
v 3.288939 10.003852 34.443329
v 3.452852 10.003852 34.427284
v 3.616685 10.003852 34.410461
v 3.780437 10.003852 34.392853
v 3.944103 10.003852 34.374470
v 4.107680 10.003852 34.355309
v 4.271163 10.003852 34.335365
v 4.434550 10.003852 34.314644
v 4.597837 10.003852 34.293148
v 4.761019 10.003852 34.270874
v 4.924094 10.003852 34.247826
v 5.087057 10.003852 34.223999
v 5.249904 10.003852 34.199398
v 5.412633 10.003852 34.174019
v 5.575239 10.003852 34.147869
v 5.737719 10.003852 34.120945
v 5.900068 10.003852 34.093246
v 6.062284 10.003852 34.064774
v 6.224363 10.003852 34.035534
v 6.386301 10.003852 34.005520
v 6.548094 10.003852 33.974735
v 6.709738 10.003852 33.943180
v 6.871231 10.003852 33.910858
v 7.032567 10.003852 33.877766
v 7.193746 10.003852 33.843910
v 7.354760 10.003852 33.809284
v 7.515607 10.003852 33.773891
v 7.676285 10.003852 33.737736
v 7.836788 10.003852 33.700813
v 7.997115 10.003852 33.663128
v 8.157260 10.003852 33.624683
v 8.317220 10.003852 33.585472
v 8.476992 10.003852 33.545502
v 8.636571 10.003852 33.504772
v 8.795955 10.003852 33.463284
v 8.955139 10.003852 33.421036
v 9.114121 10.003852 33.378033
v 9.272897 10.003852 33.334270
v 9.431461 10.003852 33.289753
v 9.589813 10.003852 33.244484
v 9.747949 10.003852 33.198460
v 9.905860 10.003852 33.151684
v 10.063549 10.003852 33.104156
v 10.221010 10.003852 33.055878
v 10.378239 10.003852 33.006855
v 10.535234 10.003852 32.957077
v 10.691989 10.003852 32.906559
v 10.848503 10.003852 32.855289
v 11.004768 10.003852 32.803280
v 11.160788 10.003852 32.750526
v 11.316552 10.003852 32.697029
v 11.472062 10.003852 32.642796
v 11.627309 10.003852 32.587818
v 11.782296 10.003852 32.532104
v 11.937015 10.003852 32.475651
v 12.091462 10.003852 32.418465
v 12.245635 10.003852 32.360542
v 12.399532 10.003852 32.301884
v 12.553148 10.003852 32.242496
v 12.706478 10.003852 32.182381
v 12.859523 10.003852 32.121532
v 13.012274 10.003852 32.059956
v 13.164731 10.003852 31.997656
v 13.316890 10.003852 31.934629
v 13.468747 10.003852 31.870880
v 13.620298 10.003852 31.806410
v 13.771542 10.003852 31.741215
v 13.922473 10.003852 31.675303
v 14.073090 10.003852 31.608673
v 14.223387 10.003852 31.541328
v 14.373362 10.003852 31.473269
v 14.523010 10.003852 31.404495
v 14.672330 10.003852 31.335011
v 14.821318 10.003852 31.264814
v 14.969969 10.003852 31.193913
v 15.118281 10.003852 31.122303
v 15.266251 10.003852 31.049988
v 15.413875 10.003852 30.976969
v 15.561152 10.003852 30.903250
v 15.708074 10.003852 30.828829
v 15.854639 10.003852 30.753708
v 16.000847 10.003852 30.677893
v 16.146690 10.003852 30.601381
v 16.292170 10.003852 30.524176
v 16.437281 10.003852 30.446280
v 16.582016 10.003852 30.367695
v 16.726377 10.003852 30.288422
v 16.870361 10.003852 30.208462
v 17.013960 10.003852 30.127817
v 17.157177 10.003852 30.046488
v 17.300001 10.003852 29.964481
v 17.442438 10.003852 29.881794
v 17.584476 10.003852 29.798428
v 17.726116 10.003852 29.714392
v 17.867353 10.003852 29.629679
v 18.008188 10.003852 29.544294
v 18.148613 10.003852 29.458241
v 18.288628 10.003852 29.371521
v 18.428228 10.003852 29.284136
v 18.567413 10.003852 29.196085
v 18.706175 10.003852 29.107374
v 18.844513 10.003852 29.018003
v 18.982424 10.003852 28.927977
v 19.119904 10.003852 28.837292
v 19.256954 10.003852 28.745955
v 19.393564 10.003852 28.653967
v 19.529737 10.003852 28.561329
v 19.665466 10.003852 28.468044
v 19.800751 10.003852 28.374115
v 19.935587 10.003852 28.279541
v 20.069973 10.003852 28.184328
v 20.203901 10.003852 28.088478
v 20.337370 10.003852 27.991991
v 20.470383 10.003852 27.894867
v 20.602930 10.003852 27.797113
v 20.735008 10.003852 27.698729
v 20.866617 10.003852 27.599718
v 20.997757 10.003852 27.500080
v 21.128418 10.003852 27.399820
v 21.258602 10.003852 27.298939
v 21.388302 10.003852 27.197437
v 21.517521 10.003852 27.095322
v 21.646250 10.003852 26.992592
v 21.774487 10.003852 26.889250
v 21.902233 10.003852 26.785301
v 22.029482 10.003852 26.680744
v 22.156233 10.003852 26.575583
v 22.282480 10.003852 26.469818
v 22.408224 10.003852 26.363453
v 22.533459 10.003852 26.256493
v 22.658184 10.003852 26.148935
v 22.782394 10.003852 26.040787
v 22.906090 10.003852 25.932049
v 23.029266 10.003852 25.822723
v 23.151920 10.003852 25.712812
v 23.274050 10.003852 25.602320
v 23.395655 10.003852 25.491245
v 23.516726 10.003852 25.379593
v 23.637266 10.003852 25.267366
v 23.757267 10.003852 25.154570
v 23.876738 10.003852 25.041197
v 23.995663 10.003852 24.927261
v 24.114040 10.003852 24.812761
v 24.231876 10.003852 24.697699
v 24.349163 10.003852 24.582075
v 24.465897 10.003852 24.465897
v 24.582075 10.003852 24.349163
v 24.697699 10.003852 24.231876
v 24.812761 10.003852 24.114040
v 24.927261 10.003852 23.995663
v 25.041197 10.003852 23.876738
v 25.154570 10.003852 23.757267
v 25.267366 10.003852 23.637266
v 25.379593 10.003852 23.516726
v 25.491245 10.003852 23.395655
v 25.602320 10.003852 23.274050
v 25.712812 10.003852 23.151920
v 25.822723 10.003852 23.029266
v 25.932049 10.003852 22.906090
v 26.040787 10.003852 22.782394
v 26.148935 10.003852 22.658184
v 26.256493 10.003852 22.533459
v 26.363453 10.003852 22.408224
v 26.469818 10.003852 22.282480
v 26.575583 10.003852 22.156233
v 26.680744 10.003852 22.029482
v 26.785301 10.003852 21.902233
v 26.889250 10.003852 21.774487
v 26.992592 10.003852 21.646250
v 27.095322 10.003852 21.517521
v 27.197437 10.003852 21.388302
v 27.298939 10.003852 21.258602
v 27.399820 10.003852 21.128418
v 27.500080 10.003852 20.997757
v 27.599718 10.003852 20.866617
v 27.698729 10.003852 20.735008
v 27.797113 10.003852 20.602930
v 27.894867 10.003852 20.470383
v 27.991991 10.003852 20.337370
v 28.088478 10.003852 20.203901
v 28.184328 10.003852 20.069973
v 28.279541 10.003852 19.935587
v 28.374115 10.003852 19.800751
v 28.468044 10.003852 19.665466
v 28.561329 10.003852 19.529737
v 28.653967 10.003852 19.393564
v 28.745955 10.003852 19.256954
v 28.837292 10.003852 19.119904
v 28.927977 10.003852 18.982424
v 29.018003 10.003852 18.844513
v 29.107374 10.003852 18.706175
v 29.196085 10.003852 18.567413
v 29.284136 10.003852 18.428228
v 29.371521 10.003852 18.288628
v 29.458241 10.003852 18.148613
v 29.544294 10.003852 18.008188
v 29.629679 10.003852 17.867353
v 29.714392 10.003852 17.726116
v 29.798428 10.003852 17.584476
v 29.881794 10.003852 17.442438
v 29.964481 10.003852 17.300001
v 30.046488 10.003852 17.157177
v 30.127817 10.003852 17.013960
v 30.208462 10.003852 16.870361
v 30.288422 10.003852 16.726377
v 30.367695 10.003852 16.582016
v 30.446280 10.003852 16.437281
v 30.524176 10.003852 16.292170
v 30.601381 10.003852 16.146690
v 30.677893 10.003852 16.000847
v 30.753708 10.003852 15.854639
v 30.828829 10.003852 15.708074
v 30.903250 10.003852 15.561152
v 30.976969 10.003852 15.413875
v 31.049988 10.003852 15.266251
v 31.122303 10.003852 15.118281
v 31.193913 10.003852 14.969969
v 31.264814 10.003852 14.821318
v 31.335011 10.003852 14.672330
v 31.404495 10.003852 14.523010
v 31.473269 10.003852 14.373362
v 31.541328 10.003852 14.223387
v 31.608673 10.003852 14.073090
v 31.675303 10.003852 13.922473
v 31.741215 10.003852 13.771542
v 31.806410 10.003852 13.620298
v 31.870880 10.003852 13.468747
v 31.934629 10.003852 13.316890
v 31.997656 10.003852 13.164731
v 32.059956 10.003852 13.012274
v 32.121532 10.003852 12.859523
v 32.182381 10.003852 12.706478
v 32.242496 10.003852 12.553148
v 32.301884 10.003852 12.399532
v 32.360542 10.003852 12.245635
v 32.418465 10.003852 12.091462
v 32.475651 10.003852 11.937015
v 32.532104 10.003852 11.782296
v 32.587818 10.003852 11.627309
v 32.642796 10.003852 11.472062
v 32.697029 10.003852 11.316552
v 32.750526 10.003852 11.160788
v 32.803280 10.003852 11.004768
v 32.855289 10.003852 10.848503
v 32.906559 10.003852 10.691989
v 32.957077 10.003852 10.535234
v 33.006855 10.003852 10.378239
v 33.055878 10.003852 10.221010
v 33.104156 10.003852 10.063549
v 33.151684 10.003852 9.905860
v 33.198460 10.003852 9.747949
v 33.244484 10.003852 9.589813
v 33.289753 10.003852 9.431461
v 33.334270 10.003852 9.272897
v 33.378033 10.003852 9.114121
v 33.421036 10.003852 8.955139
v 33.463284 10.003852 8.795955
v 33.504772 10.003852 8.636571
v 33.545502 10.003852 8.476992
v 33.585472 10.003852 8.317220
v 33.624683 10.003852 8.157260
v 33.663128 10.003852 7.997115
v 33.700813 10.003852 7.836788
v 33.737736 10.003852 7.676285
v 33.773891 10.003852 7.515607
v 33.809284 10.003852 7.354760
v 33.843910 10.003852 7.193746
v 33.877766 10.003852 7.032567
v 33.910858 10.003852 6.871231
v 33.943180 10.003852 6.709738
v 33.974735 10.003852 6.548094
v 34.005520 10.003852 6.386301
v 34.035534 10.003852 6.224363
v 34.064774 10.003852 6.062284
v 34.093246 10.003852 5.900068
v 34.120945 10.003852 5.737719
v 34.147869 10.003852 5.575239
v 34.174019 10.003852 5.412633
v 34.199398 10.003852 5.249904
v 34.223999 10.003852 5.087057
v 34.247826 10.003852 4.924094
v 34.270874 10.003852 4.761019
v 34.293148 10.003852 4.597837
v 34.314644 10.003852 4.434550
v 34.335365 10.003852 4.271163
v 34.355309 10.003852 4.107680
v 34.374470 10.003852 3.944103
v 34.392853 10.003852 3.780437
v 34.410461 10.003852 3.616685
v 34.427284 10.003852 3.452852
v 34.443329 10.003852 3.288939
v 34.458595 10.003852 3.124953
v 34.473080 10.003852 2.960896
v 34.486782 10.003852 2.796771
v 34.499706 10.003852 2.632583
v 34.511845 10.003852 2.468336
v 34.523205 10.003852 2.304033
v 34.533779 10.003852 2.139677
v 34.543571 10.003852 1.975273
v 34.552582 10.003852 1.810824
v 34.560814 10.003852 1.646335
v 34.568256 10.003852 1.481807
v 34.574917 10.003852 1.317247
v 34.580799 10.003852 1.152656
v 34.585892 10.003852 0.988039
v 34.590202 10.003852 0.823400
v 34.593731 10.003852 0.658743
v 34.596474 10.003852 0.494070
v 34.598434 10.003852 0.329386
v 34.599609 10.003852 0.164695
v 34.600002 10.003852 0.000000
v 34.599609 10.003852 -0.164695
v 34.598434 10.003852 -0.329386
v 34.596474 10.003852 -0.494070
v 34.593731 10.003852 -0.658743
v 34.590202 10.003852 -0.823400
v 34.585892 10.003852 -0.988039
v 34.580799 10.003852 -1.152656
v 34.574917 10.003852 -1.317247
v 34.568256 10.003852 -1.481807
v 34.560814 10.003852 -1.646335
v 34.552582 10.003852 -1.810824
v 34.543571 10.003852 -1.975273
v 34.533779 10.003852 -2.139677
v 34.523205 10.003852 -2.304033
v 34.511845 10.003852 -2.468336
v 34.499706 10.003852 -2.632583
v 34.486782 10.003852 -2.796771
v 34.473080 10.003852 -2.960896
v 34.458595 10.003852 -3.124953
v 34.443329 10.003852 -3.288939
v 34.427284 10.003852 -3.452852
v 34.410461 10.003852 -3.616685
v 34.392853 10.003852 -3.780437
v 34.374470 10.003852 -3.944103
v 34.355309 10.003852 -4.107680
v 34.335365 10.003852 -4.271163
v 34.314644 10.003852 -4.434550
v 34.293148 10.003852 -4.597837
v 34.270874 10.003852 -4.761019
v 34.247826 10.003852 -4.924094
v 34.223999 10.003852 -5.087057
v 34.199398 10.003852 -5.249904
v 34.174019 10.003852 -5.412633
v 34.147869 10.003852 -5.575239
v 34.120945 10.003852 -5.737719
v 34.093246 10.003852 -5.900068
v 34.064774 10.003852 -6.062284
v 34.035534 10.003852 -6.224363
v 34.005520 10.003852 -6.386301
v 33.974735 10.003852 -6.548094
v 33.943180 10.003852 -6.709738
v 33.910858 10.003852 -6.871231
v 33.877766 10.003852 -7.032567
v 33.843910 10.003852 -7.193746
v 33.809284 10.003852 -7.354760
v 33.773891 10.003852 -7.515607
v 33.737736 10.003852 -7.676285
v 33.700813 10.003852 -7.836788
v 33.663128 10.003852 -7.997115
v 33.624683 10.003852 -8.157260
v 33.585472 10.003852 -8.317220
v 33.545502 10.003852 -8.476992
v 33.504772 10.003852 -8.636571
v 33.463284 10.003852 -8.795955
v 33.421036 10.003852 -8.955139
v 33.378033 10.003852 -9.114121
v 33.334270 10.003852 -9.272897
v 33.289753 10.003852 -9.431461
v 33.244484 10.003852 -9.589813
v 33.198460 10.003852 -9.747949
v 33.151684 10.003852 -9.905860
v 33.104156 10.003852 -10.063549
v 33.055878 10.003852 -10.221010
v 33.006855 10.003852 -10.378239
v 32.957077 10.003852 -10.535234
v 32.906559 10.003852 -10.691989
v 32.855289 10.003852 -10.848503
v 32.803280 10.003852 -11.004768
v 32.750526 10.003852 -11.160788
v 32.697029 10.003852 -11.316552
v 32.642796 10.003852 -11.472062
v 32.587818 10.003852 -11.627309
v 32.532104 10.003852 -11.782296
v 32.475651 10.003852 -11.937015
v 32.418465 10.003852 -12.091462
v 32.360542 10.003852 -12.245635
v 32.301884 10.003852 -12.399532
v 32.242496 10.003852 -12.553148
v 32.182381 10.003852 -12.706478
v 32.121532 10.003852 -12.859523
v 32.059956 10.003852 -13.012274
v 31.997656 10.003852 -13.164731
v 31.934629 10.003852 -13.316890
v 31.870880 10.003852 -13.468747
v 31.806410 10.003852 -13.620298
v 31.741215 10.003852 -13.771542
v 31.675303 10.003852 -13.922473
v 31.608673 10.003852 -14.073090
v 31.541328 10.003852 -14.223387
v 31.473269 10.003852 -14.373362
v 31.404495 10.003852 -14.523010
v 31.335011 10.003852 -14.672330
v 31.264814 10.003852 -14.821318
v 31.193913 10.003852 -14.969969
v 31.122303 10.003852 -15.118281
v 31.049988 10.003852 -15.266251
v 30.976969 10.003852 -15.413875
v 30.903250 10.003852 -15.561152
v 30.828829 10.003852 -15.708074
v 30.753708 10.003852 -15.854639
v 30.677893 10.003852 -16.000847
v 30.601381 10.003852 -16.146690
v 30.524176 10.003852 -16.292170
v 30.446280 10.003852 -16.437281
v 30.367695 10.003852 -16.582016
v 30.288422 10.003852 -16.726377
v 30.208462 10.003852 -16.870361
v 30.127817 10.003852 -17.013960
v 30.046488 10.003852 -17.157177
v 29.964481 10.003852 -17.300001
v 29.881794 10.003852 -17.442438
v 29.798428 10.003852 -17.584476
v 29.714392 10.003852 -17.726116
v 29.629679 10.003852 -17.867353
v 29.544294 10.003852 -18.008188
v 29.458241 10.003852 -18.148613
v 29.371521 10.003852 -18.288628
v 29.284136 10.003852 -18.428228
v 29.196085 10.003852 -18.567413
v 29.107374 10.003852 -18.706175
v 29.018003 10.003852 -18.844513
v 28.927977 10.003852 -18.982424
v 28.837292 10.003852 -19.119904
v 28.745955 10.003852 -19.256954
v 28.653967 10.003852 -19.393564
v 28.561329 10.003852 -19.529737
v 28.468044 10.003852 -19.665466
v 28.374115 10.003852 -19.800751
v 28.279541 10.003852 -19.935587
v 28.184328 10.003852 -20.069973
v 28.088478 10.003852 -20.203901
v 27.991991 10.003852 -20.337370
v 27.894867 10.003852 -20.470383
v 27.797113 10.003852 -20.602930
v 27.698729 10.003852 -20.735008
v 27.599718 10.003852 -20.866617
v 27.500080 10.003852 -20.997757
v 27.399820 10.003852 -21.128418
v 27.298939 10.003852 -21.258602
v 27.197437 10.003852 -21.388302
v 27.095322 10.003852 -21.517521
v 26.992592 10.003852 -21.646250
v 26.889250 10.003852 -21.774487
v 26.785301 10.003852 -21.902233
v 26.680744 10.003852 -22.029482
v 26.575583 10.003852 -22.156233
v 26.469818 10.003852 -22.282480
v 26.363453 10.003852 -22.408224
v 26.256493 10.003852 -22.533459
v 26.148935 10.003852 -22.658184
v 26.040787 10.003852 -22.782394
v 25.932049 10.003852 -22.906090
v 25.822723 10.003852 -23.029266
v 25.712812 10.003852 -23.151920
v 25.602320 10.003852 -23.274050
v 25.491245 10.003852 -23.395655
v 25.379593 10.003852 -23.516726
v 25.267366 10.003852 -23.637266
v 25.154570 10.003852 -23.757267
v 25.041197 10.003852 -23.876738
v 24.927261 10.003852 -23.995663
v 24.812761 10.003852 -24.114040
v 24.697699 10.003852 -24.231876
v 24.582075 10.003852 -24.349163
v 24.465897 10.003852 -24.465897
v 24.349163 10.003852 -24.582075
v 24.231876 10.003852 -24.697699
v 24.114040 10.003852 -24.812761
v 23.995663 10.003852 -24.927261
v 23.876738 10.003852 -25.041197
v 23.757267 10.003852 -25.154570
v 23.637266 10.003852 -25.267366
v 23.516726 10.003852 -25.379593
v 23.395655 10.003852 -25.491245
v 23.274050 10.003852 -25.602320
v 23.151920 10.003852 -25.712812
v 23.029266 10.003852 -25.822723
v 22.906090 10.003852 -25.932049
v 22.782394 10.003852 -26.040787
v 22.658184 10.003852 -26.148935
v 22.533459 10.003852 -26.256493
v 22.408224 10.003852 -26.363453
v 22.282480 10.003852 -26.469818
v 22.156233 10.003852 -26.575583
v 22.029482 10.003852 -26.680744
v 21.902233 10.003852 -26.785301
v 21.774487 10.003852 -26.889250
v 21.646250 10.003852 -26.992592
v 21.517521 10.003852 -27.095322
v 21.388302 10.003852 -27.197437
v 21.258602 10.003852 -27.298939
v 21.128418 10.003852 -27.399820
v 20.997757 10.003852 -27.500080
v 20.866617 10.003852 -27.599718
v 20.735008 10.003852 -27.698729
v 20.602930 10.003852 -27.797113
v 20.470383 10.003852 -27.894867
v 20.337370 10.003852 -27.991991
v 20.203901 10.003852 -28.088478
v 20.069973 10.003852 -28.184328
v 19.935587 10.003852 -28.279541
v 19.800751 10.003852 -28.374115
v 19.665466 10.003852 -28.468044
v 19.529737 10.003852 -28.561329
v 19.393564 10.003852 -28.653967
v 19.256954 10.003852 -28.745955
v 19.119904 10.003852 -28.837292
v 18.982424 10.003852 -28.927977
v 18.844513 10.003852 -29.018003
v 18.706175 10.003852 -29.107374
v 18.567413 10.003852 -29.196085
v 18.428228 10.003852 -29.284136
v 18.288628 10.003852 -29.371521
v 18.148613 10.003852 -29.458241
v 18.008188 10.003852 -29.544294
v 17.867353 10.003852 -29.629679
v 17.726116 10.003852 -29.714392
v 17.584476 10.003852 -29.798428
v 17.442438 10.003852 -29.881794
v 17.300001 10.003852 -29.964481
v 17.157177 10.003852 -30.046488
v 17.013960 10.003852 -30.127817
v 16.870361 10.003852 -30.208462
v 16.726377 10.003852 -30.288422
v 16.582016 10.003852 -30.367695
v 16.437281 10.003852 -30.446280
v 16.292170 10.003852 -30.524176
v 16.146690 10.003852 -30.601381
v 16.000847 10.003852 -30.677893
v 15.854639 10.003852 -30.753708
v 15.708074 10.003852 -30.828829
v 15.561152 10.003852 -30.903250
v 15.413875 10.003852 -30.976969
v 15.266251 10.003852 -31.049988
v 15.118281 10.003852 -31.122303
v 14.969969 10.003852 -31.193913
v 14.821318 10.003852 -31.264814
v 14.672330 10.003852 -31.335011
v 14.523010 10.003852 -31.404495
v 14.373362 10.003852 -31.473269
v 14.223387 10.003852 -31.541328
v 14.073090 10.003852 -31.608673
v 13.922473 10.003852 -31.675303
v 13.771542 10.003852 -31.741215
v 13.620298 10.003852 -31.806410
v 13.468747 10.003852 -31.870880
v 13.316890 10.003852 -31.934629
v 13.164731 10.003852 -31.997656
v 13.012274 10.003852 -32.059956
v 12.859523 10.003852 -32.121532
v 12.706478 10.003852 -32.182381
v 12.553148 10.003852 -32.242496
v 12.399532 10.003852 -32.301884
v 12.245635 10.003852 -32.360542
v 12.091462 10.003852 -32.418465
v 11.937015 10.003852 -32.475651
v 11.782296 10.003852 -32.532104
v 11.627309 10.003852 -32.587818
v 11.472062 10.003852 -32.642796
v 11.316552 10.003852 -32.697029
v 11.160788 10.003852 -32.750526
v 11.004768 10.003852 -32.803280
v 10.848503 10.003852 -32.855289
v 10.691989 10.003852 -32.906559
v 10.535234 10.003852 -32.957077
v 10.378239 10.003852 -33.006855
v 10.221010 10.003852 -33.055878
v 10.063549 10.003852 -33.104156
v 9.905860 10.003852 -33.151684
v 9.747949 10.003852 -33.198460
v 9.589813 10.003852 -33.244484
v 9.431461 10.003852 -33.289753
v 9.272897 10.003852 -33.334270
v 9.114121 10.003852 -33.378033
v 8.955139 10.003852 -33.421036
v 8.795955 10.003852 -33.463284
v 8.636571 10.003852 -33.504772
v 8.476992 10.003852 -33.545502
v 8.317220 10.003852 -33.585472
v 8.157260 10.003852 -33.624683
v 7.997115 10.003852 -33.663128
v 7.836788 10.003852 -33.700813
v 7.676285 10.003852 -33.737736
v 7.515607 10.003852 -33.773891
v 7.354760 10.003852 -33.809284
v 7.193746 10.003852 -33.843910
v 7.032567 10.003852 -33.877766
v 6.871231 10.003852 -33.910858
v 6.709738 10.003852 -33.943180
v 6.548094 10.003852 -33.974735
v 6.386301 10.003852 -34.005520
v 6.224363 10.003852 -34.035534
v 6.062284 10.003852 -34.064774
v 5.900068 10.003852 -34.093246
v 5.737719 10.003852 -34.120945
v 5.575239 10.003852 -34.147869
v 5.412633 10.003852 -34.174019
v 5.249904 10.003852 -34.199398
v 5.087057 10.003852 -34.223999
v 4.924094 10.003852 -34.247826
v 4.761019 10.003852 -34.270874
v 4.597837 10.003852 -34.293148
v 4.434550 10.003852 -34.314644
v 4.271163 10.003852 -34.335365
v 4.107680 10.003852 -34.355309
v 3.944103 10.003852 -34.374470
v 3.780437 10.003852 -34.392853
v 3.616685 10.003852 -34.410461
v 3.452852 10.003852 -34.427284
v 3.288939 10.003852 -34.443329
v 3.124953 10.003852 -34.458595
v 2.960896 10.003852 -34.473080
v 2.796771 10.003852 -34.486782
v 2.632583 10.003852 -34.499706
v 2.468336 10.003852 -34.511845
v 2.304033 10.003852 -34.523205
v 2.139677 10.003852 -34.533779
v 1.975273 10.003852 -34.543571
v 1.810824 10.003852 -34.552582
v 1.646335 10.003852 -34.560814
v 1.481807 10.003852 -34.568256
v 1.317247 10.003852 -34.574917
v 1.152656 10.003852 -34.580799
v 0.988039 10.003852 -34.585892
v 0.823400 10.003852 -34.590202
v 0.658743 10.003852 -34.593731
v 0.494070 10.003852 -34.596474
v 0.329386 10.003852 -34.598434
v 0.164695 10.003852 -34.599609
v 22.662176 5.001926 19.766708
v 22.463205 5.001926 19.689047
v 17.309134 5.001926 26.299614
v 17.342140 5.001926 26.598408
v 22.398880 5.001926 22.126129
v 22.493296 5.001926 22.411539
v 14.985765 5.001926 25.410587
v 14.244944 5.001926 25.833168
v 21.364027 5.001926 22.428946
v 21.120768 5.001926 22.328133
v 18.057226 5.001926 24.046494
v 17.878742 5.001926 23.929161
v 21.620926 5.001926 22.529142
v 17.713013 5.001926 23.815149
v 23.099991 5.001926 19.921761
v 22.874413 5.001926 19.844456
v 17.559803 5.001926 23.704945
v 23.338987 5.001926 19.998095
v 18.248657 5.001926 24.166668
v 23.591454 5.001926 20.072929
v 18.453234 5.001926 24.289186
v 23.520699 5.001926 17.805836
v 23.629303 5.001926 17.960184
v 18.902529 5.001926 24.539227
v 18.671139 5.001926 24.413542
v 24.095596 5.001926 18.705305
v 24.217676 5.001926 18.924490
v 19.147549 5.001926 24.665733
v 24.464895 5.001926 19.403503
v 24.588991 5.001926 19.663603
v 19.406340 5.001926 24.792534
v 25.560410 5.001926 17.496992
v 25.301504 5.001926 17.448956
v 19.679010 5.001926 24.919109
v 26.063160 5.001926 16.289381
v 26.210075 5.001926 16.507914
v 20.027428 5.001926 24.639957
v 26.359089 5.001926 16.739937
v 19.304676 5.001926 22.306965
v 19.378811 5.001926 22.480516
v 26.509691 5.001926 16.985636
v 19.453934 5.001926 22.667124
v 26.661381 5.001926 17.245174
v 19.529522 5.001926 22.866903
v 25.253067 5.001926 15.249708
v 25.377205 5.001926 15.391857
v 19.605049 5.001926 23.079931
v 27.141909 5.001926 12.946581
v 27.297562 5.001926 13.110474
v 19.753841 5.001926 23.546085
v 19.826038 5.001926 23.799313
v 27.812603 5.001926 14.755833
v 27.524614 5.001926 14.745251
v 19.896059 5.001926 24.066029
v 27.249319 5.001926 14.729351
v 26.986813 5.001926 14.708639
v 19.963367 5.001926 24.346247
v 27.458103 5.001926 13.286793
v 27.623087 5.001926 13.475811
v 27.964493 5.001926 13.892958
v 28.139954 5.001926 14.121569
v 16.867208 5.001926 24.202652
v 28.639687 5.001926 11.800329
v 28.376450 5.001926 11.807178
v 20.471848 5.001926 22.027271
v 20.282084 5.001926 21.929235
v 29.205803 5.001926 8.803822
v 28.968287 5.001926 8.824950
v 20.105339 5.001926 21.833172
v 19.941448 5.001926 21.739588
v 28.891502 5.001926 6.796540
v 29.061962 5.001926 6.903355
v 20.674791 5.001926 22.126774
v 29.240541 5.001926 7.020546
v 20.891054 5.001926 22.227236
v 29.620562 5.001926 7.287582
v 29.821232 5.001926 7.438166
v 27.661263 5.001926 11.796263
v 27.448030 5.001926 11.783884
v 21.891562 5.001926 22.628202
v 28.529415 5.001926 8.850231
v 28.328321 5.001926 8.855411
v 22.175962 5.001926 22.725580
v 27.871815 5.001926 9.666057
v 28.022804 5.001926 9.779294
v 28.181158 5.001926 9.903340
v 21.530636 5.001926 20.166876
v 21.622503 5.001926 20.331732
v 28.346508 5.001926 10.038555
v 21.716722 5.001926 20.509464
v 28.518438 5.001926 10.185278
v 21.812780 5.001926 20.700243
v 21.910160 5.001926 20.904213
v 28.696537 5.001926 10.343851
v 22.008362 5.001926 21.121513
v 28.880367 5.001926 10.514585
v 22.106857 5.001926 21.352257
v 29.069511 5.001926 10.697790
v 22.205139 5.001926 21.596560
v 29.263502 5.001926 10.893761
v 22.302645 5.001926 21.854486
v 29.461906 5.001926 11.102779
v 29.664240 5.001926 11.325111
v 29.716259 5.001926 8.742023
v 29.455191 5.001926 8.776343
v 22.277386 5.001926 19.611988
v 30.028486 5.001926 7.600595
v 30.241909 5.001926 7.775217
v 22.104609 5.001926 19.536045
v 30.461071 5.001926 7.962351
v 29.966061 5.001926 5.702757
v 29.732048 5.001926 5.748597
v 23.857422 5.001926 20.145723
v 29.443668 5.001926 3.739323
v 29.624355 5.001926 3.827734
v 24.136923 5.001926 20.215950
v 30.716057 5.001926 1.075439
v 30.952549 5.001926 1.191233
v 24.429949 5.001926 20.283070
v 30.012880 5.001926 4.033389
v 30.220058 5.001926 4.151466
v 24.712715 5.001926 19.937574
v 30.888968 5.001926 4.571482
v 31.126490 5.001926 4.734682
v 23.741575 5.001926 18.127092
v 31.370630 5.001926 4.910086
v 23.857054 5.001926 18.306787
v 29.862183 5.001926 0.710176
v 30.061218 5.001926 0.787681
v 23.975222 5.001926 18.499458
v 31.197607 5.001926 1.317662
v 31.450886 5.001926 1.455141
v 31.712025 5.001926 1.604064
v 24.340946 5.001926 19.157177
v 30.270069 5.001926 0.874096
v 30.488451 5.001926 0.969870
v 31.209639 5.001926 -0.992542
v 30.963280 5.001926 -0.868673
v 29.577703 5.001926 -2.464072
v 29.772821 5.001926 -2.415162
v 30.907499 5.001926 -2.050717
v 31.164438 5.001926 -1.950592
v 24.604214 5.001926 17.289583
v 24.398216 5.001926 17.233147
v 31.430695 5.001926 -1.840341
v 24.205362 5.001926 17.175928
v 30.268423 5.001926 -5.334288
v 30.523827 5.001926 -5.270196
v 24.025595 5.001926 17.118465
v 30.789820 5.001926 -5.197480
v 24.823414 5.001926 17.344721
v 29.867960 5.001926 -0.399003
v 29.678307 5.001926 -0.331936
v 25.055843 5.001926 17.398022
v 29.058657 5.001926 -8.522655
v 29.295952 5.001926 -8.499045
v 29.499094 5.001926 -0.272757
v 25.832529 5.001926 17.541586
v 30.067793 5.001926 -0.474422
v 26.117838 5.001926 17.582212
v 30.277533 5.001926 -0.558662
v 26.416281 5.001926 17.618332
v 30.496901 5.001926 -0.652159
v 30.725586 5.001926 -0.755350
v 25.506311 5.001926 15.546124
v 25.639940 5.001926 15.712761
v 31.464338 5.001926 -1.127376
v 25.777601 5.001926 15.892023
v 31.727009 5.001926 -1.273571
v 25.918839 5.001926 16.084160
v 29.853487 5.001926 -3.614763
v 29.662630 5.001926 -3.518870
v 29.481030 5.001926 -3.432340
v 29.308985 5.001926 -3.354758
v 26.276686 5.001926 14.623032
v 26.065914 5.001926 14.588430
v 31.705969 5.001926 -1.719523
v 25.868137 5.001926 14.551689
v 29.393713 5.001926 -2.506102
v 25.683346 5.001926 14.513329
v 29.978874 5.001926 -2.358882
v 26.500450 5.001926 14.654951
v 30.195614 5.001926 -2.294779
v 26.737173 5.001926 14.683664
v 30.422810 5.001926 -2.222347
v 30.660196 5.001926 -2.141146
v 28.113182 5.001926 14.760563
v 28.317934 5.001926 14.363827
v 30.053274 5.001926 -3.720468
v 26.708755 5.001926 12.526506
v 26.847075 5.001926 12.654902
v 30.261669 5.001926 -3.836381
v 26.991600 5.001926 12.794825
v 30.478319 5.001926 -3.962910
v 30.702858 5.001926 -4.100451
v 31.174133 5.001926 -4.410112
v 30.934923 5.001926 -4.249395
v 27.792038 5.001926 13.677780
v 31.352541 5.001926 -5.024280
v 31.420086 5.001926 -4.582964
v 29.158106 5.001926 -5.542279
v 29.357273 5.001926 -5.514036
v 29.568077 5.001926 -5.479606
v 30.023853 5.001926 -5.390223
v 27.247496 5.001926 11.768017
v 31.066151 5.001926 -5.115657
v 27.059706 5.001926 11.749182
v 27.887136 5.001926 11.804619
v 28.125561 5.001926 11.808430
v 29.312099 5.001926 -6.715505
v 29.132317 5.001926 -6.600177
v 28.960749 5.001926 -6.495152
v 28.915127 5.001926 11.787373
v 28.797760 5.001926 -6.400003
v 29.202654 5.001926 11.767788
v 29.499746 5.001926 -6.841503
v 29.502075 5.001926 11.741077
v 29.694881 5.001926 -6.978563
v 29.897114 5.001926 -7.127047
v 30.321276 5.001926 -7.459697
v 30.106050 5.001926 -7.287310
v 28.742773 5.001926 8.840252
v 30.542377 5.001926 -7.644537
v 28.139593 5.001926 8.856309
v 30.768913 5.001926 -7.842152
v 30.655609 5.001926 -8.273989
v 28.230343 5.001926 -8.562634
v 28.419048 5.001926 -8.559771
v 29.988846 5.001926 8.700348
v 28.620079 5.001926 -8.552496
v 28.833326 5.001926 -8.540294
v 30.272747 5.001926 8.650820
v 30.567739 5.001926 8.592948
v 29.545029 5.001926 -8.468971
v 30.685532 5.001926 8.162310
v 28.970734 5.001926 -5.564853
v 28.729515 5.001926 6.699705
v 28.449566 5.001926 -9.742661
v 28.282820 5.001926 -9.609177
v 29.426857 5.001926 7.148495
v 28.123177 5.001926 -9.486786
v 27.971020 5.001926 -9.375134
v 28.802750 5.001926 -10.044304
v 28.623013 5.001926 -9.887589
v 28.988352 5.001926 -10.213114
v 29.179396 5.001926 -10.394329
v 29.509380 5.001926 5.787384
v 29.298233 5.001926 5.819613
v 29.375423 5.001926 -10.588268
v 29.098776 5.001926 5.845782
v 29.575991 5.001926 -10.795208
v 28.911180 5.001926 5.866404
v 29.780630 5.001926 -11.015425
v 29.622807 5.001926 -11.433047
v 30.211201 5.001926 5.649364
v 27.180653 5.001926 -11.466608
v 27.368622 5.001926 -11.483482
v 30.467260 5.001926 5.587940
v 27.569313 5.001926 -11.497263
v 30.733997 5.001926 5.517996
v 27.782669 5.001926 -11.507413
v 31.011162 5.001926 5.439068
v 28.008614 5.001926 -11.513416
v 28.247070 5.001926 -11.514744
v 31.298492 5.001926 5.350679
v 28.497932 5.001926 -11.510874
v 28.761078 5.001926 -11.501285
v 29.272442 5.001926 3.659954
v 29.036375 5.001926 -11.485459
v 29.814207 5.001926 3.925617
v 29.323673 5.001926 -11.462891
v 30.435373 5.001926 4.280249
v 30.658466 5.001926 4.420130
v 27.275328 5.001926 -12.663088
v 27.123449 5.001926 -12.512896
v 26.977474 5.001926 -12.374489
v 26.837822 5.001926 -12.247539
v 27.432676 5.001926 -12.825341
v 29.952667 5.001926 2.671109
v 29.746048 5.001926 2.725233
v 27.595049 5.001926 -12.999977
v 29.550423 5.001926 2.772111
v 27.761992 5.001926 -13.187263
v 29.366011 5.001926 2.812225
v 27.933043 5.001926 -13.387465
v 30.170067 5.001926 2.609261
v 28.107723 5.001926 -13.600831
v 30.398008 5.001926 2.539209
v 28.285561 5.001926 -13.827614
v 30.636229 5.001926 2.460486
v 28.466063 5.001926 -14.068005
v 30.884459 5.001926 2.372632
v 28.265453 5.001926 -14.466843
v 31.142422 5.001926 2.275192
v 25.833168 5.001926 -14.244947
v 26.018347 5.001926 -14.281370
v 31.409821 5.001926 2.167719
v 26.216494 5.001926 -14.316061
v 31.686333 5.001926 2.049782
v 26.427620 5.001926 -14.348454
v 26.651699 5.001926 -14.378040
v 29.494652 5.001926 0.580101
v 29.673233 5.001926 0.641138
v 27.138599 5.001926 -14.426659
v 27.401308 5.001926 -14.444631
v 27.676752 5.001926 -14.457667
v 27.964838 5.001926 -14.465254
v 25.802259 5.001926 -15.444757
v 25.666910 5.001926 -15.279522
v 25.536201 5.001926 -15.126614
v 25.410585 5.001926 -14.985762
v 25.941784 5.001926 -15.622578
v 26.085014 5.001926 -15.813231
v 26.231466 5.001926 -16.016941
v 26.532074 5.001926 -16.464382
v 26.380653 5.001926 -16.233925
v 26.685232 5.001926 -16.708500
v 26.839617 5.001926 -16.966446
v 26.598412 5.001926 -17.342134
v 24.202652 5.001926 -16.867205
v 24.383007 5.001926 -16.922794
v 24.576445 5.001926 -16.977997
v 24.046497 5.001926 -18.057220
v 23.929161 5.001926 -17.878742
v 23.815149 5.001926 -17.713009
v 23.704947 5.001926 -17.559799
v 24.166668 5.001926 -18.248652
v 24.413542 5.001926 -18.671133
v 24.289185 5.001926 -18.453232
v 24.539228 5.001926 -18.902523
v 24.665731 5.001926 -19.147547
v 24.792534 5.001926 -19.406336
v 24.639957 5.001926 -20.027424
v 24.919111 5.001926 -19.679007
v 22.306965 5.001926 -19.304670
v 22.480518 5.001926 -19.378807
v 22.667128 5.001926 -19.453928
v 22.866903 5.001926 -19.529516
v 23.079931 5.001926 -19.605045
v 23.306309 5.001926 -19.679996
v 23.546085 5.001926 -19.753836
v 23.799316 5.001926 -19.826033
v 24.066031 5.001926 -19.896053
v 24.346245 5.001926 -19.963364
v 22.027273 5.001926 -20.471844
v 21.929237 5.001926 -20.282078
v 21.833176 5.001926 -20.105335
v 22.126778 5.001926 -20.674789
v 22.227240 5.001926 -20.891054
v 22.328136 5.001926 -21.120762
v 22.428949 5.001926 -21.364021
v 22.628204 5.001926 -21.891552
v 22.529146 5.001926 -21.620926
v 22.725586 5.001926 -22.175959
v 22.411539 5.001926 -22.493290
v 20.166878 5.001926 -21.530632
v 20.331732 5.001926 -21.622501
v 20.509468 5.001926 -21.716717
v 20.700243 5.001926 -21.812775
v 20.904213 5.001926 -21.910160
v 21.121513 5.001926 -22.008360
v 21.352262 5.001926 -22.106859
v 21.596558 5.001926 -22.205130
v 21.854492 5.001926 -22.302647
v 22.126137 5.001926 -22.398880
v 21.739590 5.001926 -19.941446
v 19.766716 5.001926 -22.662176
v 19.689051 5.001926 -22.463202
v 19.611988 5.001926 -22.277386
v 19.536049 5.001926 -22.104610
v 19.844461 5.001926 -22.874411
v 19.921764 5.001926 -23.099989
v 19.998100 5.001926 -23.338985
v 20.072933 5.001926 -23.591454
v 20.145725 5.001926 -23.857422
v 20.215952 5.001926 -24.136919
v 20.283070 5.001926 -24.429947
v 17.805836 5.001926 -23.520695
v 17.960186 5.001926 -23.629299
v 18.127096 5.001926 -23.741573
v 18.499460 5.001926 -23.975218
v 18.705307 5.001926 -24.095596
v 18.924492 5.001926 -24.217674
v 19.663605 5.001926 -24.588989
v 19.937578 5.001926 -24.712713
v 17.289587 5.001926 -24.604214
v 17.233147 5.001926 -24.398212
v 17.175932 5.001926 -24.205360
v 17.118467 5.001926 -24.025593
v 17.344725 5.001926 -24.823414
v 17.398026 5.001926 -25.055836
v 17.448957 5.001926 -25.301506
v 17.496990 5.001926 -25.560408
v 17.541588 5.001926 -25.832531
v 17.582214 5.001926 -26.117838
v 17.618334 5.001926 -26.416277
v 17.245174 5.001926 -26.661381
v 15.249710 5.001926 -25.253065
v 15.391864 5.001926 -25.377205
v 15.546124 5.001926 -25.506313
v 15.712763 5.001926 -25.639936
v 16.084162 5.001926 -25.918835
v 16.289387 5.001926 -26.063156
v 16.507914 5.001926 -26.210073
v 16.739937 5.001926 -26.359085
v 16.985638 5.001926 -26.509693
v 14.623033 5.001926 -26.276684
v 14.588436 5.001926 -26.065912
v 14.551691 5.001926 -25.868134
v 14.513330 5.001926 -25.683346
v 14.654953 5.001926 -26.500443
v 14.683670 5.001926 -26.737167
v 14.708645 5.001926 -26.986811
v 14.729351 5.001926 -27.249319
v 14.760567 5.001926 -28.113184
v 14.755836 5.001926 -27.812607
v 14.363834 5.001926 -28.317938
v 12.526508 5.001926 -26.708755
v 12.654904 5.001926 -26.847075
v 12.794825 5.001926 -26.991600
v 12.946585 5.001926 -27.141911
v 13.286793 5.001926 -27.458103
v 13.475809 5.001926 -27.623083
v 14.121569 5.001926 -28.139952
v 11.796265 5.001926 -27.661263
v 11.783890 5.001926 -27.448027
v 11.768021 5.001926 -27.247494
v 11.749186 5.001926 -27.059708
v 11.804623 5.001926 -27.887133
v 11.808435 5.001926 -28.125561
v 11.807180 5.001926 -28.376448
v 11.800333 5.001926 -28.639683
v 11.787376 5.001926 -28.915129
v 11.767796 5.001926 -29.202650
v 11.325115 5.001926 -29.664238
v 11.741077 5.001926 -29.502077
v 9.903343 5.001926 -28.181164
v 10.038559 5.001926 -28.346508
v 10.185284 5.001926 -28.518436
v 10.343855 5.001926 -28.696531
v 10.514591 5.001926 -28.880371
v 10.697796 5.001926 -29.069508
v 10.893766 5.001926 -29.263504
v 8.840254 5.001926 -28.742779
v 8.850237 5.001926 -28.529413
v 8.855415 5.001926 -28.328320
v 8.856312 5.001926 -28.139591
v 8.803823 5.001926 -29.205799
v 8.824955 5.001926 -28.968281
v 8.776350 5.001926 -29.455183
v 8.650824 5.001926 -30.272743
v 8.700350 5.001926 -29.988842
v 8.592953 5.001926 -30.567734
v 8.162317 5.001926 -30.685532
v 6.903357 5.001926 -29.061960
v 7.020550 5.001926 -29.240538
v 7.148499 5.001926 -29.426861
v 7.287586 5.001926 -29.620560
v 7.438169 5.001926 -29.821232
v 7.600599 5.001926 -30.028486
v 9.666061 5.001926 -27.871819
v 5.787386 5.001926 -29.509377
v 5.819616 5.001926 -29.298227
v 5.845787 5.001926 -29.098776
v 5.866407 5.001926 -28.911179
v 5.702759 5.001926 -29.966061
v 5.748602 5.001926 -29.732048
v 5.649370 5.001926 -30.211205
v 5.518002 5.001926 -30.733995
v 5.587944 5.001926 -30.467262
v 5.439068 5.001926 -31.011162
v 5.350679 5.001926 -31.298491
v 4.910091 5.001926 -31.370626
v 3.659958 5.001926 -29.272438
v 3.739326 5.001926 -29.443665
v 3.827740 5.001926 -29.624355
v 3.925623 5.001926 -29.814205
v 4.033394 5.001926 -30.012878
v 4.151470 5.001926 -30.220051
v 4.420132 5.001926 -30.658464
v 4.571486 5.001926 -30.888969
v 4.734688 5.001926 -31.126492
v 6.699711 5.001926 -28.729509
v 2.671116 5.001926 -29.952669
v 2.725237 5.001926 -29.746046
v 2.772112 5.001926 -29.550423
v 2.812229 5.001926 -29.366009
v 2.539211 5.001926 -30.398003
v 2.609264 5.001926 -30.170067
v 2.460491 5.001926 -30.636223
v 2.275194 5.001926 -31.142422
v 2.372637 5.001926 -30.884459
v 2.167723 5.001926 -31.409817
v 2.049788 5.001926 -31.686333
v 0.580105 5.001926 -29.494652
v 0.641140 5.001926 -29.673233
v 0.710180 5.001926 -29.862177
v 0.787683 5.001926 -30.061218
v 0.874098 5.001926 -30.270069
v 1.075443 5.001926 -30.716047
v 1.191238 5.001926 -30.952547
v 1.317667 5.001926 -31.197605
v 1.455147 5.001926 -31.450884
v 1.604073 5.001926 -31.712021
v -0.474424 5.001926 -30.067791
v -0.398998 5.001926 -29.867958
v -0.331932 5.001926 -29.678307
v -0.558661 5.001926 -30.277534
v -0.652155 5.001926 -30.496902
v -0.755348 5.001926 -30.725588
v -0.868668 5.001926 -30.963280
v -0.992540 5.001926 -31.209642
v -1.127373 5.001926 -31.464340
v -1.719526 5.001926 -31.705967
v -1.273567 5.001926 -31.727015
v -2.415154 5.001926 -29.772823
v -2.358889 5.001926 -29.978874
v -2.222351 5.001926 -30.422810
v -2.141146 5.001926 -30.660200
v -0.272758 5.001926 -29.499096
v -3.518867 5.001926 -29.662632
v -3.432343 5.001926 -29.481030
v -3.354761 5.001926 -29.308985
v -3.720463 5.001926 -30.053276
v -3.614763 5.001926 -29.853487
v -3.836376 5.001926 -30.261669
v -3.962906 5.001926 -30.478313
v -4.100456 5.001926 -30.702860
v -4.249397 5.001926 -30.934923
v -4.410114 5.001926 -31.174133
v -4.582966 5.001926 -31.420086
v -5.024282 5.001926 -31.352541
v -5.564857 5.001926 -28.970734
v -5.542280 5.001926 -29.158106
v -5.514034 5.001926 -29.357273
v -5.479607 5.001926 -29.568077
v -5.438503 5.001926 -29.790331
v -5.390224 5.001926 -30.023853
v -5.334284 5.001926 -30.268427
v -5.270191 5.001926 -30.523834
v -5.197474 5.001926 -30.789822
v -5.115660 5.001926 -31.066151
v -2.506105 5.001926 -29.393715
v -6.495144 5.001926 -28.960752
v -6.400003 5.001926 -28.797760
v -6.841503 5.001926 -29.499746
v -6.715502 5.001926 -29.312101
v -7.127048 5.001926 -29.897114
v -6.978563 5.001926 -29.694881
v -7.644539 5.001926 -30.542376
v -7.459700 5.001926 -30.321276
v -7.842152 5.001926 -30.768915
v -8.273993 5.001926 -30.655609
v -8.562637 5.001926 -28.230343
v -8.559771 5.001926 -28.419048
v -8.552498 5.001926 -28.620075
v -8.540295 5.001926 -28.833326
v -8.522650 5.001926 -29.058659
v -8.468973 5.001926 -29.545029
v -8.431927 5.001926 -29.805735
v -8.387413 5.001926 -30.077869
v -8.334930 5.001926 -30.361235
v -9.742662 5.001926 -28.449566
v -9.609177 5.001926 -28.282822
v -9.486788 5.001926 -28.123175
v -9.375130 5.001926 -27.971020
v -9.887590 5.001926 -28.623013
v -10.044296 5.001926 -28.802753
v -10.213104 5.001926 -28.988356
v -10.394331 5.001926 -29.179396
v -10.588270 5.001926 -29.375423
v -10.795210 5.001926 -29.575989
v -11.015419 5.001926 -29.780630
v -11.433048 5.001926 -29.622807
v -11.466602 5.001926 -27.180656
v -11.483479 5.001926 -27.368628
v -11.497261 5.001926 -27.569315
v -11.501286 5.001926 -28.761078
v -11.485462 5.001926 -29.036377
v -11.462885 5.001926 -29.323675
v -12.663082 5.001926 -27.275330
v -12.512896 5.001926 -27.123451
v -12.374489 5.001926 -26.977476
v -12.247541 5.001926 -26.837826
v -12.825344 5.001926 -27.432678
v -12.999979 5.001926 -27.595053
v -13.187265 5.001926 -27.761995
v -13.387468 5.001926 -27.933044
v -13.600834 5.001926 -28.107727
v -13.827604 5.001926 -28.285564
v -14.067999 5.001926 -28.466064
v -14.466843 5.001926 -28.265453
v -14.244942 5.001926 -25.833172
v -14.281372 5.001926 -26.018347
v -14.316055 5.001926 -26.216497
v -14.348457 5.001926 -26.427622
v -14.378044 5.001926 -26.651701
v -14.404289 5.001926 -26.888712
v -14.426662 5.001926 -27.138603
v -14.465248 5.001926 -27.964842
v -15.444759 5.001926 -25.802261
v -15.279524 5.001926 -25.666914
v -15.126614 5.001926 -25.536201
v -14.985764 5.001926 -25.410585
v -15.622580 5.001926 -25.941784
v -15.813231 5.001926 -26.085012
v -16.016943 5.001926 -26.231468
v -16.233927 5.001926 -26.380651
v -16.464382 5.001926 -26.532072
v -16.708502 5.001926 -26.685232
v -17.342138 5.001926 -26.598413
v -16.966448 5.001926 -26.839617
v -16.867207 5.001926 -24.202654
v -16.922792 5.001926 -24.383005
v -16.977999 5.001926 -24.576447
v -17.032293 5.001926 -24.783026
v -17.085140 5.001926 -25.002785
v -17.184383 5.001926 -25.481934
v -17.229721 5.001926 -25.741331
v -17.271475 5.001926 -26.013899
v -17.309128 5.001926 -26.299614
v -17.878744 5.001926 -23.929159
v -17.713009 5.001926 -23.815151
v -17.559797 5.001926 -23.704945
v -18.248653 5.001926 -24.166668
v -18.057222 5.001926 -24.046494
v -18.453232 5.001926 -24.289185
v -18.671137 5.001926 -24.413542
v -18.902527 5.001926 -24.539230
v -19.147545 5.001926 -24.665731
v -19.406336 5.001926 -24.792534
v -19.679007 5.001926 -24.919109
v -20.027428 5.001926 -24.639956
v -19.304672 5.001926 -22.306965
v -19.378811 5.001926 -22.480520
v -19.453928 5.001926 -22.667128
v -19.529520 5.001926 -22.866903
v -19.605047 5.001926 -23.079933
v -19.679996 5.001926 -23.306307
v -19.753836 5.001926 -23.546083
v -19.826035 5.001926 -23.799316
v -19.896059 5.001926 -24.066032
v -19.963369 5.001926 -24.346247
v -20.471844 5.001926 -22.027273
v -20.282082 5.001926 -21.929237
v -20.105337 5.001926 -21.833174
v -19.941446 5.001926 -21.739590
v -20.674789 5.001926 -22.126776
v -20.891056 5.001926 -22.227238
v -21.120760 5.001926 -22.328136
v -21.364023 5.001926 -22.428947
v -21.620928 5.001926 -22.529146
v -21.891554 5.001926 -22.628206
v -22.175959 5.001926 -22.725586
v -22.493292 5.001926 -22.411539
v -21.530632 5.001926 -20.166876
v -21.622501 5.001926 -20.331730
v -21.716719 5.001926 -20.509464
v -21.812777 5.001926 -20.700245
v -21.910158 5.001926 -20.904211
v -22.106861 5.001926 -21.352259
v -22.205132 5.001926 -21.596556
v -22.302649 5.001926 -21.854490
v -22.398880 5.001926 -22.126133
v -22.662176 5.001926 -19.766716
v -22.463203 5.001926 -19.689051
v -22.277386 5.001926 -19.611992
v -22.104610 5.001926 -19.536049
v -22.874413 5.001926 -19.844461
v -23.338985 5.001926 -19.998098
v -23.099993 5.001926 -19.921766
v -23.591452 5.001926 -20.072933
v -23.857424 5.001926 -20.145725
v -24.136921 5.001926 -20.215954
v -24.712713 5.001926 -19.937576
v -24.429947 5.001926 -20.283073
v -23.520699 5.001926 -17.805838
v -23.629297 5.001926 -17.960184
v -23.741577 5.001926 -18.127100
v -23.857046 5.001926 -18.306789
v -23.975220 5.001926 -18.499462
v -24.095596 5.001926 -18.705307
v -24.217676 5.001926 -18.924496
v -24.340942 5.001926 -19.157181
v -24.464890 5.001926 -19.403509
v -24.588989 5.001926 -19.663607
v -24.604216 5.001926 -17.289587
v -24.398214 5.001926 -17.233147
v -24.205360 5.001926 -17.175930
v -24.025591 5.001926 -17.118465
v -24.823416 5.001926 -17.344725
v -25.055836 5.001926 -17.398024
v -25.301506 5.001926 -17.448961
v -26.117842 5.001926 -17.582214
v -25.832527 5.001926 -17.541590
v -26.416279 5.001926 -17.618332
v -26.661383 5.001926 -17.245174
v -25.377209 5.001926 -15.391864
v -25.506313 5.001926 -15.546124
v -25.639935 5.001926 -15.712761
v -25.777601 5.001926 -15.892025
v -25.918835 5.001926 -16.084166
v -26.063156 5.001926 -16.289385
v 29.790331 5.001926 -5.438501
v -26.065910 5.001926 -14.588434
v -25.868135 5.001926 -14.551690
v -25.683344 5.001926 -14.513331
v 29.805735 5.001926 -8.431928
v -26.500448 5.001926 -14.654954
v -26.276682 5.001926 -14.623032
v 30.077869 5.001926 -8.387413
v -26.986818 5.001926 -14.708642
v -26.737167 5.001926 -14.683668
v 30.361237 5.001926 -8.334930
v -27.249317 5.001926 -14.729349
v -28.113184 5.001926 -14.760564
v -27.812607 5.001926 -14.755838
v -28.317940 5.001926 -14.363829
v -26.991600 5.001926 -12.794825
v -27.141912 5.001926 -12.946583
v -27.297554 5.001926 -13.110474
v -27.623085 5.001926 -13.475809
v -27.792040 5.001926 -13.677782
v -27.964489 5.001926 -13.892958
v -28.139957 5.001926 -14.121571
v -25.253063 5.001926 -15.249711
v 26.888708 5.001926 -14.404286
v -27.448029 5.001926 -11.783888
v -27.247492 5.001926 -11.768018
v -27.059706 5.001926 -11.749184
v 24.783026 5.001926 -17.032290
v -27.887131 5.001926 -11.804620
v -27.661263 5.001926 -11.796265
v 25.002783 5.001926 -17.085136
v -28.125561 5.001926 -11.808435
v 25.235752 5.001926 -17.136015
v -28.376446 5.001926 -11.807178
v 25.481936 5.001926 -17.184385
v -28.915131 5.001926 -11.787374
v -28.639683 5.001926 -11.800332
v 25.741325 5.001926 -17.229717
v -29.202652 5.001926 -11.767792
v 26.013899 5.001926 -17.271477
v -29.502075 5.001926 -11.741079
v 26.299616 5.001926 -17.309128
v -29.664244 5.001926 -11.325113
v -28.696537 5.001926 -10.343853
v -28.880369 5.001926 -10.514587
v -29.069510 5.001926 -10.697794
v -29.263504 5.001926 -10.893766
v -29.461905 5.001926 -11.102781
v -26.708755 5.001926 -12.526506
v -28.328323 5.001926 -8.855415
v -28.139597 5.001926 -8.856312
v -28.968285 5.001926 -8.824955
v -28.742775 5.001926 -8.840252
v -29.205805 5.001926 -8.803825
v -29.716261 5.001926 -8.742027
v -29.455187 5.001926 -8.776352
v -29.988846 5.001926 -8.700350
v 18.306789 5.001926 -23.857046
v -30.272747 5.001926 -8.650822
v -28.891502 5.001926 -6.796543
v -29.061966 5.001926 -6.903357
v 19.157181 5.001926 -24.340942
v -29.240540 5.001926 -7.020550
v 19.403505 5.001926 -24.464886
v -29.426861 5.001926 -7.148499
v -29.620558 5.001926 -7.287584
v -29.821239 5.001926 -7.438169
v -30.241907 5.001926 -7.775219
v -30.461067 5.001926 -7.962353
v -30.685535 5.001926 -8.162315
v 15.892026 5.001926 -25.777597
v -27.871822 5.001926 -9.666061
v -29.509382 5.001926 -5.787386
v -29.298231 5.001926 -5.819618
v -29.098778 5.001926 -5.845787
v -28.911175 5.001926 -5.866407
v -29.732048 5.001926 -5.748600
v 14.745257 5.001926 -27.524612
v -30.467262 5.001926 -5.587940
v -30.211205 5.001926 -5.649368
v -30.733999 5.001926 -5.518000
v 13.110476 5.001926 -27.297556
v -31.011164 5.001926 -5.439068
v -31.298489 5.001926 -5.350679
v -31.370632 5.001926 -4.910093
v 13.677782 5.001926 -27.792038
v -29.272438 5.001926 -3.659956
v -29.443666 5.001926 -3.739326
v 13.892958 5.001926 -27.964487
v -29.624359 5.001926 -3.827738
v -29.814201 5.001926 -3.925621
v 9.779297 5.001926 -28.022800
v -30.012880 5.001926 -4.033394
v -30.220058 5.001926 -4.151470
v -30.435368 5.001926 -4.280252
v 11.102783 5.001926 -29.461906
v -30.888971 5.001926 -4.571487
v -31.126493 5.001926 -4.734686
v -28.729515 5.001926 -6.699711
v -31.712021 5.001926 -1.604069
v -31.686331 5.001926 -2.049784
v -29.862179 5.001926 -0.710182
v -30.061220 5.001926 -0.787683
v -30.488449 5.001926 -0.969872
v -30.716047 5.001926 -1.075441
v 7.775221 5.001926 -30.241905
v -30.952545 5.001926 -1.191235
v -31.197607 5.001926 -1.317665
v 7.962357 5.001926 -30.461065
v -31.450890 5.001926 -1.455145
v -29.366007 5.001926 -2.812229
v -30.067791 5.001926 0.474424
v -29.867960 5.001926 0.399002
v 8.742027 5.001926 -29.716259
v -29.678305 5.001926 0.331936
v -29.499096 5.001926 0.272762
v 6.796545 5.001926 -28.891502
v -30.277538 5.001926 0.558662
v -30.725586 5.001926 0.755346
v -30.496899 5.001926 0.652157
v -30.963278 5.001926 0.868668
v 4.280252 5.001926 -30.435368
v -31.727015 5.001926 1.273567
v -31.464342 5.001926 1.127373
v -31.705971 5.001926 1.719524
v -29.393717 5.001926 2.506104
v -29.577698 5.001926 2.464069
v -29.772825 5.001926 2.415157
v -29.978874 5.001926 2.358887
v -30.195616 5.001926 2.294777
v -30.422812 5.001926 2.222349
v -30.660198 5.001926 2.141150
v 0.969875 5.001926 -30.488451
v -30.907503 5.001926 2.050713
v -31.164434 5.001926 1.950590
v -31.430696 5.001926 1.840340
v -29.494652 5.001926 -0.580105
v -2.294775 5.001926 -30.195618
v -29.853485 5.001926 3.614765
v -29.662632 5.001926 3.518867
v -29.481030 5.001926 3.432343
v -29.308987 5.001926 3.354759
v -2.464067 5.001926 -29.577698
v -30.053276 5.001926 3.720467
v -30.261669 5.001926 3.836380
v -2.050713 5.001926 -30.907501
v -30.478315 5.001926 3.962912
v -1.950588 5.001926 -31.164436
v -30.702860 5.001926 4.100456
v -1.840340 5.001926 -31.430698
v -30.934925 5.001926 4.249399
v -31.174133 5.001926 4.410118
v -31.420088 5.001926 4.582968
v -6.600178 5.001926 -29.132317
v -28.970734 5.001926 5.564857
v -29.158104 5.001926 5.542282
v -29.357273 5.001926 5.514034
v -29.568077 5.001926 5.479614
v -29.790333 5.001926 5.438507
v -30.023851 5.001926 5.390228
v -30.268431 5.001926 5.334280
v -8.499043 5.001926 -29.295948
v -30.523830 5.001926 5.270195
v -30.789824 5.001926 5.197475
v -31.066151 5.001926 5.115662
v -31.352539 5.001926 5.024284
v -7.287312 5.001926 -30.106052
v -29.312098 5.001926 6.715503
v -29.132317 5.001926 6.600180
v -29.499746 5.001926 6.841507
v -11.507414 5.001926 -27.782673
v -29.694880 5.001926 6.978566
v -11.513416 5.001926 -28.008614
v -29.897110 5.001926 7.127050
v -11.514744 5.001926 -28.247070
v -30.106049 5.001926 7.287313
v -11.510876 5.001926 -28.497931
v -30.321274 5.001926 7.459699
v -30.542377 5.001926 7.644545
v -30.768915 5.001926 7.842155
v -28.419050 5.001926 8.559772
v -28.620075 5.001926 8.552499
v -14.444633 5.001926 -27.401310
v -28.833326 5.001926 8.540298
v -14.457670 5.001926 -27.676754
v -29.058659 5.001926 8.522648
v -29.295952 5.001926 8.499046
v -29.545027 5.001926 8.468973
v -29.805733 5.001926 8.431931
v -30.077868 5.001926 8.387416
v -17.136015 5.001926 -25.235750
v -30.361233 5.001926 8.334934
v -30.655611 5.001926 8.273991
v -28.797758 5.001926 6.400006
v -28.449564 5.001926 9.742664
v -28.282818 5.001926 9.609180
v -28.123173 5.001926 9.486789
v -27.971018 5.001926 9.375132
v -28.988354 5.001926 10.213106
v -28.802748 5.001926 10.044297
v -22.008362 5.001926 -21.121513
v -29.179394 5.001926 10.394332
v -29.375422 5.001926 10.588270
v -29.575989 5.001926 10.795210
v -29.780628 5.001926 11.015421
v -29.622805 5.001926 11.433049
v -27.782669 5.001926 11.507416
v -28.008612 5.001926 11.513418
v -25.560413 5.001926 -17.496994
v -28.247066 5.001926 11.514746
v -28.497931 5.001926 11.510876
v -28.761074 5.001926 11.501287
v -29.036373 5.001926 11.485462
v -29.323673 5.001926 11.462887
v -26.210075 5.001926 -16.507914
v -28.230343 5.001926 8.562641
v -26.359083 5.001926 -16.739933
v -27.275328 5.001926 12.663081
v -27.123451 5.001926 12.512899
v -26.509697 5.001926 -16.985636
v -26.977472 5.001926 12.374491
v -26.837822 5.001926 12.247541
v -27.524612 5.001926 -14.745258
v -27.432673 5.001926 12.825344
v -27.761993 5.001926 13.187267
v -27.595051 5.001926 12.999981
v -26.847073 5.001926 -12.654904
v -27.933043 5.001926 13.387468
v -28.107725 5.001926 13.600835
v -27.458105 5.001926 -13.286795
v -28.466063 5.001926 14.068001
v -28.285559 5.001926 13.827607
v -25.833168 5.001926 14.244941
v -26.018345 5.001926 14.281374
v -27.180653 5.001926 11.466604
v -25.802258 5.001926 15.444760
v -25.666910 5.001926 15.279524
v -25.536201 5.001926 15.126616
v -25.941784 5.001926 15.622581
v -28.529419 5.001926 -8.850235
v -26.085012 5.001926 15.813234
v -26.231462 5.001926 16.016945
v -28.022804 5.001926 -9.779295
v -26.532074 5.001926 16.464386
v -26.380651 5.001926 16.233929
v -28.181164 5.001926 -9.903343
v -26.839617 5.001926 16.966450
v -26.685232 5.001926 16.708504
v -28.346514 5.001926 -10.038559
v -26.598408 5.001926 17.342136
v -28.518438 5.001926 -10.185282
v -24.202652 5.001926 16.867208
v -24.383007 5.001926 16.922796
v -24.576443 5.001926 16.978001
v -30.567738 5.001926 -8.592951
v -25.002781 5.001926 17.085140
v -25.235752 5.001926 17.136017
v -26.299614 5.001926 17.309132
v -25.410585 5.001926 14.985765
v -24.046495 5.001926 18.057224
v -23.929159 5.001926 17.878746
v -23.815151 5.001926 17.713011
v -30.028488 5.001926 -7.600601
v -23.704945 5.001926 17.559801
v -24.166666 5.001926 18.248653
v -24.289186 5.001926 18.453234
v -24.413538 5.001926 18.671135
v -29.966064 5.001926 -5.702759
v -24.539225 5.001926 18.902525
v -24.792536 5.001926 19.406342
v -24.665730 5.001926 19.147549
v -24.919107 5.001926 19.679005
v -24.639959 5.001926 20.027426
v -29.746046 5.001926 -2.725237
v -29.550423 5.001926 -2.772112
v -22.306961 5.001926 19.304672
v -22.480516 5.001926 19.378809
v -22.667120 5.001926 19.453930
v -22.866903 5.001926 19.529518
v -30.658464 5.001926 -4.420130
v -23.079929 5.001926 19.605045
v -23.306303 5.001926 19.679996
v -29.952665 5.001926 -2.671110
v -23.546085 5.001926 19.753838
v -23.799314 5.001926 19.826035
v -30.170069 5.001926 -2.609264
v -24.066031 5.001926 19.896053
v -24.346247 5.001926 19.963367
v -30.398006 5.001926 -2.539211
v -30.636229 5.001926 -2.460491
v -30.884460 5.001926 -2.372635
v -22.027269 5.001926 20.471846
v -21.929235 5.001926 20.282082
v -31.142422 5.001926 -2.275194
v -21.833172 5.001926 20.105339
v -31.409817 5.001926 -2.167721
v -21.739584 5.001926 19.941446
v -22.227234 5.001926 20.891054
v -22.126774 5.001926 20.674789
v -29.673233 5.001926 -0.641140
v -22.428947 5.001926 21.364021
v -22.328135 5.001926 21.120762
v -22.529144 5.001926 21.620926
v -22.628199 5.001926 21.891552
v -22.725580 5.001926 22.175961
v -22.411537 5.001926 22.493292
v -30.270069 5.001926 -0.874098
v -20.331730 5.001926 21.622505
v -20.509462 5.001926 21.716721
v -20.700243 5.001926 21.812777
v -20.904207 5.001926 21.910156
v -21.596550 5.001926 22.205132
v -21.854486 5.001926 22.302650
v -19.766712 5.001926 22.662178
v -19.689049 5.001926 22.463203
v -31.209646 5.001926 0.992542
v -19.611990 5.001926 22.277386
v -19.536047 5.001926 22.104614
v -19.844456 5.001926 22.874411
v -19.921761 5.001926 23.099991
v -20.072931 5.001926 23.591450
v -19.998098 5.001926 23.338984
v -20.145723 5.001926 23.857422
v -20.215950 5.001926 24.136923
v -20.283072 5.001926 24.429949
v -19.937576 5.001926 24.712711
v -17.960182 5.001926 23.629299
v -18.127098 5.001926 23.741575
v -28.960754 5.001926 6.495147
v -18.499460 5.001926 23.975216
v -18.705309 5.001926 24.095600
v -18.924488 5.001926 24.217676
v -19.157177 5.001926 24.340944
v -19.403507 5.001926 24.464890
v -28.623013 5.001926 9.887590
v -20.166874 5.001926 21.530630
v -17.233147 5.001926 24.398212
v -17.175934 5.001926 24.205360
v -27.368624 5.001926 11.483481
v -17.118465 5.001926 24.025595
v -27.569313 5.001926 11.497260
v -17.245173 5.001926 26.661381
v -17.618332 5.001926 26.416281
v -15.249710 5.001926 25.253067
v -15.391863 5.001926 25.377205
v -16.084160 5.001926 25.918833
v -16.289385 5.001926 26.063154
v -16.507912 5.001926 26.210073
v -28.265450 5.001926 14.466845
v -16.739937 5.001926 26.359085
v -26.216494 5.001926 14.316055
v -16.985638 5.001926 26.509697
v -26.427622 5.001926 14.348454
v -17.805836 5.001926 23.520697
v -26.651699 5.001926 14.378044
v -14.623030 5.001926 26.276686
v -14.588436 5.001926 26.065914
v -26.888712 5.001926 14.404290
v -14.551691 5.001926 25.868137
v -14.513327 5.001926 25.683346
v -27.138599 5.001926 14.426664
v -14.654953 5.001926 26.500446
v -27.401312 5.001926 14.444633
v -14.708641 5.001926 26.986813
v -14.683664 5.001926 26.737167
v -27.676754 5.001926 14.457672
v -14.729351 5.001926 27.249321
v -27.964836 5.001926 14.465252
v -14.745251 5.001926 27.524612
v -14.755835 5.001926 27.812605
v -14.760563 5.001926 28.113182
v -14.363831 5.001926 28.317938
v -24.783024 5.001926 17.032291
v -13.286793 5.001926 27.458103
v -13.475809 5.001926 27.623085
v -13.677780 5.001926 27.792038
v -13.892954 5.001926 27.964489
v -14.121569 5.001926 28.139956
v -25.481937 5.001926 17.184389
v -25.741325 5.001926 17.229721
v -11.796263 5.001926 27.661259
v -11.783884 5.001926 27.448025
v -26.013895 5.001926 17.271481
v -11.768017 5.001926 27.247494
v -11.749182 5.001926 27.059708
v -11.804621 5.001926 27.887135
v -11.808432 5.001926 28.125561
v -11.800329 5.001926 28.639681
v -11.807175 5.001926 28.376450
v -11.767794 5.001926 29.202650
v -11.787374 5.001926 28.915127
v -11.741076 5.001926 29.502077
v -21.121510 5.001926 22.008364
v -11.325111 5.001926 29.664238
v -21.352255 5.001926 22.106859
v -9.779294 5.001926 28.022800
v -9.903340 5.001926 28.181160
v -10.038557 5.001926 28.346510
v -10.185279 5.001926 28.518435
v -10.343853 5.001926 28.696533
v -10.514587 5.001926 28.880367
v -10.697792 5.001926 29.069510
v -10.893764 5.001926 29.263504
v -22.126135 5.001926 22.398880
v -11.102783 5.001926 29.461906
v -12.526505 5.001926 26.708752
v -8.840251 5.001926 28.742775
v -8.850233 5.001926 28.529417
v -8.855412 5.001926 28.328323
v -8.824951 5.001926 28.968281
v -19.663603 5.001926 24.588987
v -8.803823 5.001926 29.205803
v -8.776348 5.001926 29.455183
v -8.742023 5.001926 29.716261
v -18.306787 5.001926 23.857050
v -8.700348 5.001926 29.988840
v -8.650818 5.001926 30.272747
v -17.289583 5.001926 24.604214
v -8.162315 5.001926 30.685534
v -8.592949 5.001926 30.567739
v -17.344719 5.001926 24.823414
v -6.699707 5.001926 28.729515
v -6.796540 5.001926 28.891504
v -17.398024 5.001926 25.055838
v -6.903357 5.001926 29.061964
v -17.448956 5.001926 25.301502
v -7.020548 5.001926 29.240543
v -17.496992 5.001926 25.560410
v -7.148497 5.001926 29.426863
v -7.287584 5.001926 29.620556
v -17.541586 5.001926 25.832531
v -7.438166 5.001926 29.821230
v -7.600597 5.001926 30.028488
v -17.582211 5.001926 26.117840
v -7.775219 5.001926 30.241909
v -7.962351 5.001926 30.461065
v -15.546127 5.001926 25.506313
v -15.712759 5.001926 25.639938
v -8.856308 5.001926 28.139595
v -9.666058 5.001926 27.871820
v -15.892025 5.001926 25.777603
v -5.819614 5.001926 29.298231
v -5.845785 5.001926 29.098782
v -5.866405 5.001926 28.911182
v -5.748600 5.001926 29.732054
v -5.787384 5.001926 29.509380
v -5.702757 5.001926 29.966061
v -5.587938 5.001926 30.467266
v -5.649366 5.001926 30.211206
v -5.439064 5.001926 31.011164
v -5.517998 5.001926 30.733995
v -3.659954 5.001926 29.272438
v -3.739325 5.001926 29.443668
v -12.654903 5.001926 26.847076
v -3.925619 5.001926 29.814205
v -4.033391 5.001926 30.012878
v -12.794821 5.001926 26.991600
v -4.151470 5.001926 30.220053
v -12.946581 5.001926 27.141909
v -4.280252 5.001926 30.435371
v -13.110472 5.001926 27.297556
v -4.420130 5.001926 30.658466
v -2.671110 5.001926 29.952671
v -2.725236 5.001926 29.746044
v -2.772112 5.001926 29.550419
v -2.812228 5.001926 29.366009
v -2.609262 5.001926 30.170063
v -2.539209 5.001926 30.398006
v -2.460485 5.001926 30.636225
v -2.167723 5.001926 31.409821
v -2.275192 5.001926 31.142418
v -2.049784 5.001926 31.686333
v -1.604067 5.001926 31.712021
v -0.710178 5.001926 29.862183
v -0.787681 5.001926 30.061216
v -5.350677 5.001926 31.298494
v -0.874097 5.001926 30.270069
v -4.910089 5.001926 31.370628
v -0.969870 5.001926 30.488449
v -4.571484 5.001926 30.888969
v -4.734683 5.001926 31.126492
v 0.399004 5.001926 29.867956
v 0.331936 5.001926 29.678305
v 0.558662 5.001926 30.277534
v 0.474430 5.001926 30.067791
v 0.755348 5.001926 30.725586
v 0.652157 5.001926 30.496899
v 1.273571 5.001926 31.727011
v 1.127375 5.001926 31.464340
v -3.827734 5.001926 29.624355
v 1.719529 5.001926 31.705969
v 2.506106 5.001926 29.393715
v 2.464072 5.001926 29.577698
v -0.580101 5.001926 29.494654
v -0.641138 5.001926 29.673239
v 2.294777 5.001926 30.195614
v 2.222354 5.001926 30.422810
v 2.141153 5.001926 30.660198
v -2.372633 5.001926 30.884457
v 0.272763 5.001926 29.499096
v 3.614767 5.001926 29.853487
v 3.518870 5.001926 29.662630
v 3.432347 5.001926 29.481030
v -1.075440 5.001926 30.716047
v 3.354764 5.001926 29.308987
v -1.191232 5.001926 30.952547
v 3.720467 5.001926 30.053276
v -1.317665 5.001926 31.197605
v 3.836380 5.001926 30.261665
v -1.455145 5.001926 31.450884
v 3.962908 5.001926 30.478310
v 4.100454 5.001926 30.702860
v 4.249400 5.001926 30.934921
v 0.868670 5.001926 30.963280
v 4.582968 5.001926 31.420082
v 4.410117 5.001926 31.174135
v 0.992540 5.001926 31.209639
v 5.024283 5.001926 31.352539
v 5.564857 5.001926 28.970734
v 5.542285 5.001926 29.158104
v 5.514036 5.001926 29.357273
v 2.415158 5.001926 29.772823
v 5.479611 5.001926 29.568077
v 2.358886 5.001926 29.978878
v 5.390225 5.001926 30.023853
v 5.334286 5.001926 30.268423
v 5.270193 5.001926 30.523832
v 2.050715 5.001926 30.907499
v 5.197477 5.001926 30.789816
v 1.950593 5.001926 31.164436
v 5.115661 5.001926 31.066145
v 1.840342 5.001926 31.430698
v 6.715505 5.001926 29.312099
v 6.600180 5.001926 29.132317
v 6.495148 5.001926 28.960754
v 6.400008 5.001926 28.797760
v 5.438508 5.001926 29.790333
v 6.841509 5.001926 29.499744
v 6.978569 5.001926 29.694878
v 7.127054 5.001926 29.897116
v 7.287316 5.001926 30.106049
v 7.459703 5.001926 30.321272
v 7.644545 5.001926 30.542374
v 8.562641 5.001926 28.230339
v 8.559773 5.001926 28.419044
v 7.842157 5.001926 30.768911
v 8.552498 5.001926 28.620075
v 8.273994 5.001926 30.655605
v 8.540302 5.001926 28.833321
v 8.468973 5.001926 29.545031
v 8.431933 5.001926 29.805733
v 8.522654 5.001926 29.058662
v 8.387417 5.001926 30.077866
v 8.499048 5.001926 29.295944
v 8.334937 5.001926 30.361233
v 10.588271 5.001926 29.375423
v 10.394339 5.001926 29.179396
v 11.462889 5.001926 29.323673
v 11.433052 5.001926 29.622807
v 9.742664 5.001926 28.449564
v 9.609183 5.001926 28.282822
v 9.375133 5.001926 27.971018
v 9.486792 5.001926 28.123173
v 9.887592 5.001926 28.623013
v 11.015423 5.001926 29.780628
v 10.795212 5.001926 29.575989
v 10.044300 5.001926 28.802750
v 12.663084 5.001926 27.275328
v 12.512899 5.001926 27.123451
v 10.213107 5.001926 28.988354
v 12.374491 5.001926 26.977472
v 12.247541 5.001926 26.837822
v 11.466606 5.001926 27.180653
v 11.483482 5.001926 27.368624
v 11.497263 5.001926 27.569313
v 11.485464 5.001926 29.036373
v 11.507416 5.001926 27.782669
v 12.825344 5.001926 27.432673
v 11.513420 5.001926 28.008612
v 13.387470 5.001926 27.933044
v 13.187267 5.001926 27.761990
v 11.514748 5.001926 28.247066
v 13.600838 5.001926 28.107725
v 11.510876 5.001926 28.497931
v 14.466848 5.001926 28.265450
v 14.068001 5.001926 28.466063
v 11.501289 5.001926 28.761074
v 14.281374 5.001926 26.018345
v 14.316055 5.001926 26.216492
v 12.999981 5.001926 27.595051
v 14.348457 5.001926 26.427622
v 14.378048 5.001926 26.651699
v 14.404289 5.001926 26.888706
v 13.827606 5.001926 28.285559
v 14.444632 5.001926 27.401312
v 14.457672 5.001926 27.676754
v 14.465250 5.001926 27.964838
v 15.444761 5.001926 25.802258
v 15.279526 5.001926 25.666912
v 14.426664 5.001926 27.138599
v 15.126617 5.001926 25.536203
v 16.016945 5.001926 26.231462
v 15.813236 5.001926 26.085018
v 15.622583 5.001926 25.941784
v 16.233929 5.001926 26.380653
v 16.464386 5.001926 26.532072
v 16.708504 5.001926 26.685232
v 16.978001 5.001926 24.576439
v 17.032295 5.001926 24.783028
v 16.966450 5.001926 26.839617
v 19.680000 5.001926 23.306307
v 16.922796 5.001926 24.383005
v 17.085140 5.001926 25.002781
v 17.136017 5.001926 25.235752
v 17.229721 5.001926 25.741325
v 17.271481 5.001926 26.013895
v 17.184391 5.001926 25.481936
vn -0.0000 1.0000 -0.0000
vn -0.0000 -1.0000 -0.0000
vn -0.3636 -0.0000 0.9316
vn 0.1588 -0.0000 -0.9873
vn 0.9940 -0.0000 -0.1098
vn 0.9494 -0.0000 -0.3141
vn 0.1541 -0.0000 -0.9881
vn 0.4955 -0.0000 0.8686
vn -0.3829 -0.0000 0.9238
vn 0.1494 -0.0000 -0.9888
vn -0.5493 -0.0000 0.8356
vn -0.3634 -0.0000 0.9316
vn 0.1447 -0.0000 -0.9895
vn -0.5668 -0.0000 0.8239
vn -0.3242 -0.0000 0.9460
vn 0.1399 -0.0000 -0.9902
vn -0.5839 -0.0000 0.8118
vn -0.3043 -0.0000 0.9526
vn 0.1352 -0.0000 -0.9908
vn -0.5317 -0.0000 0.8469
vn -0.2842 -0.0000 0.9588
vn 0.1305 -0.0000 -0.9914
vn -0.5138 -0.0000 0.8579
vn 0.8178 -0.0000 -0.5755
vn 0.1258 -0.0000 -0.9921
vn -0.4773 -0.0000 0.8787
vn 0.8736 -0.0000 -0.4866
vn 0.1211 -0.0000 -0.9926
vn -0.4588 -0.0000 0.8886
vn 0.9025 -0.0000 -0.4306
vn 0.1163 -0.0000 -0.9932
vn -0.4400 -0.0000 0.8980
vn -0.1824 -0.0000 0.9832
vn 0.1116 -0.0000 -0.9938
vn -0.4211 -0.0000 0.9070
vn 0.8299 -0.0000 -0.5579
vn 0.1069 -0.0000 -0.9943
vn 0.6253 -0.0000 0.7804
vn 0.8414 -0.0000 -0.5404
vn 0.1021 -0.0000 -0.9948
vn 0.9196 -0.0000 -0.3928
vn 0.8526 -0.0000 -0.5226
vn 0.0974 -0.0000 -0.9952
vn 0.9277 -0.0000 -0.3734
vn 0.8634 -0.0000 -0.5046
vn 0.0927 -0.0000 -0.9957
vn 0.9353 -0.0000 -0.3539
vn 0.7532 -0.0000 -0.6578
vn 0.0879 -0.0000 -0.9961
vn 0.9425 -0.0000 -0.3342
vn 0.7251 -0.0000 -0.6886
vn 0.0832 -0.0000 -0.9965
vn 0.9617 -0.0000 -0.2742
vn -0.0367 -0.0000 0.9993
vn 0.0785 -0.0000 -0.9969
vn 0.9672 -0.0000 -0.2539
vn -0.0787 -0.0000 0.9969
vn 0.0737 -0.0000 -0.9973
vn 0.9723 -0.0000 -0.2336
vn 0.7534 -0.0000 -0.6576
vn 0.0690 -0.0000 -0.9976
vn 0.9770 -0.0000 -0.2131
vn 0.7933 -0.0000 -0.6089
vn 0.0642 -0.0000 -0.9979
vn 0.5836 -0.0000 0.8121
vn 0.0260 -0.0000 0.9997
vn 0.0595 -0.0000 -0.9982
vn -0.4590 -0.0000 0.8884
vn 0.0886 -0.0000 0.9961
vn 0.0547 -0.0000 -0.9985
vn -0.4959 -0.0000 0.8684
vn 0.5310 -0.0000 -0.8474
vn 0.0500 -0.0000 -0.9988
vn -0.4402 -0.0000 0.8979
vn 0.5487 -0.0000 -0.8360
vn 0.0452 -0.0000 -0.9990
vn -0.4213 -0.0000 0.9069
vn 0.6002 -0.0000 -0.7998
vn 0.0404 -0.0000 -0.9992
vn -0.4021 -0.0000 0.9156
vn -0.0580 -0.0000 0.9983
vn 0.0357 -0.0000 -0.9994
vn -0.3437 -0.0000 0.9391
vn 0.0257 -0.0000 0.9997
vn 0.0309 -0.0000 -0.9995
vn -0.3239 -0.0000 0.9461
vn 0.6000 -0.0000 -0.8000
vn 0.0262 -0.0000 -0.9997
vn 0.7034 -0.0000 0.7108
vn 0.6167 -0.0000 -0.7872
vn 0.0214 -0.0000 -0.9998
vn 0.8735 -0.0000 -0.4868
vn 0.6330 -0.0000 -0.7741
vn 0.0167 -0.0000 -0.9999
vn 0.8835 -0.0000 -0.4684
vn 0.6491 -0.0000 -0.7607
vn 0.0119 -0.0000 -0.9999
vn 0.9024 -0.0000 -0.4308
vn 0.6650 -0.0000 -0.7469
vn 0.0071 -0.0000 -1.0000
vn 0.9113 -0.0000 -0.4118
vn 0.6805 -0.0000 -0.7327
vn 0.0024 -0.0000 -1.0000
vn 0.9197 -0.0000 -0.3926
vn 0.6957 -0.0000 -0.7183
vn -0.0024 -0.0000 -1.0000
vn 0.9277 -0.0000 -0.3732
vn 0.7107 -0.0000 -0.7035
vn -0.0071 -0.0000 -1.0000
vn 0.9354 -0.0000 -0.3536
vn 0.7253 -0.0000 -0.6885
vn -0.0119 -0.0000 -0.9999
vn 0.9426 -0.0000 -0.3339
vn 0.7396 -0.0000 -0.6731
vn -0.0167 -0.0000 -0.9999
vn 0.6653 -0.0000 0.7466
vn 0.1303 -0.0000 0.9915
vn -0.0214 -0.0000 -0.9998
vn -0.3831 -0.0000 0.9237
vn 0.6332 -0.0000 -0.7740
vn -0.0262 -0.0000 -0.9997
vn -0.4024 -0.0000 0.9155
vn 0.6493 -0.0000 -0.7605
vn -0.0309 -0.0000 -0.9995
vn -0.3440 -0.0000 0.9390
vn 0.1922 -0.0000 0.9813
vn -0.0357 -0.0000 -0.9994
vn -0.2640 -0.0000 0.9645
vn 0.4395 -0.0000 -0.8982
vn -0.0404 -0.0000 -0.9992
vn -0.2437 -0.0000 0.9699
vn 0.4397 -0.0000 -0.8981
vn -0.0452 -0.0000 -0.9990
vn -0.2233 -0.0000 0.9748
vn 0.4952 -0.0000 -0.8688
vn -0.0500 -0.0000 -0.9988
vn 0.7739 -0.0000 0.6334
vn 0.5663 -0.0000 -0.8242
vn -0.0547 -0.0000 -0.9985
vn 0.8297 -0.0000 -0.5581
vn 0.5835 -0.0000 -0.8121
vn -0.0595 -0.0000 -0.9982
vn 0.8413 -0.0000 -0.5406
vn 0.3629 -0.0000 -0.9318
vn -0.0642 -0.0000 -0.9979
vn 0.8524 -0.0000 -0.5228
vn 0.4771 -0.0000 -0.8789
vn -0.0690 -0.0000 -0.9976
vn 0.8632 -0.0000 -0.5048
vn 0.4954 -0.0000 -0.8687
vn -0.0737 -0.0000 -0.9973
vn 0.8837 -0.0000 -0.4681
vn 0.4016 -0.0000 -0.9158
vn -0.0785 -0.0000 -0.9969
vn 0.8933 -0.0000 -0.4495
vn 0.4492 -0.0000 0.8934
vn -0.0832 -0.0000 -0.9965
vn 0.9114 -0.0000 -0.4116
vn 0.2431 -0.0000 -0.9700
vn -0.0879 -0.0000 -0.9961
vn 0.7397 -0.0000 0.6730
vn 0.3631 -0.0000 -0.9318
vn -0.0927 -0.0000 -0.9957
vn -0.2642 -0.0000 0.9645
vn 0.3826 -0.0000 -0.9239
vn -0.0974 -0.0000 -0.9952
vn -0.2844 -0.0000 0.9587
vn 0.2434 -0.0000 -0.9699
vn -0.1021 -0.0000 -0.9948
vn -0.3045 -0.0000 0.9525
vn 0.2637 -0.0000 -0.9646
vn -0.1069 -0.0000 -0.9943
vn -0.2439 -0.0000 0.9698
vn 0.3334 -0.0000 0.9428
vn -0.1116 -0.0000 -0.9938
vn -0.2235 -0.0000 0.9747
vn 0.0990 -0.0000 -0.9951
vn -0.1163 -0.0000 -0.9932
vn -0.2030 -0.0000 0.9792
vn 0.3136 -0.0000 0.9496
vn -0.1211 -0.0000 -0.9926
vn -0.1617 -0.0000 0.9868
vn 0.3531 -0.0000 0.9356
vn -0.1258 -0.0000 -0.9921
vn -0.1410 -0.0000 0.9900
vn 0.3727 -0.0000 0.9280
vn -0.1305 -0.0000 -0.9914
vn -0.1202 -0.0000 0.9928
vn 0.3921 -0.0000 0.9199
vn -0.1352 -0.0000 -0.9908
vn 0.8358 -0.0000 0.5490
vn 0.4113 -0.0000 0.9115
vn -0.1399 -0.0000 -0.9902
vn 0.7669 -0.0000 -0.6418
vn 0.4303 -0.0000 0.9027
vn -0.1447 -0.0000 -0.9895
vn 0.7801 -0.0000 -0.6256
vn 0.4679 -0.0000 0.8838
vn -0.1494 -0.0000 -0.9888
vn 0.7931 -0.0000 -0.6091
vn 0.4863 -0.0000 0.8738
vn -0.1541 -0.0000 -0.9881
vn 0.8057 -0.0000 -0.5923
vn 0.4490 -0.0000 0.8936
vn -0.1588 -0.0000 -0.9873
vn 0.8180 -0.0000 -0.5752
vn 0.4301 -0.0000 0.9028
vn -0.1635 -0.0000 -0.9865
vn 0.8059 -0.0000 0.5920
vn 0.4111 -0.0000 0.9116
vn -0.1682 -0.0000 -0.9858
vn -0.1620 -0.0000 0.9868
vn 0.9989 -0.0000 -0.0471
vn -0.1729 -0.0000 -0.9849
vn -0.1826 -0.0000 0.9832
vn 0.2227 -0.0000 -0.9749
vn -0.1775 -0.0000 -0.9841
vn -0.2033 -0.0000 0.9791
vn 0.2635 -0.0000 -0.9647
vn -0.1822 -0.0000 -0.9833
vn -0.1412 -0.0000 0.9900
vn 0.2836 -0.0000 -0.9589
vn -0.1869 -0.0000 -0.9824
vn -0.1204 -0.0000 0.9927
vn 0.3037 -0.0000 -0.9528
vn -0.1916 -0.0000 -0.9815
vn -0.0995 -0.0000 0.9950
vn 0.3237 -0.0000 -0.9462
vn -0.1963 -0.0000 -0.9806
vn -0.0577 -0.0000 0.9983
vn 0.3434 -0.0000 -0.9392
vn -0.2009 -0.0000 -0.9796
vn -0.0157 -0.0000 0.9999
vn 0.4019 -0.0000 -0.9157
vn -0.2056 -0.0000 -0.9786
vn 0.8886 -0.0000 0.4586
vn 0.4677 -0.0000 0.8839
vn -0.2102 -0.0000 -0.9776
vn 0.6803 -0.0000 -0.7329
vn 0.4861 -0.0000 0.8739
vn -0.2149 -0.0000 -0.9766
vn 0.6956 -0.0000 -0.7185
vn 0.5043 -0.0000 0.8635
vn -0.2195 -0.0000 -0.9756
vn 0.7105 -0.0000 -0.7037
vn 0.5223 -0.0000 0.8527
vn -0.2242 -0.0000 -0.9745
vn 0.7394 -0.0000 -0.6733
vn 0.5577 -0.0000 0.8301
vn -0.2288 -0.0000 -0.9735
vn 0.7670 -0.0000 -0.6416
vn 0.9885 -0.0000 -0.1513
vn -0.2334 -0.0000 -0.9724
vn 0.7803 -0.0000 -0.6254
vn 0.1404 -0.0000 -0.9901
vn -0.2381 -0.0000 -0.9712
vn 0.8059 -0.0000 -0.5921
vn 0.1612 -0.0000 -0.9869
vn -0.2427 -0.0000 -0.9701
vn 0.8634 -0.0000 0.5045
vn 0.2230 -0.0000 -0.9748
vn -0.2473 -0.0000 -0.9689
vn -0.0789 -0.0000 0.9969
vn 0.2839 -0.0000 -0.9588
vn -0.2519 -0.0000 -0.9678
vn -0.0998 -0.0000 0.9950
vn 0.3040 -0.0000 -0.9527
vn -0.2565 -0.0000 -0.9665
vn -0.0370 -0.0000 0.9993
vn 0.9951 -0.0000 -0.0993
vn -0.2611 -0.0000 -0.9653
vn -0.0160 -0.0000 0.9999
vn 0.5399 -0.0000 0.8417
vn -0.2657 -0.0000 -0.9641
vn 0.0050 -0.0000 1.0000
vn 0.5221 -0.0000 0.8529
vn -0.2703 -0.0000 -0.9628
vn 0.0470 -0.0000 0.9989
vn 0.5042 -0.0000 0.8636
vn -0.2749 -0.0000 -0.9615
vn 0.0680 -0.0000 0.9977
vn 0.5575 -0.0000 0.8302
vn -0.2794 -0.0000 -0.9602
vn 0.0889 -0.0000 0.9960
vn 0.5748 -0.0000 0.8183
vn -0.2840 -0.0000 -0.9588
vn 0.9317 -0.0000 0.3632
vn 0.5918 -0.0000 0.8061
vn -0.2886 -0.0000 -0.9575
vn 0.9114 -0.0000 0.4115
vn 0.6252 -0.0000 0.7805
vn -0.2931 -0.0000 -0.9561
vn 0.0467 -0.0000 0.9989
vn 0.6414 -0.0000 0.7672
vn -0.2977 -0.0000 -0.9547
vn 0.0048 -0.0000 1.0000
vn 0.6574 -0.0000 0.7536
vn -0.3022 -0.0000 -0.9532
vn 0.0677 -0.0000 0.9977
vn 0.9673 -0.0000 -0.2538
vn -0.3067 -0.0000 -0.9518
vn 0.1095 -0.0000 0.9940
vn 0.0152 -0.0000 -0.9999
vn -0.3113 -0.0000 -0.9503
vn 0.1511 -0.0000 0.9885
vn 0.0571 -0.0000 -0.9984
vn -0.3158 -0.0000 -0.9488
vn 0.1719 -0.0000 0.9851
vn 0.0780 -0.0000 -0.9970
vn -0.3203 -0.0000 -0.9473
vn 0.1925 -0.0000 0.9813
vn 0.1199 -0.0000 -0.9928
vn -0.3248 -0.0000 -0.9458
vn 0.9646 -0.0000 0.2638
vn 0.9792 -0.0000 -0.2028
vn -0.3293 -0.0000 -0.9442
vn 0.5131 -0.0000 -0.8583
vn 0.6249 -0.0000 0.7807
vn -0.3338 -0.0000 -0.9426
vn 0.5661 -0.0000 -0.8243
vn 0.6084 -0.0000 0.7936
vn -0.3383 -0.0000 -0.9410
vn 0.5833 -0.0000 -0.8123
vn 0.5916 -0.0000 0.8062
vn -0.3428 -0.0000 -0.9394
vn 0.6168 -0.0000 -0.7871
vn 0.6572 -0.0000 0.7537
vn -0.3472 -0.0000 -0.9378
vn 0.6652 -0.0000 -0.7467
vn 0.6728 -0.0000 0.7398
vn -0.3517 -0.0000 -0.9361
vn 0.9494 -0.0000 0.3140
vn 0.6882 -0.0000 0.7255
vn -0.3562 -0.0000 -0.9344
vn 0.1509 -0.0000 0.9886
vn 0.7033 -0.0000 0.7109
vn -0.3606 -0.0000 -0.9327
vn 0.1301 -0.0000 0.9915
vn 0.7181 -0.0000 0.6960
vn -0.3650 -0.0000 -0.9310
vn 0.1093 -0.0000 0.9940
vn 0.7325 -0.0000 0.6807
vn -0.3695 -0.0000 -0.9292
vn 0.1716 -0.0000 0.9852
vn 0.9354 -0.0000 -0.3535
vn -0.3739 -0.0000 -0.9275
vn 0.2128 -0.0000 0.9771
vn -0.0894 -0.0000 -0.9960
vn -0.3783 -0.0000 -0.9257
vn 0.2333 -0.0000 0.9724
vn -0.0685 -0.0000 -0.9977
vn -0.3827 -0.0000 -0.9239
vn 0.2536 -0.0000 0.9673
vn -0.0475 -0.0000 -0.9989
vn -0.3871 -0.0000 -0.9220
vn 0.2739 -0.0000 0.9618
vn -0.0056 -0.0000 -1.0000
vn -0.3915 -0.0000 -0.9202
vn 0.2940 -0.0000 0.9558
vn 0.0154 -0.0000 -0.9999
vn -0.3958 -0.0000 -0.9183
vn 0.9869 -0.0000 0.1616
vn 0.0364 -0.0000 -0.9993
vn -0.4002 -0.0000 -0.9164
vn 0.4205 -0.0000 -0.9073
vn 0.0574 -0.0000 -0.9984
vn -0.4046 -0.0000 -0.9145
vn 0.4583 -0.0000 -0.8888
vn 0.0783 -0.0000 -0.9969
vn -0.4089 -0.0000 -0.9126
vn 0.4768 -0.0000 -0.8790
vn 0.0993 -0.0000 -0.9951
vn -0.4132 -0.0000 -0.9106
vn 0.5133 -0.0000 -0.8582
vn 0.9527 -0.0000 -0.3041
vn -0.4176 -0.0000 -0.9086
vn 0.5312 -0.0000 -0.8472
vn 0.7031 -0.0000 0.7110
vn -0.4219 -0.0000 -0.9066
vn 0.5489 -0.0000 -0.8359
vn 0.6727 -0.0000 0.7400
vn -0.4262 -0.0000 -0.9046
vn 0.9771 -0.0000 0.2130
vn 0.7179 -0.0000 0.6962
vn -0.4305 -0.0000 -0.9026
vn 0.2534 -0.0000 0.9674
vn 0.7324 -0.0000 0.6809
vn -0.4348 -0.0000 -0.9005
vn 0.2330 -0.0000 0.9725
vn 0.7465 -0.0000 0.6654
vn -0.4391 -0.0000 -0.8984
vn 0.2126 -0.0000 0.9771
vn 0.7603 -0.0000 0.6496
vn -0.4434 -0.0000 -0.8963
vn 0.2736 -0.0000 0.9618
vn 0.7738 -0.0000 0.6335
vn -0.4476 -0.0000 -0.8942
vn 0.2938 -0.0000 0.9559
vn 0.7869 -0.0000 0.6171
vn -0.4519 -0.0000 -0.8921
vn 0.3138 -0.0000 0.9495
vn 0.7997 -0.0000 0.6004
vn -0.4561 -0.0000 -0.8899
vn 0.3336 -0.0000 0.9427
vn 0.8934 -0.0000 -0.4493
vn -0.4603 -0.0000 -0.8877
vn 0.3534 -0.0000 0.9355
vn -0.1930 -0.0000 -0.9812
vn -0.4646 -0.0000 -0.8855
vn 0.3729 -0.0000 0.9279
vn -0.1725 -0.0000 -0.9850
vn -0.4688 -0.0000 -0.8833
vn 0.3923 -0.0000 0.9198
vn -0.1517 -0.0000 -0.9884
vn -0.4730 -0.0000 -0.8811
vn 0.9983 -0.0000 0.0575
vn -0.1309 -0.0000 -0.9914
vn -0.4772 -0.0000 -0.8788
vn 0.3234 -0.0000 -0.9463
vn -0.0683 -0.0000 -0.9977
vn -0.4813 -0.0000 -0.8765
vn 0.3432 -0.0000 -0.9393
vn -0.0263 -0.0000 -0.9997
vn -0.4855 -0.0000 -0.8742
vn 0.3823 -0.0000 -0.9240
vn -0.0053 -0.0000 -1.0000
vn -0.4897 -0.0000 -0.8719
vn 0.4208 -0.0000 -0.9072
vn 0.9157 -0.0000 -0.4020
vn -0.4938 -0.0000 -0.8696
vn 0.4585 -0.0000 -0.8887
vn 0.7736 -0.0000 0.6337
vn -0.4979 -0.0000 -0.8672
vn 0.9940 -0.0000 0.1097
vn 0.7601 -0.0000 0.6498
vn -0.5021 -0.0000 -0.8648
vn 1.0000 -0.0000 0.0052
vn 0.7463 -0.0000 0.6656
vn -0.5062 -0.0000 -0.8624
vn 0.0024 -0.0000 1.0000
vn 0.7867 -0.0000 0.6173
vn -0.5103 -0.0000 -0.8600
vn 0.0071 -0.0000 1.0000
vn 0.7995 -0.0000 0.6006
vn -0.5144 -0.0000 -0.8576
vn 0.0119 -0.0000 0.9999
vn 0.8119 -0.0000 0.5837
vn -0.5184 -0.0000 -0.8551
vn 0.0167 -0.0000 0.9999
vn 0.8357 -0.0000 0.5491
vn -0.5225 -0.0000 -0.8526
vn 0.0214 -0.0000 0.9998
vn 0.8471 -0.0000 0.5315
vn -0.5265 -0.0000 -0.8501
vn 0.0262 -0.0000 0.9997
vn 0.8581 -0.0000 0.5136
vn -0.5306 -0.0000 -0.8476
vn 0.0309 -0.0000 0.9995
vn 0.8415 -0.0000 -0.5403
vn -0.5346 -0.0000 -0.8451
vn 0.0357 -0.0000 0.9994
vn -0.2945 -0.0000 -0.9556
vn -0.5386 -0.0000 -0.8425
vn 0.0404 -0.0000 0.9992
vn -0.2744 -0.0000 -0.9616
vn -0.5426 -0.0000 -0.8400
vn 0.0452 -0.0000 0.9990
vn 0.8686 -0.0000 -0.4955
vn -0.5466 -0.0000 -0.8374
vn 0.0500 -0.0000 0.9987
vn 0.8356 -0.0000 0.5493
vn -0.5506 -0.0000 -0.8348
vn 0.0547 -0.0000 0.9985
vn 0.8239 -0.0000 0.5668
vn -0.5546 -0.0000 -0.8321
vn 0.0595 -0.0000 0.9982
vn 0.8118 -0.0000 0.5839
vn -0.5585 -0.0000 -0.8295
vn 0.0642 -0.0000 0.9979
vn 0.8470 -0.0000 0.5317
vn -0.5625 -0.0000 -0.8268
vn 0.0690 -0.0000 0.9976
vn 0.8685 -0.0000 0.4957
vn -0.5664 -0.0000 -0.8241
vn 0.0737 -0.0000 0.9973
vn 0.8787 -0.0000 0.4773
vn -0.5703 -0.0000 -0.8214
vn 0.0785 -0.0000 0.9969
vn 0.8886 -0.0000 0.4588
vn -0.5742 -0.0000 -0.8187
vn 0.0832 -0.0000 0.9965
vn 0.8980 -0.0000 0.4400
vn -0.5781 -0.0000 -0.8160
vn 0.0879 -0.0000 0.9961
vn 0.7804 -0.0000 -0.6253
vn -0.5820 -0.0000 -0.8132
vn 0.0927 -0.0000 0.9957
vn -0.3928 -0.0000 -0.9196
vn -0.5859 -0.0000 -0.8104
vn 0.0974 -0.0000 0.9952
vn -0.3734 -0.0000 -0.9277
vn -0.5897 -0.0000 -0.8076
vn 0.1021 -0.0000 0.9948
vn -0.3342 -0.0000 -0.9425
vn -0.5935 -0.0000 -0.8048
vn 0.1069 -0.0000 0.9943
vn -0.3143 -0.0000 -0.9493
vn -0.5974 -0.0000 -0.8020
vn 0.1116 -0.0000 0.9938
vn -0.2943 -0.0000 -0.9557
vn -0.6012 -0.0000 -0.7991
vn 0.1163 -0.0000 0.9932
vn -0.2742 -0.0000 -0.9617
vn -0.6050 -0.0000 -0.7962
vn 0.1211 -0.0000 0.9926
vn -0.2539 -0.0000 -0.9672
vn -0.6088 -0.0000 -0.7934
vn 0.1258 -0.0000 0.9921
vn -0.2131 -0.0000 -0.9770
vn -0.6125 -0.0000 -0.7904
vn 0.1305 -0.0000 0.9914
vn 0.8121 -0.0000 -0.5836
vn -0.6163 -0.0000 -0.7875
vn 0.1352 -0.0000 0.9908
vn 0.8884 -0.0000 0.4590
vn -0.6200 -0.0000 -0.7846
vn 0.1399 -0.0000 0.9902
vn 0.8786 -0.0000 0.4775
vn -0.6238 -0.0000 -0.7816
vn 0.1447 -0.0000 0.9895
vn 0.8979 -0.0000 0.4402
vn -0.6275 -0.0000 -0.7786
vn 0.1494 -0.0000 0.9888
vn 0.9069 -0.0000 0.4213
vn -0.6312 -0.0000 -0.7757
vn 0.1541 -0.0000 0.9881
vn 0.9156 -0.0000 0.4022
vn -0.6349 -0.0000 -0.7726
vn 0.1588 -0.0000 0.9873
vn 0.9238 -0.0000 0.3828
vn -0.6385 -0.0000 -0.7696
vn 0.1635 -0.0000 0.9865
vn 0.9391 -0.0000 0.3437
vn -0.6422 -0.0000 -0.7666
vn 0.1682 -0.0000 0.9858
vn 0.9461 -0.0000 0.3239
vn -0.6458 -0.0000 -0.7635
vn 0.1729 -0.0000 0.9849
vn 0.7108 -0.0000 -0.7034
vn -0.6494 -0.0000 -0.7604
vn 0.1775 -0.0000 0.9841
vn -0.4868 -0.0000 -0.8735
vn -0.6531 -0.0000 -0.7573
vn 0.1822 -0.0000 0.9833
vn -0.4497 -0.0000 -0.8932
vn -0.6567 -0.0000 -0.7542
vn 0.1869 -0.0000 0.9824
vn -0.4309 -0.0000 -0.9024
vn -0.6602 -0.0000 -0.7511
vn 0.1916 -0.0000 0.9815
vn -0.4118 -0.0000 -0.9113
vn -0.6638 -0.0000 -0.7479
vn 0.1963 -0.0000 0.9806
vn -0.3732 -0.0000 -0.9278
vn -0.6674 -0.0000 -0.7447
vn 0.2009 -0.0000 0.9796
vn -0.3536 -0.0000 -0.9354
vn -0.6709 -0.0000 -0.7415
vn 0.2056 -0.0000 0.9786
vn -0.3141 -0.0000 -0.9494
vn -0.6744 -0.0000 -0.7384
vn 0.2102 -0.0000 0.9776
vn 0.7466 -0.0000 -0.6652
vn -0.6779 -0.0000 -0.7351
vn 0.2149 -0.0000 0.9766
vn 0.9316 -0.0000 0.3636
vn -0.6814 -0.0000 -0.7319
vn 0.2195 -0.0000 0.9756
vn 0.9237 -0.0000 0.3831
vn -0.6849 -0.0000 -0.7286
vn 0.2242 -0.0000 0.9745
vn 0.9155 -0.0000 0.4024
vn -0.6884 -0.0000 -0.7254
vn 0.2288 -0.0000 0.9735
vn 0.9390 -0.0000 0.3440
vn -0.6918 -0.0000 -0.7221
vn 0.2334 -0.0000 0.9724
vn 0.9460 -0.0000 0.3242
vn -0.6952 -0.0000 -0.7188
vn 0.2381 -0.0000 0.9712
vn 0.9526 -0.0000 0.3043
vn -0.6986 -0.0000 -0.7155
vn 0.2427 -0.0000 0.9701
vn 0.9588 -0.0000 0.2842
vn -0.7020 -0.0000 -0.7121
vn 0.2473 -0.0000 0.9689
vn 0.9645 -0.0000 0.2640
vn -0.7054 -0.0000 -0.7088
vn 0.2519 -0.0000 0.9678
vn 0.9699 -0.0000 0.2437
vn -0.7088 -0.0000 -0.7054
vn 0.2565 -0.0000 0.9665
vn 0.9748 -0.0000 0.2233
vn -0.7121 -0.0000 -0.7020
vn 0.2611 -0.0000 0.9653
vn -0.5754 -0.0000 -0.8178
vn -0.7155 -0.0000 -0.6986
vn 0.2657 -0.0000 0.9641
vn -0.5581 -0.0000 -0.8297
vn -0.7188 -0.0000 -0.6952
vn 0.2703 -0.0000 0.9628
vn -0.5048 -0.0000 -0.8632
vn -0.7221 -0.0000 -0.6918
vn 0.2749 -0.0000 0.9615
vn -0.4866 -0.0000 -0.8736
vn -0.7254 -0.0000 -0.6884
vn 0.2794 -0.0000 0.9602
vn -0.4116 -0.0000 -0.9114
vn -0.7286 -0.0000 -0.6849
vn 0.2840 -0.0000 0.9588
vn 0.6730 -0.0000 -0.7396
vn -0.7319 -0.0000 -0.6814
vn 0.2886 -0.0000 0.9575
vn 0.9645 -0.0000 0.2642
vn -0.7351 -0.0000 -0.6779
vn 0.2931 -0.0000 0.9561
vn 0.9587 -0.0000 0.2844
vn -0.7383 -0.0000 -0.6744
vn 0.2977 -0.0000 0.9547
vn 0.9525 -0.0000 0.3045
vn -0.7416 -0.0000 -0.6709
vn 0.3022 -0.0000 0.9532
vn 0.9698 -0.0000 0.2439
vn -0.7447 -0.0000 -0.6674
vn 0.3067 -0.0000 0.9518
vn 0.9747 -0.0000 0.2235
vn -0.7479 -0.0000 -0.6638
vn 0.3113 -0.0000 0.9503
vn 0.9792 -0.0000 0.2030
vn -0.7511 -0.0000 -0.6602
vn 0.3158 -0.0000 0.9488
vn 0.9832 -0.0000 0.1824
vn -0.7542 -0.0000 -0.6567
vn 0.3203 -0.0000 0.9473
vn 0.9868 -0.0000 0.1617
vn -0.7573 -0.0000 -0.6531
vn 0.3248 -0.0000 0.9458
vn 0.9900 -0.0000 0.1410
vn -0.7604 -0.0000 -0.6494
vn 0.3293 -0.0000 0.9442
vn 0.9928 -0.0000 0.1202
vn -0.7635 -0.0000 -0.6458
vn 0.3338 -0.0000 0.9426
vn 0.5490 -0.0000 -0.8358
vn -0.7666 -0.0000 -0.6422
vn 0.3383 -0.0000 0.9410
vn -0.6578 -0.0000 -0.7532
vn -0.7696 -0.0000 -0.6385
vn 0.3428 -0.0000 0.9394
vn -0.6256 -0.0000 -0.7802
vn -0.7726 -0.0000 -0.6348
vn 0.3472 -0.0000 0.9378
vn -0.5752 -0.0000 -0.8180
vn -0.7757 -0.0000 -0.6312
vn 0.3517 -0.0000 0.9361
vn -0.5579 -0.0000 -0.8299
vn -0.7786 -0.0000 -0.6275
vn 0.3562 -0.0000 0.9344
vn -0.5404 -0.0000 -0.8414
vn -0.7816 -0.0000 -0.6238
vn 0.3606 -0.0000 0.9327
vn -0.5226 -0.0000 -0.8526
vn -0.7846 -0.0000 -0.6200
vn 0.3650 -0.0000 0.9310
vn 0.5920 -0.0000 -0.8059
vn -0.7875 -0.0000 -0.6163
vn 0.3695 -0.0000 0.9292
vn 0.9868 -0.0000 0.1620
vn -0.7905 -0.0000 -0.6125
vn 0.3739 -0.0000 0.9275
vn 0.9832 -0.0000 0.1827
vn -0.7934 -0.0000 -0.6088
vn 0.3783 -0.0000 0.9257
vn 0.9791 -0.0000 0.2033
vn -0.7962 -0.0000 -0.6050
vn 0.3827 -0.0000 0.9239
vn 0.9900 -0.0000 0.1412
vn -0.7991 -0.0000 -0.6012
vn 0.3871 -0.0000 0.9220
vn 0.9927 -0.0000 0.1204
vn -0.8020 -0.0000 -0.5974
vn 0.3915 -0.0000 0.9202
vn 0.9950 -0.0000 0.0995
vn -0.8048 -0.0000 -0.5935
vn 0.3958 -0.0000 0.9183
vn 0.9969 -0.0000 0.0786
vn -0.8076 -0.0000 -0.5897
vn 0.4002 -0.0000 0.9164
vn 0.9999 -0.0000 0.0157
vn -0.8104 -0.0000 -0.5859
vn 0.4046 -0.0000 0.9145
vn 0.4586 -0.0000 -0.8886
vn -0.8132 -0.0000 -0.5820
vn 0.4089 -0.0000 0.9126
vn -0.7329 -0.0000 -0.6803
vn -0.8160 -0.0000 -0.5781
vn 0.4132 -0.0000 0.9106
vn -0.7037 -0.0000 -0.7105
vn -0.8187 -0.0000 -0.5742
vn 0.4176 -0.0000 0.9086
vn -0.6576 -0.0000 -0.7534
vn -0.8214 -0.0000 -0.5703
vn 0.4219 -0.0000 0.9066
vn -0.5921 -0.0000 -0.8059
vn -0.8241 -0.0000 -0.5664
vn 0.4262 -0.0000 0.9046
vn 0.5045 -0.0000 -0.8634
vn -0.8268 -0.0000 -0.5625
vn 0.4305 -0.0000 0.9026
vn 0.9983 -0.0000 0.0579
vn -0.8295 -0.0000 -0.5585
vn 0.4348 -0.0000 0.9005
vn 0.9969 -0.0000 0.0789
vn -0.8321 -0.0000 -0.5546
vn 0.4391 -0.0000 0.8984
vn 0.9950 -0.0000 0.0998
vn -0.8348 -0.0000 -0.5506
vn 0.4434 -0.0000 0.8963
vn 0.9993 -0.0000 0.0370
vn -0.8374 -0.0000 -0.5466
vn 0.4476 -0.0000 0.8942
vn 0.9999 -0.0000 0.0160
vn -0.8400 -0.0000 -0.5426
vn 0.4519 -0.0000 0.8921
vn 1.0000 -0.0000 -0.0050
vn -0.8425 -0.0000 -0.5386
vn 0.4561 -0.0000 0.8899
vn 0.9997 -0.0000 -0.0260
vn -0.8451 -0.0000 -0.5346
vn 0.4603 -0.0000 0.8877
vn 0.9989 -0.0000 -0.0470
vn -0.8476 -0.0000 -0.5306
vn 0.4646 -0.0000 0.8855
vn 0.9977 -0.0000 -0.0679
vn -0.8501 -0.0000 -0.5265
vn 0.4688 -0.0000 0.8833
vn 0.3632 -0.0000 -0.9317
vn -0.8526 -0.0000 -0.5225
vn 0.4730 -0.0000 0.8811
vn -0.7741 -0.0000 -0.6331
vn -0.8551 -0.0000 -0.5184
vn 0.4772 -0.0000 0.8788
vn -0.7607 -0.0000 -0.6492
vn -0.8576 -0.0000 -0.5144
vn 0.4813 -0.0000 0.8765
vn -0.7469 -0.0000 -0.6650
vn -0.8600 -0.0000 -0.5103
vn 0.4855 -0.0000 0.8742
vn -0.7327 -0.0000 -0.6805
vn -0.8624 -0.0000 -0.5062
vn 0.4897 -0.0000 0.8719
vn -0.7183 -0.0000 -0.6958
vn -0.8648 -0.0000 -0.5020
vn 0.4938 -0.0000 0.8696
vn -0.7035 -0.0000 -0.7107
vn -0.8672 -0.0000 -0.4979
vn 0.4979 -0.0000 0.8672
vn 0.4115 -0.0000 -0.9114
vn -0.8696 -0.0000 -0.4938
vn 0.5021 -0.0000 0.8648
vn 0.9989 -0.0000 -0.0467
vn -0.8719 -0.0000 -0.4897
vn 0.5062 -0.0000 0.8624
vn 0.9997 -0.0000 -0.0257
vn -0.8742 -0.0000 -0.4855
vn 0.5103 -0.0000 0.8600
vn 1.0000 -0.0000 -0.0047
vn -0.8765 -0.0000 -0.4813
vn 0.5144 -0.0000 0.8576
vn 0.9961 -0.0000 -0.0886
vn -0.8788 -0.0000 -0.4772
vn 0.5184 -0.0000 0.8551
vn 0.9940 -0.0000 -0.1095
vn -0.8811 -0.0000 -0.4730
vn 0.5225 -0.0000 0.8526
vn 0.9851 -0.0000 -0.1719
vn -0.8833 -0.0000 -0.4688
vn 0.5265 -0.0000 0.8501
vn 0.9813 -0.0000 -0.1925
vn -0.8855 -0.0000 -0.4646
vn 0.5306 -0.0000 0.8476
vn 0.2639 -0.0000 -0.9646
vn -0.8877 -0.0000 -0.4603
vn 0.5346 -0.0000 0.8451
vn -0.8360 -0.0000 -0.5487
vn -0.8899 -0.0000 -0.4561
vn 0.5386 -0.0000 0.8425
vn -0.8123 -0.0000 -0.5833
vn -0.8921 -0.0000 -0.4519
vn 0.5426 -0.0000 0.8400
vn -0.7871 -0.0000 -0.6169
vn -0.8942 -0.0000 -0.4476
vn 0.5466 -0.0000 0.8374
vn 0.3140 -0.0000 -0.9494
vn -0.8963 -0.0000 -0.4434
vn 0.5506 -0.0000 0.8348
vn 0.9885 -0.0000 -0.1509
vn -0.8984 -0.0000 -0.4391
vn 0.5546 -0.0000 0.8321
vn 0.9915 -0.0000 -0.1301
vn -0.9005 -0.0000 -0.4348
vn 0.5585 -0.0000 0.8295
vn 0.9940 -0.0000 -0.1093
vn -0.9026 -0.0000 -0.4305
vn 0.5625 -0.0000 0.8268
vn 0.9813 -0.0000 -0.1922
vn -0.9046 -0.0000 -0.4262
vn 0.5664 -0.0000 0.8241
vn 0.9771 -0.0000 -0.2128
vn -0.9066 -0.0000 -0.4219
vn 0.5703 -0.0000 0.8214
vn 0.9673 -0.0000 -0.2536
vn -0.9086 -0.0000 -0.4176
vn 0.5742 -0.0000 0.8187
vn 0.9618 -0.0000 -0.2739
vn -0.9106 -0.0000 -0.4133
vn 0.5781 -0.0000 0.8160
vn 0.9558 -0.0000 -0.2940
vn -0.9126 -0.0000 -0.4089
vn 0.5820 -0.0000 0.8132
vn 0.1616 -0.0000 -0.9869
vn -0.9145 -0.0000 -0.4046
vn 0.5859 -0.0000 0.8104
vn -0.9073 -0.0000 -0.4205
vn -0.9164 -0.0000 -0.4002
vn 0.5897 -0.0000 0.8076
vn -0.8982 -0.0000 -0.4395
vn -0.9183 -0.0000 -0.3958
vn 0.5935 -0.0000 0.8048
vn -0.8888 -0.0000 -0.4583
vn -0.9202 -0.0000 -0.3915
vn 0.5974 -0.0000 0.8020
vn -0.8790 -0.0000 -0.4768
vn -0.9221 -0.0000 -0.3871
vn 0.6012 -0.0000 0.7991
vn -0.8688 -0.0000 -0.4952
vn -0.9239 -0.0000 -0.3827
vn 0.6050 -0.0000 0.7962
vn -0.8359 -0.0000 -0.5489
vn -0.9257 -0.0000 -0.3783
vn 0.6088 -0.0000 0.7934
vn -0.8242 -0.0000 -0.5663
vn -0.9275 -0.0000 -0.3739
vn 0.6125 -0.0000 0.7904
vn -0.8121 -0.0000 -0.5835
vn -0.9292 -0.0000 -0.3695
vn 0.6163 -0.0000 0.7875
vn 0.2130 -0.0000 -0.9771
vn -0.9310 -0.0000 -0.3650
vn 0.6200 -0.0000 0.7846
vn 0.9674 -0.0000 -0.2534
vn -0.9327 -0.0000 -0.3606
vn 0.6238 -0.0000 0.7816
vn 0.9725 -0.0000 -0.2330
vn -0.9344 -0.0000 -0.3562
vn 0.6275 -0.0000 0.7786
vn 0.9771 -0.0000 -0.2126
vn -0.9361 -0.0000 -0.3517
vn 0.6312 -0.0000 0.7757
vn 0.9559 -0.0000 -0.2938
vn -0.9378 -0.0000 -0.3472
vn 0.6349 -0.0000 0.7726
vn 0.9495 -0.0000 -0.3138
vn -0.9394 -0.0000 -0.3428
vn 0.6385 -0.0000 0.7696
vn 0.9355 -0.0000 -0.3534
vn -0.9410 -0.0000 -0.3383
vn 0.6422 -0.0000 0.7666
vn 0.9279 -0.0000 -0.3729
vn -0.9426 -0.0000 -0.3338
vn 0.6458 -0.0000 0.7635
vn 0.9198 -0.0000 -0.3923
vn -0.9442 -0.0000 -0.3293
vn 0.6494 -0.0000 0.7604
vn -0.9463 -0.0000 -0.3234
vn -0.9458 -0.0000 -0.3248
vn 0.6531 -0.0000 0.7573
vn -0.9393 -0.0000 -0.3432
vn -0.9473 -0.0000 -0.3203
vn 0.6567 -0.0000 0.7542
vn -0.9318 -0.0000 -0.3628
vn -0.9488 -0.0000 -0.3158
vn 0.6602 -0.0000 0.7511
vn -0.9240 -0.0000 -0.3823
vn -0.9503 -0.0000 -0.3113
vn 0.6638 -0.0000 0.7479
vn -0.8981 -0.0000 -0.4397
vn -0.9518 -0.0000 -0.3067
vn 0.6674 -0.0000 0.7447
vn -0.8789 -0.0000 -0.4771
vn -0.9532 -0.0000 -0.3022
vn 0.6709 -0.0000 0.7415
vn -0.8687 -0.0000 -0.4954
vn -0.9547 -0.0000 -0.2977
vn 0.6744 -0.0000 0.7384
vn 0.1097 -0.0000 -0.9940
vn -0.9561 -0.0000 -0.2931
vn 0.6779 -0.0000 0.7351
vn 0.9356 -0.0000 -0.3531
vn -0.9575 -0.0000 -0.2886
vn 0.6814 -0.0000 0.7319
vn 0.9428 -0.0000 -0.3334
vn -0.9588 -0.0000 -0.2840
vn 0.6849 -0.0000 0.7286
vn 0.9280 -0.0000 -0.3727
vn -0.9602 -0.0000 -0.2794
vn 0.6884 -0.0000 0.7254
vn 0.9199 -0.0000 -0.3921
vn -0.9615 -0.0000 -0.2749
vn 0.6918 -0.0000 0.7221
vn 0.9115 -0.0000 -0.4113
vn -0.9628 -0.0000 -0.2703
vn 0.6952 -0.0000 0.7188
vn 0.9027 -0.0000 -0.4303
vn -0.9640 -0.0000 -0.2657
vn 0.6986 -0.0000 0.7155
vn 0.8934 -0.0000 -0.4492
vn -0.9653 -0.0000 -0.2611
vn 0.7020 -0.0000 0.7121
vn 0.8838 -0.0000 -0.4679
vn -0.9665 -0.0000 -0.2565
vn 0.7054 -0.0000 0.7088
vn -0.0471 -0.0000 -0.9989
vn -0.9677 -0.0000 -0.2519
vn 0.7088 -0.0000 0.7054
vn -0.9647 -0.0000 -0.2634
vn -0.9689 -0.0000 -0.2473
vn 0.7121 -0.0000 0.7020
vn -0.9462 -0.0000 -0.3237
vn -0.9701 -0.0000 -0.2427
vn 0.7155 -0.0000 0.6986
vn 0.0052 -0.0000 -1.0000
vn -0.9712 -0.0000 -0.2381
vn 0.7188 -0.0000 0.6952
vn 0.9028 -0.0000 -0.4301
vn -0.9724 -0.0000 -0.2334
vn 0.7221 -0.0000 0.6918
vn 0.9116 -0.0000 -0.4111
vn -0.9735 -0.0000 -0.2288
vn 0.7254 -0.0000 0.6884
vn 0.8839 -0.0000 -0.4676
vn -0.9745 -0.0000 -0.2242
vn 0.7286 -0.0000 0.6849
vn 0.8739 -0.0000 -0.4861
vn -0.9756 -0.0000 -0.2195
vn 0.7319 -0.0000 0.6814
vn 0.8635 -0.0000 -0.5043
vn -0.9766 -0.0000 -0.2149
vn 0.7351 -0.0000 0.6779
vn 0.8527 -0.0000 -0.5224
vn -0.9777 -0.0000 -0.2102
vn 0.7383 -0.0000 0.6744
vn 0.8416 -0.0000 -0.5401
vn -0.9786 -0.0000 -0.2056
vn 0.7416 -0.0000 0.6709
vn 0.8301 -0.0000 -0.5577
vn -0.9796 -0.0000 -0.2009
vn 0.7447 -0.0000 0.6674
vn 0.8182 -0.0000 -0.5750
vn -0.9806 -0.0000 -0.1963
vn 0.7479 -0.0000 0.6638
vn -0.1513 -0.0000 -0.9885
vn -0.9815 -0.0000 -0.1916
vn 0.7511 -0.0000 0.6602
vn -0.9928 -0.0000 -0.1196
vn -0.9824 -0.0000 -0.1869
vn 0.7542 -0.0000 0.6567
vn -0.9901 -0.0000 -0.1404
vn -0.9833 -0.0000 -0.1822
vn 0.7573 -0.0000 0.6531
vn -0.9869 -0.0000 -0.1612
vn -0.9841 -0.0000 -0.1775
vn 0.7604 -0.0000 0.6494
vn -0.9793 -0.0000 -0.2025
vn -0.9849 -0.0000 -0.1729
vn 0.7635 -0.0000 0.6458
vn -0.9748 -0.0000 -0.2230
vn -0.9858 -0.0000 -0.1682
vn 0.7666 -0.0000 0.6422
vn -0.9646 -0.0000 -0.2637
vn -0.9865 -0.0000 -0.1635
vn 0.7696 -0.0000 0.6385
vn -0.9589 -0.0000 -0.2839
vn -0.9873 -0.0000 -0.1588
vn 0.7726 -0.0000 0.6348
vn -0.9527 -0.0000 -0.3040
vn -0.9881 -0.0000 -0.1541
vn 0.7757 -0.0000 0.6312
vn -0.0993 -0.0000 -0.9951
vn -0.9888 -0.0000 -0.1494
vn 0.7786 -0.0000 0.6275
vn 0.8636 -0.0000 -0.5041
vn -0.9895 -0.0000 -0.1447
vn 0.7816 -0.0000 0.6238
vn 0.8302 -0.0000 -0.5575
vn -0.9902 -0.0000 -0.1400
vn 0.7846 -0.0000 0.6200
vn 0.8061 -0.0000 -0.5918
vn -0.9908 -0.0000 -0.1352
vn 0.7875 -0.0000 0.6163
vn 0.7672 -0.0000 -0.6414
vn -0.9914 -0.0000 -0.1305
vn 0.7905 -0.0000 0.6125
vn 0.7536 -0.0000 -0.6574
vn -0.9921 -0.0000 -0.1258
vn 0.7934 -0.0000 0.6088
vn -0.2538 -0.0000 -0.9673
vn -0.9926 -0.0000 -0.1211
vn 0.7962 -0.0000 0.6050
vn -0.9999 -0.0000 -0.0152
vn -0.9932 -0.0000 -0.1163
vn 0.7991 -0.0000 0.6012
vn -0.9993 -0.0000 -0.0362
vn -0.9938 -0.0000 -0.1116
vn 0.8020 -0.0000 0.5974
vn -0.9984 -0.0000 -0.0571
vn -0.9943 -0.0000 -0.1069
vn 0.8048 -0.0000 0.5935
vn -0.9969 -0.0000 -0.0781
vn -0.9948 -0.0000 -0.1022
vn 0.8076 -0.0000 0.5897
vn -0.9901 -0.0000 -0.1407
vn -0.9952 -0.0000 -0.0974
vn 0.8104 -0.0000 0.5859
vn -0.9869 -0.0000 -0.1614
vn -0.9957 -0.0000 -0.0927
vn 0.8132 -0.0000 0.5820
vn -0.9833 -0.0000 -0.1821
vn -0.9961 -0.0000 -0.0879
vn 0.8160 -0.0000 0.5781
vn -0.9792 -0.0000 -0.2027
vn -0.9965 -0.0000 -0.0832
vn 0.8187 -0.0000 0.5742
vn -0.2028 -0.0000 -0.9792
vn -0.9969 -0.0000 -0.0785
vn 0.8214 -0.0000 0.5703
vn 0.7807 -0.0000 -0.6250
vn -0.9973 -0.0000 -0.0737
vn 0.8241 -0.0000 0.5664
vn 0.8062 -0.0000 -0.5916
vn -0.9976 -0.0000 -0.0690
vn 0.8268 -0.0000 0.5625
vn 0.7674 -0.0000 -0.6412
vn -0.9979 -0.0000 -0.0642
vn 0.8295 -0.0000 0.5585
vn 0.7538 -0.0000 -0.6572
vn -0.9982 -0.0000 -0.0595
vn 0.8321 -0.0000 0.5546
vn 0.7398 -0.0000 -0.6728
vn -0.9985 -0.0000 -0.0547
vn 0.8348 -0.0000 0.5506
vn 0.7255 -0.0000 -0.6882
vn -0.9987 -0.0000 -0.0500
vn 0.8374 -0.0000 0.5466
vn 0.7109 -0.0000 -0.7033
vn -0.9990 -0.0000 -0.0452
vn 0.8400 -0.0000 0.5426
vn 0.6960 -0.0000 -0.7181
vn -0.9992 -0.0000 -0.0405
vn 0.8425 -0.0000 0.5386
vn 0.6807 -0.0000 -0.7325
vn -0.9994 -0.0000 -0.0357
vn 0.8451 -0.0000 0.5346
vn -0.3535 -0.0000 -0.9354
vn -0.9995 -0.0000 -0.0309
vn 0.8476 -0.0000 0.5306
vn -0.9960 -0.0000 0.0894
vn -0.9997 -0.0000 -0.0262
vn 0.8501 -0.0000 0.5265
vn -0.9977 -0.0000 0.0685
vn -0.9998 -0.0000 -0.0214
vn 0.8526 -0.0000 0.5225
vn -0.9984 -0.0000 -0.0574
vn -0.9999 -0.0000 -0.0167
vn 0.8551 -0.0000 0.5184
vn -0.9969 -0.0000 -0.0783
vn -0.9999 -0.0000 -0.0119
vn 0.8576 -0.0000 0.5144
vn -0.9951 -0.0000 -0.0993
vn -1.0000 -0.0000 -0.0071
vn 0.8600 -0.0000 0.5103
vn -0.3041 -0.0000 -0.9527
vn -1.0000 -0.0000 -0.0024
vn 0.8624 -0.0000 0.5062
vn 0.7111 -0.0000 -0.7031
vn -1.0000 -0.0000 0.0024
vn 0.8648 -0.0000 0.5020
vn 0.7257 -0.0000 -0.6880
vn -1.0000 -0.0000 0.0071
vn 0.8672 -0.0000 0.4979
vn 0.7400 -0.0000 -0.6727
vn -0.9999 -0.0000 0.0119
vn 0.8696 -0.0000 0.4938
vn 0.6962 -0.0000 -0.7179
vn -0.9999 -0.0000 0.0167
vn 0.8719 -0.0000 0.4897
vn 0.6809 -0.0000 -0.7323
vn -0.9998 -0.0000 0.0214
vn 0.8742 -0.0000 0.4855
vn 0.6654 -0.0000 -0.7465
vn -0.9997 -0.0000 0.0262
vn 0.8765 -0.0000 0.4813
vn 0.6496 -0.0000 -0.7603
vn -0.9995 -0.0000 0.0309
vn 0.8788 -0.0000 0.4772
vn 0.6335 -0.0000 -0.7738
vn -0.9994 -0.0000 0.0357
vn 0.8811 -0.0000 0.4730
vn 0.6171 -0.0000 -0.7869
vn -0.9992 -0.0000 0.0405
vn 0.8833 -0.0000 0.4688
vn 0.6004 -0.0000 -0.7997
vn -0.9990 -0.0000 0.0452
vn 0.8855 -0.0000 0.4646
vn -0.4493 -0.0000 -0.8934
vn -0.9987 -0.0000 0.0500
vn 0.8877 -0.0000 0.4603
vn -0.9812 -0.0000 0.1930
vn -0.9985 -0.0000 0.0547
vn 0.8899 -0.0000 0.4561
vn -0.9850 -0.0000 0.1724
vn -0.9982 -0.0000 0.0595
vn 0.8921 -0.0000 0.4519
vn -0.9914 -0.0000 0.1309
vn -0.9979 -0.0000 0.0642
vn 0.8942 -0.0000 0.4476
vn -0.9939 -0.0000 0.1101
vn -0.9976 -0.0000 0.0690
vn 0.8963 -0.0000 0.4434
vn -0.9960 -0.0000 0.0892
vn -0.9973 -0.0000 0.0737
vn 0.8984 -0.0000 0.4391
vn -1.0000 -0.0000 0.0053
vn -0.9969 -0.0000 0.0785
vn 0.9005 -0.0000 0.4348
vn 0.6337 -0.0000 -0.7736
vn -0.9965 -0.0000 0.0832
vn 0.9026 -0.0000 0.4305
vn 0.6498 -0.0000 -0.7601
vn -0.9961 -0.0000 0.0879
vn 0.9046 -0.0000 0.4262
vn 0.6656 -0.0000 -0.7463
vn -0.9957 -0.0000 0.0927
vn 0.9066 -0.0000 0.4219
vn 0.6173 -0.0000 -0.7867
vn -0.9952 -0.0000 0.0974
vn 0.9086 -0.0000 0.4176
vn 0.6006 -0.0000 -0.7995
vn -0.9948 -0.0000 0.1022
vn 0.9106 -0.0000 0.4133
vn 0.5837 -0.0000 -0.8119
vn -0.9943 -0.0000 0.1069
vn 0.9126 -0.0000 0.4089
vn 0.5665 -0.0000 -0.8240
vn -0.9938 -0.0000 0.1116
vn 0.9145 -0.0000 0.4046
vn 0.5491 -0.0000 -0.8357
vn -0.9932 -0.0000 0.1163
vn 0.9164 -0.0000 0.4002
vn 0.5315 -0.0000 -0.8471
vn -0.9926 -0.0000 0.1211
vn 0.9183 -0.0000 0.3958
vn -0.5403 -0.0000 -0.8415
vn -0.9921 -0.0000 0.1258
vn 0.9202 -0.0000 0.3915
vn -0.9556 -0.0000 0.2945
vn -0.9914 -0.0000 0.1305
vn 0.9221 -0.0000 0.3871
vn -0.9616 -0.0000 0.2744
vn -0.9908 -0.0000 0.1352
vn 0.9239 -0.0000 0.3827
vn -0.9723 -0.0000 0.2338
vn -0.9902 -0.0000 0.1400
vn 0.9257 -0.0000 0.3783
vn -0.9851 -0.0000 0.1722
vn -0.9895 -0.0000 0.1447
vn 0.9275 -0.0000 0.3739
vn -0.9885 -0.0000 0.1514
vn -0.9888 -0.0000 0.1494
vn 0.9292 -0.0000 0.3695
vn -0.9914 -0.0000 0.1307
vn -0.9881 -0.0000 0.1541
vn 0.9310 -0.0000 0.3650
vn -0.9940 -0.0000 0.1098
vn -0.9873 -0.0000 0.1588
vn 0.9327 -0.0000 0.3606
vn -0.4955 -0.0000 -0.8686
vn -0.9865 -0.0000 0.1635
vn 0.9344 -0.0000 0.3562
vn 0.5667 -0.0000 -0.8239
vn -0.9858 -0.0000 0.1682
vn 0.9361 -0.0000 0.3517
vn 0.5839 -0.0000 -0.8118
vn -0.9849 -0.0000 0.1729
vn 0.9378 -0.0000 0.3472
vn 0.5317 -0.0000 -0.8469
vn -0.9841 -0.0000 0.1775
vn 0.9394 -0.0000 0.3428
vn 0.5138 -0.0000 -0.8579
vn -0.9833 -0.0000 0.1822
vn 0.9410 -0.0000 0.3383
vn 0.4957 -0.0000 -0.8685
vn -0.9824 -0.0000 0.1869
vn 0.9426 -0.0000 0.3338
vn 0.4773 -0.0000 -0.8787
vn -0.9815 -0.0000 0.1916
vn 0.9442 -0.0000 0.3293
vn 0.4588 -0.0000 -0.8886
vn -0.9806 -0.0000 0.1963
vn 0.9458 -0.0000 0.3248
vn 0.4400 -0.0000 -0.8980
vn -0.9796 -0.0000 0.2009
vn 0.9473 -0.0000 0.3203
vn 0.4211 -0.0000 -0.9070
vn -0.9786 -0.0000 0.2056
vn 0.9488 -0.0000 0.3158
vn -0.6253 -0.0000 -0.7804
vn -0.9777 -0.0000 0.2102
vn 0.9503 -0.0000 0.3113
vn -0.9196 -0.0000 0.3928
vn -0.9766 -0.0000 0.2149
vn 0.9518 -0.0000 0.3067
vn -0.9277 -0.0000 0.3734
vn -0.9756 -0.0000 0.2195
vn 0.9532 -0.0000 0.3022
vn -0.9353 -0.0000 0.3539
vn -0.9745 -0.0000 0.2242
vn 0.9547 -0.0000 0.2977
vn -0.9493 -0.0000 0.3143
vn -0.9735 -0.0000 0.2288
vn 0.9561 -0.0000 0.2931
vn -0.9557 -0.0000 0.2943
vn -0.9724 -0.0000 0.2334
vn 0.9575 -0.0000 0.2886
vn -0.9617 -0.0000 0.2742
vn -0.9712 -0.0000 0.2381
vn 0.9588 -0.0000 0.2840
vn -0.9723 -0.0000 0.2336
vn -0.9701 -0.0000 0.2427
vn 0.9602 -0.0000 0.2794
vn -0.9770 -0.0000 0.2131
vn -0.9689 -0.0000 0.2473
vn 0.9615 -0.0000 0.2749
vn -0.5836 -0.0000 -0.8121
vn -0.9677 -0.0000 0.2519
vn 0.9628 -0.0000 0.2703
vn 0.4590 -0.0000 -0.8884
vn -0.9665 -0.0000 0.2565
vn 0.9640 -0.0000 0.2657
vn 0.4775 -0.0000 -0.8786
vn -0.9653 -0.0000 0.2611
vn 0.9653 -0.0000 0.2611
vn 0.4959 -0.0000 -0.8684
vn -0.9640 -0.0000 0.2657
vn 0.9665 -0.0000 0.2565
vn 0.4402 -0.0000 -0.8979
vn -0.9628 -0.0000 0.2703
vn 0.9677 -0.0000 0.2519
vn 0.4213 -0.0000 -0.9069
vn -0.9615 -0.0000 0.2749
vn 0.9689 -0.0000 0.2473
vn 0.4022 -0.0000 -0.9156
vn -0.9602 -0.0000 0.2794
vn 0.9701 -0.0000 0.2427
vn 0.3828 -0.0000 -0.9238
vn -0.9588 -0.0000 0.2840
vn 0.9712 -0.0000 0.2381
vn 0.3634 -0.0000 -0.9316
vn -0.9575 -0.0000 0.2886
vn 0.9724 -0.0000 0.2334
vn 0.3437 -0.0000 -0.9391
vn -0.9561 -0.0000 0.2931
vn 0.9735 -0.0000 0.2288
vn 0.3239 -0.0000 -0.9461
vn -0.9547 -0.0000 0.2977
vn 0.9745 -0.0000 0.2242
vn -0.7034 -0.0000 -0.7108
vn -0.9532 -0.0000 0.3022
vn 0.9756 -0.0000 0.2195
vn -0.8735 -0.0000 0.4868
vn -0.9518 -0.0000 0.3067
vn 0.9766 -0.0000 0.2149
vn -0.8835 -0.0000 0.4684
vn -0.9503 -0.0000 0.3113
vn 0.9777 -0.0000 0.2102
vn -0.8932 -0.0000 0.4497
vn -0.9488 -0.0000 0.3158
vn 0.9786 -0.0000 0.2056
vn -0.9024 -0.0000 0.4308
vn -0.9473 -0.0000 0.3203
vn 0.9796 -0.0000 0.2009
vn -0.9278 -0.0000 0.3732
vn -0.9458 -0.0000 0.3248
vn 0.9806 -0.0000 0.1963
vn -0.9426 -0.0000 0.3339
vn -0.9442 -0.0000 0.3293
vn 0.9815 -0.0000 0.1916
vn -0.6653 -0.0000 -0.7466
vn -0.9426 -0.0000 0.3338
vn 0.9824 -0.0000 0.1869
vn 0.3636 -0.0000 -0.9316
vn -0.9410 -0.0000 0.3383
vn 0.9833 -0.0000 0.1822
vn 0.3831 -0.0000 -0.9237
vn -0.9394 -0.0000 0.3428
vn 0.9841 -0.0000 0.1775
vn 0.4024 -0.0000 -0.9155
vn -0.9378 -0.0000 0.3472
vn 0.9849 -0.0000 0.1729
vn 0.3440 -0.0000 -0.9390
vn -0.9361 -0.0000 0.3517
vn 0.9858 -0.0000 0.1682
vn 0.3043 -0.0000 -0.9526
vn -0.9344 -0.0000 0.3562
vn 0.9865 -0.0000 0.1635
vn 0.2842 -0.0000 -0.9588
vn -0.9327 -0.0000 0.3606
vn 0.9873 -0.0000 0.1588
vn 0.2640 -0.0000 -0.9645
vn -0.9310 -0.0000 0.3650
vn 0.9881 -0.0000 0.1541
vn 0.2437 -0.0000 -0.9699
vn -0.9292 -0.0000 0.3695
vn 0.9888 -0.0000 0.1494
vn -0.7739 -0.0000 -0.6334
vn -0.9275 -0.0000 0.3739
vn 0.9895 -0.0000 0.1447
vn -0.8178 -0.0000 0.5754
vn -0.9257 -0.0000 0.3783
vn 0.9902 -0.0000 0.1400
vn -0.8297 -0.0000 0.5581
vn -0.9239 -0.0000 0.3827
vn 0.9908 -0.0000 0.1352
vn -0.8413 -0.0000 0.5406
vn -0.9221 -0.0000 0.3871
vn 0.9914 -0.0000 0.1305
vn -0.8632 -0.0000 0.5048
vn -0.9202 -0.0000 0.3915
vn 0.9921 -0.0000 0.1258
vn -0.8736 -0.0000 0.4866
vn -0.9183 -0.0000 0.3958
vn 0.9926 -0.0000 0.1211
vn -0.8933 -0.0000 0.4495
vn -0.9164 -0.0000 0.4002
vn 0.9932 -0.0000 0.1163
vn -0.9025 -0.0000 0.4306
vn -0.9145 -0.0000 0.4046
vn 0.9938 -0.0000 0.1116
vn -0.9114 -0.0000 0.4116
vn -0.9126 -0.0000 0.4089
vn 0.9943 -0.0000 0.1069
vn -0.7396 -0.0000 -0.6730
vn -0.9106 -0.0000 0.4133
vn 0.9948 -0.0000 0.1022
vn 0.2642 -0.0000 -0.9645
vn -0.9086 -0.0000 0.4176
vn 0.9952 -0.0000 0.0974
vn 0.2844 -0.0000 -0.9587
vn -0.9066 -0.0000 0.4219
vn 0.9957 -0.0000 0.0927
vn 0.3045 -0.0000 -0.9525
vn -0.9046 -0.0000 0.4262
vn 0.9961 -0.0000 0.0879
vn 0.2439 -0.0000 -0.9698
vn -0.9026 -0.0000 0.4305
vn 0.9965 -0.0000 0.0832
vn 0.2235 -0.0000 -0.9747
vn -0.9005 -0.0000 0.4348
vn 0.9969 -0.0000 0.0785
vn 0.2030 -0.0000 -0.9792
vn -0.8984 -0.0000 0.4391
vn 0.9973 -0.0000 0.0737
vn 0.1410 -0.0000 -0.9900
vn -0.8963 -0.0000 0.4434
vn 0.9976 -0.0000 0.0690
vn 0.1201 -0.0000 -0.9928
vn -0.8942 -0.0000 0.4476
vn 0.9979 -0.0000 0.0642
vn -0.8358 -0.0000 -0.5490
vn -0.8921 -0.0000 0.4519
vn 0.9982 -0.0000 0.0595
vn -0.7669 -0.0000 0.6418
vn -0.8899 -0.0000 0.4561
vn -0.7802 -0.0000 0.6256
vn -0.8877 -0.0000 0.4603
vn 0.5750 -0.0000 0.8182
vn -0.8057 -0.0000 0.5923
vn -0.8855 -0.0000 0.4646
vn 0.5401 -0.0000 0.8416
vn -0.8180 -0.0000 0.5753
vn -0.8833 -0.0000 0.4688
vn 0.1196 -0.0000 -0.9928
vn -0.8059 -0.0000 -0.5920
vn -0.8811 -0.0000 0.4730
vn 0.1819 -0.0000 -0.9833
vn 0.1827 -0.0000 -0.9832
vn -0.8788 -0.0000 0.4772
vn 0.2025 -0.0000 -0.9793
vn 0.2032 -0.0000 -0.9791
vn -0.8765 -0.0000 0.4813
vn 0.1407 -0.0000 -0.9901
vn 0.1412 -0.0000 -0.9900
vn -0.8742 -0.0000 0.4855
vn 0.1614 -0.0000 -0.9869
vn 0.0995 -0.0000 -0.9950
vn -0.8719 -0.0000 0.4897
vn 0.1821 -0.0000 -0.9833
vn 0.0786 -0.0000 -0.9969
vn -0.8696 -0.0000 0.4938
vn 0.2027 -0.0000 -0.9792
vn 0.0157 -0.0000 -0.9999
vn -0.8672 -0.0000 0.4979
vn 0.6086 -0.0000 0.7935
vn -0.8886 -0.0000 -0.4586
vn -0.8648 -0.0000 0.5020
vn 0.0362 -0.0000 -0.9993
vn -0.7105 -0.0000 0.7037
vn -0.8624 -0.0000 0.5062
vn 0.6412 -0.0000 0.7674
vn -0.7251 -0.0000 0.6886
vn -0.8600 -0.0000 0.5103
vn -0.0266 -0.0000 -0.9996
vn -0.7670 -0.0000 0.6416
vn -0.8576 -0.0000 0.5144
vn -0.0473 -0.0000 -0.9989
vn -0.7803 -0.0000 0.6254
vn -0.8551 -0.0000 0.5184
vn 0.8240 -0.0000 0.5666
vn -0.7933 -0.0000 0.6089
vn -0.8526 -0.0000 0.5225
vn 0.6880 -0.0000 0.7257
vn -0.8634 -0.0000 -0.5045
vn -0.8501 -0.0000 0.5265
vn -0.1101 -0.0000 -0.9939
vn 0.0789 -0.0000 -0.9969
vn -0.8476 -0.0000 0.5306
vn -0.0892 -0.0000 -0.9960
vn 0.0998 -0.0000 -0.9950
vn -0.8451 -0.0000 0.5346
vn -0.2542 -0.0000 -0.9672
vn 0.0370 -0.0000 -0.9993
vn -0.8425 -0.0000 0.5386
vn -0.2338 -0.0000 -0.9723
vn 0.0160 -0.0000 -0.9999
vn -0.8400 -0.0000 0.5426
vn -0.2134 -0.0000 -0.9770
vn -0.0050 -0.0000 -1.0000
vn -0.8374 -0.0000 0.5466
vn -0.1928 -0.0000 -0.9812
vn -0.0470 -0.0000 -0.9989
vn -0.8348 -0.0000 0.5506
vn -0.1722 -0.0000 -0.9851
vn -0.0680 -0.0000 -0.9977
vn -0.8321 -0.0000 0.5546
vn -0.1514 -0.0000 -0.9885
vn -0.0889 -0.0000 -0.9960
vn -0.8295 -0.0000 0.5585
vn -0.1306 -0.0000 -0.9914
vn -0.9317 -0.0000 -0.3632
vn -0.8268 -0.0000 0.5625
vn -0.1098 -0.0000 -0.9940
vn -0.6805 -0.0000 0.7327
vn -0.8241 -0.0000 0.5664
vn -0.3539 -0.0000 -0.9353
vn -0.6958 -0.0000 0.7183
vn -0.8214 -0.0000 0.5703
vn 0.8579 -0.0000 0.5138
vn -0.7107 -0.0000 0.7035
vn -0.8187 -0.0000 0.5742
vn 0.9070 -0.0000 0.4211
vn -0.7253 -0.0000 0.6885
vn -0.8160 -0.0000 0.5781
vn -0.2336 -0.0000 -0.9723
vn -0.9114 -0.0000 -0.4115
vn -0.8132 -0.0000 0.5820
vn 0.9317 -0.0000 0.3634
vn -0.0047 -0.0000 -1.0000
vn -0.8104 -0.0000 0.5859
vn -0.4684 -0.0000 -0.8835
vn -0.0677 -0.0000 -0.9977
vn -0.8076 -0.0000 0.5897
vn 0.8684 -0.0000 0.4959
vn -0.0886 -0.0000 -0.9961
vn -0.8048 -0.0000 0.5935
vn -0.3926 -0.0000 -0.9197
vn -0.1304 -0.0000 -0.9915
vn -0.8020 -0.0000 0.5974
vn -0.3339 -0.0000 -0.9426
vn -0.1511 -0.0000 -0.9885
vn -0.7991 -0.0000 0.6012
vn -0.5406 -0.0000 -0.8413
vn -0.1719 -0.0000 -0.9851
vn -0.7962 -0.0000 0.6050
vn -0.5228 -0.0000 -0.8524
vn -0.5310 -0.0000 0.8474
vn -0.7934 -0.0000 0.6088
vn -0.4681 -0.0000 -0.8837
vn -0.5487 -0.0000 0.8360
vn -0.7905 -0.0000 0.6125
vn -0.4495 -0.0000 -0.8933
vn -0.5833 -0.0000 0.8123
vn -0.7875 -0.0000 0.6163
vn -0.4306 -0.0000 -0.9025
vn -0.6002 -0.0000 0.7999
vn -0.7846 -0.0000 0.6200
vn -0.6418 -0.0000 -0.7669
vn -0.6494 -0.0000 0.7605
vn -0.7816 -0.0000 0.6238
vn 0.6334 -0.0000 -0.7739
vn -0.6652 -0.0000 0.7467
vn -0.7786 -0.0000 0.6275
vn -0.6091 -0.0000 -0.7931
vn -0.9494 -0.0000 -0.3140
vn -0.7757 -0.0000 0.6312
vn -0.5923 -0.0000 -0.8057
vn -0.1509 -0.0000 -0.9885
vn -0.7726 -0.0000 0.6348
vn -0.5046 -0.0000 -0.8634
vn -0.1093 -0.0000 -0.9940
vn -0.7696 -0.0000 0.6385
vn -0.7185 -0.0000 -0.6956
vn -0.1716 -0.0000 -0.9852
vn -0.7666 -0.0000 0.6422
vn 0.9983 -0.0000 0.0577
vn -0.2333 -0.0000 -0.9724
vn -0.7635 -0.0000 0.6458
vn 0.9993 -0.0000 0.0367
vn 0.9985 -0.0000 0.0547
vn -0.2536 -0.0000 -0.9673
vn -0.7604 -0.0000 0.6494
vn -0.6886 -0.0000 -0.7251
vn 0.9987 -0.0000 0.0500
vn -0.2739 -0.0000 -0.9618
vn -0.7573 -0.0000 0.6531
vn -0.6733 -0.0000 -0.7394
vn 0.9990 -0.0000 0.0452
vn -0.2940 -0.0000 -0.9558
vn -0.7542 -0.0000 0.6567
vn 0.9960 -0.0000 -0.0889
vn 0.9992 -0.0000 0.0405
vn -0.9869 -0.0000 -0.1616
vn -0.7511 -0.0000 0.6602
vn -0.6416 -0.0000 -0.7670
vn 0.9994 -0.0000 0.0357
vn -0.4205 -0.0000 0.9073
vn -0.7479 -0.0000 0.6638
vn -0.6254 -0.0000 -0.7803
vn 0.9995 -0.0000 0.0309
vn -0.4395 -0.0000 0.8982
vn -0.7447 -0.0000 0.6674
vn -0.6089 -0.0000 -0.7933
vn 0.9997 -0.0000 0.0262
vn -0.4583 -0.0000 0.8888
vn -0.7416 -0.0000 0.6709
vn -0.8000 -0.0000 -0.6000
vn 0.9998 -0.0000 0.0214
vn -0.4768 -0.0000 0.8790
vn -0.7383 -0.0000 0.6744
vn -0.7872 -0.0000 -0.6166
vn 0.9999 -0.0000 0.0167
vn -0.5133 -0.0000 0.8582
vn -0.7351 -0.0000 0.6779
vn -0.6884 -0.0000 -0.7253
vn 0.9999 -0.0000 0.0119
vn -0.5663 -0.0000 0.8242
vn -0.7319 -0.0000 0.6814
vn -0.6731 -0.0000 -0.7396
vn 1.0000 -0.0000 0.0071
vn -0.9771 -0.0000 -0.2130
vn -0.7286 -0.0000 0.6849
vn 0.9977 -0.0000 -0.0677
vn 1.0000 -0.0000 0.0024
vn -0.9983 -0.0000 -0.0575
vn -0.7254 -0.0000 0.6884
vn -0.7998 -0.0000 -0.6002
vn 1.0000 -0.0000 -0.0024
vn -0.3628 -0.0000 0.9319
vn -0.7221 -0.0000 0.6918
vn -0.8243 -0.0000 -0.5661
vn 1.0000 -0.0000 -0.0071
vn -0.4208 -0.0000 0.9072
vn -0.7188 -0.0000 0.6952
vn -0.7739 -0.0000 -0.6333
vn 0.9999 -0.0000 -0.0119
vn -0.4585 -0.0000 0.8887
vn -0.7155 -0.0000 0.6986
vn -0.7605 -0.0000 -0.6494
vn 0.9999 -0.0000 -0.0167
vn -0.4771 -0.0000 0.8789
vn -0.7121 -0.0000 0.7020
vn -0.7467 -0.0000 -0.6652
vn 0.9998 -0.0000 -0.0214
vn -0.9940 -0.0000 -0.1097
vn -0.7088 -0.0000 0.7054
vn 0.9724 -0.0000 -0.2333
vn 0.9997 -0.0000 -0.0262
vn -0.3531 -0.0000 -0.9356
vn -0.7054 -0.0000 0.7088
vn 0.9915 -0.0000 -0.1303
vn 0.9995 -0.0000 -0.0309
vn -0.3334 -0.0000 -0.9428
vn -0.7020 -0.0000 0.7121
vn 0.9885 -0.0000 -0.1511
vn 0.9994 -0.0000 -0.0357
vn -0.3135 -0.0000 -0.9496
vn -0.6986 -0.0000 0.7155
vn -0.8583 -0.0000 -0.5131
vn 0.9992 -0.0000 -0.0405
vn -0.3727 -0.0000 -0.9280
vn -0.6952 -0.0000 0.7188
vn -0.8474 -0.0000 -0.5310
vn 0.9990 -0.0000 -0.0452
vn -0.4113 -0.0000 -0.9115
vn -0.6918 -0.0000 0.7221
vn 0.9852 -0.0000 -0.1716
vn 0.9987 -0.0000 -0.0500
vn -0.4303 -0.0000 -0.9027
vn -0.6884 -0.0000 0.7254
vn -0.8582 -0.0000 -0.5133
vn 0.9985 -0.0000 -0.0547
vn -0.4863 -0.0000 -0.8738
vn -0.6849 -0.0000 0.7286
vn -0.8472 -0.0000 -0.5312
vn 0.9982 -0.0000 -0.0595
vn -0.9989 -0.0000 0.0471
vn -0.6814 -0.0000 0.7319
vn 0.0575 -0.0000 -0.9983
vn 0.9979 -0.0000 -0.0642
vn -0.2227 -0.0000 0.9749
vn -0.6779 -0.0000 0.7351
vn -0.8887 -0.0000 -0.4585
vn 0.9976 -0.0000 -0.0690
vn -0.2431 -0.0000 0.9700
vn -0.6744 -0.0000 0.7384
vn 0.9618 -0.0000 -0.2736
vn 0.9973 -0.0000 -0.0737
vn -0.2836 -0.0000 0.9589
vn -0.6709 -0.0000 0.7415
vn 0.9427 -0.0000 -0.3336
vn 0.9969 -0.0000 -0.0785
vn -0.3236 -0.0000 0.9462
vn -0.6674 -0.0000 0.7447
vn -0.9158 -0.0000 -0.4016
vn 0.9965 -0.0000 -0.0832
vn -0.3434 -0.0000 0.9392
vn -0.6638 -0.0000 0.7479
vn -0.9072 -0.0000 -0.4208
vn 0.9961 -0.0000 -0.0879
vn -0.3826 -0.0000 0.9239
vn -0.6602 -0.0000 0.7511
vn 0.8738 -0.0000 -0.4863
vn 0.9957 -0.0000 -0.0927
vn -1.0000 -0.0000 -0.0052
vn -0.6567 -0.0000 0.7542
vn -0.9589 -0.0000 -0.2837
vn 0.9952 -0.0000 -0.0974
vn -0.4490 -0.0000 -0.8935
vn -0.6531 -0.0000 0.7573
vn -0.9528 -0.0000 -0.3037
vn 0.9948 -0.0000 -0.1022
vn -0.4301 -0.0000 -0.9028
vn -0.6494 -0.0000 0.7604
vn 0.9496 -0.0000 -0.3135
vn 0.9943 -0.0000 -0.1069
vn -0.4111 -0.0000 -0.9116
vn -0.6458 -0.0000 0.7635
vn -0.9749 -0.0000 -0.2227
vn 0.9938 -0.0000 -0.1116
vn -0.4676 -0.0000 -0.8839
vn -0.6422 -0.0000 0.7666
vn -0.9700 -0.0000 -0.2432
vn 0.9932 -0.0000 -0.1163
vn -0.4861 -0.0000 -0.8739
vn -0.6385 -0.0000 0.7696
vn -0.9392 -0.0000 -0.3434
vn 0.9926 -0.0000 -0.1211
vn -0.5043 -0.0000 -0.8635
vn -0.6349 -0.0000 0.7726
vn -0.9318 -0.0000 -0.3631
vn 0.9921 -0.0000 -0.1258
vn -0.5223 -0.0000 -0.8527
vn -0.6312 -0.0000 0.7757
vn -0.9239 -0.0000 -0.3826
vn 0.9914 -0.0000 -0.1305
vn -0.5401 -0.0000 -0.8416
vn -0.6275 -0.0000 0.7786
vn -0.9157 -0.0000 -0.4019
vn 0.9908 -0.0000 -0.1352
vn -0.5577 -0.0000 -0.8300
vn -0.6238 -0.0000 0.7816
vn -0.9699 -0.0000 -0.2434
vn 0.9902 -0.0000 -0.1400
vn -0.5750 -0.0000 -0.8182
vn -0.6200 -0.0000 0.7846
vn 0.8417 -0.0000 -0.5399
vn 0.9895 -0.0000 -0.1447
vn -0.1196 -0.0000 0.9928
vn -0.6163 -0.0000 0.7875
vn 0.8529 -0.0000 -0.5221
vn 0.9888 -0.0000 -0.1494
vn -0.1611 -0.0000 0.9869
vn -0.6125 -0.0000 0.7904
vn -0.9833 -0.0000 -0.1819
vn 0.9881 -0.0000 -0.1541
vn -0.2025 -0.0000 0.9793
vn -0.6088 -0.0000 0.7934
vn 0.8183 -0.0000 -0.5748
vn 0.9873 -0.0000 -0.1588
vn -0.2230 -0.0000 0.9748
vn -0.6050 -0.0000 0.7962
vn -0.9951 -0.0000 -0.0990
vn 0.9865 -0.0000 -0.1635
vn -0.2434 -0.0000 0.9699
vn -0.6012 -0.0000 0.7991
vn -0.9928 -0.0000 -0.1199
vn 0.9858 -0.0000 -0.1682
vn -0.2637 -0.0000 0.9646
vn -0.5974 -0.0000 0.8020
vn 0.8935 -0.0000 -0.4490
vn 0.9849 -0.0000 -0.1729
vn -0.3040 -0.0000 0.9527
vn -0.5935 -0.0000 0.8048
vn 0.7935 -0.0000 -0.6086
vn 0.9841 -0.0000 -0.1775
vn -0.9951 -0.0000 0.0993
vn -0.5897 -0.0000 0.8076
vn 0.7805 -0.0000 -0.6252
vn 0.9833 -0.0000 -0.1822
vn -0.5399 -0.0000 -0.8417
vn -0.5859 -0.0000 0.8104
vn 0.7936 -0.0000 -0.6084
vn 0.9824 -0.0000 -0.1869
vn -0.5575 -0.0000 -0.8302
vn -0.5820 -0.0000 0.8132
vn -0.9989 -0.0000 0.0475
vn 0.9815 -0.0000 -0.1916
vn -0.5748 -0.0000 -0.8183
vn -0.5781 -0.0000 0.8160
vn -0.9996 -0.0000 0.0266
vn 0.9806 -0.0000 -0.1963
vn -0.5918 -0.0000 -0.8061
vn -0.5742 -0.0000 0.8187
vn -1.0000 -0.0000 0.0056
vn 0.9796 -0.0000 -0.2009
vn -0.6086 -0.0000 -0.7935
vn -0.5703 -0.0000 0.8214
vn -0.9999 -0.0000 -0.0154
vn 0.9786 -0.0000 -0.2056
vn -0.6252 -0.0000 -0.7805
vn -0.5664 -0.0000 0.8241
vn -0.9993 -0.0000 -0.0364
vn 0.9777 -0.0000 -0.2102
vn -0.6414 -0.0000 -0.7672
vn -0.5625 -0.0000 0.8268
vn -0.9884 -0.0000 0.1517
vn 0.9766 -0.0000 -0.2149
vn -0.6574 -0.0000 -0.7536
vn -0.5585 -0.0000 0.8295
vn -0.4020 -0.0000 -0.9157
vn 0.9756 -0.0000 -0.2195
vn -0.0362 -0.0000 0.9993
vn -0.5546 -0.0000 0.8321
vn -0.9977 -0.0000 0.0682
vn 0.9745 -0.0000 -0.2242
vn -0.0571 -0.0000 0.9984
vn -0.5506 -0.0000 0.8348
vn -0.9989 -0.0000 0.0473
vn 0.9735 -0.0000 -0.2288
vn -0.0781 -0.0000 0.9969
vn -0.5466 -0.0000 0.8374
vn -0.9997 -0.0000 0.0263
vn 0.9724 -0.0000 -0.2334
vn -0.0990 -0.0000 0.9951
vn -0.5426 -0.0000 0.8400
vn -0.9672 -0.0000 0.2542
vn 0.9712 -0.0000 -0.2381
vn -0.1199 -0.0000 0.9928
vn -0.5386 -0.0000 0.8425
vn 0.5493 -0.0000 -0.8356
vn 0.9701 -0.0000 -0.2427
vn -0.1407 -0.0000 0.9901
vn -0.5346 -0.0000 0.8451
vn 0.5136 -0.0000 -0.8581
vn 0.9689 -0.0000 -0.2473
vn -0.1614 -0.0000 0.9869
vn -0.5306 -0.0000 0.8476
vn -0.9770 -0.0000 0.2134
vn 0.9677 -0.0000 -0.2519
vn -0.2027 -0.0000 0.9792
vn -0.5265 -0.0000 0.8501
vn -0.9812 -0.0000 0.1928
vn 0.9665 -0.0000 -0.2565
vn -0.9792 -0.0000 0.2028
vn -0.5225 -0.0000 0.8526
vn -0.9672 -0.0000 0.2539
vn 0.9653 -0.0000 -0.2611
vn -0.6249 -0.0000 -0.7807
vn -0.5184 -0.0000 0.8551
vn -0.9425 -0.0000 0.3342
vn 0.9640 -0.0000 -0.2657
vn -0.6084 -0.0000 -0.7936
vn -0.5144 -0.0000 0.8576
vn -0.9354 -0.0000 0.3536
vn 0.9628 -0.0000 -0.2703
vn -0.5916 -0.0000 -0.8062
vn -0.5103 -0.0000 0.8600
vn 0.2233 -0.0000 -0.9748
vn 0.9615 -0.0000 -0.2749
vn -0.6728 -0.0000 -0.7398
vn -0.5062 -0.0000 0.8624
vn -0.9113 -0.0000 0.4118
vn 0.9602 -0.0000 -0.2794
vn -0.6882 -0.0000 -0.7255
vn -0.5021 -0.0000 0.8648
vn -0.9197 -0.0000 0.3926
vn 0.9588 -0.0000 -0.2840
vn -0.7033 -0.0000 -0.7109
vn -0.4979 -0.0000 0.8672
vn -0.9494 -0.0000 0.3141
vn 0.9575 -0.0000 -0.2886
vn -0.7181 -0.0000 -0.6960
vn -0.4938 -0.0000 0.8696
vn 0.3242 -0.0000 -0.9460
vn 0.9561 -0.0000 -0.2931
vn -0.7325 -0.0000 -0.6807
vn -0.4897 -0.0000 0.8719
vn -0.8524 -0.0000 0.5228
vn 0.9547 -0.0000 -0.2977
vn -0.9354 -0.0000 0.3535
vn -0.4855 -0.0000 0.8742
vn -0.8837 -0.0000 0.4681
vn 0.9532 -0.0000 -0.3022
vn 0.0266 -0.0000 0.9996
vn -0.4813 -0.0000 0.8765
vn 0.1824 -0.0000 -0.9832
vn 0.9518 -0.0000 -0.3067
vn -0.0154 -0.0000 0.9999
vn -0.4772 -0.0000 0.8788
vn 0.1617 -0.0000 -0.9868
vn 0.9503 -0.0000 -0.3113
vn -0.0364 -0.0000 0.9993
vn -0.4730 -0.0000 0.8811
vn -0.7532 -0.0000 0.6578
vn 0.9488 -0.0000 -0.3158
vn -0.0574 -0.0000 0.9984
vn -0.4688 -0.0000 0.8833
vn -0.7931 -0.0000 0.6091
vn 0.9473 -0.0000 -0.3203
vn -0.0993 -0.0000 0.9951
vn -0.4646 -0.0000 0.8855
vn -0.8299 -0.0000 0.5579
vn 0.9458 -0.0000 -0.3248
vn -0.9527 -0.0000 0.3041
vn -0.4603 -0.0000 0.8877
vn -0.8414 -0.0000 0.5404
vn 0.9442 -0.0000 -0.3293
vn -0.7031 -0.0000 -0.7111
vn -0.4561 -0.0000 0.8899
vn -0.8526 -0.0000 0.5226
vn 0.9426 -0.0000 -0.3338
vn -0.6880 -0.0000 -0.7257
vn -0.4519 -0.0000 0.8921
vn -0.8634 -0.0000 0.5046
vn 0.9410 -0.0000 -0.3383
vn -0.6727 -0.0000 -0.7400
vn -0.4476 -0.0000 0.8942
vn 0.0577 -0.0000 -0.9983
vn 0.9394 -0.0000 -0.3428
vn -0.7179 -0.0000 -0.6961
vn -0.4434 -0.0000 0.8963
vn 0.0367 -0.0000 -0.9993
vn 0.9378 -0.0000 -0.3472
vn -0.7465 -0.0000 -0.6654
vn -0.4391 -0.0000 0.8984
vn -0.6803 -0.0000 0.7329
vn 0.9361 -0.0000 -0.3517
vn -0.7603 -0.0000 -0.6496
vn -0.4348 -0.0000 0.9005
vn -0.6956 -0.0000 0.7185
vn 0.9344 -0.0000 -0.3562
vn -0.7738 -0.0000 -0.6335
vn -0.4305 -0.0000 0.9026
vn -0.7394 -0.0000 0.6733
vn 0.9327 -0.0000 -0.3606
vn -0.7997 -0.0000 -0.6004
vn -0.4262 -0.0000 0.9046
vn -0.7534 -0.0000 0.6576
vn 0.9310 -0.0000 -0.3650
vn 0.1930 -0.0000 0.9812
vn -0.4219 -0.0000 0.9066
vn 0.1620 -0.0000 -0.9868
vn 0.9292 -0.0000 -0.3695
vn -0.9157 -0.0000 0.4020
vn -0.4176 -0.0000 0.9086
vn 0.1204 -0.0000 -0.9927
vn 0.9275 -0.0000 -0.3739
vn -0.7736 -0.0000 -0.6337
vn -0.4132 -0.0000 0.9106
vn -0.8059 -0.0000 0.5921
vn 0.9257 -0.0000 -0.3783
vn -0.7601 -0.0000 -0.6498
vn -0.4089 -0.0000 0.9126
vn -0.0260 -0.0000 -0.9997
vn 0.9239 -0.0000 -0.3827
vn -0.7867 -0.0000 -0.6173
vn -0.4046 -0.0000 0.9145
vn -0.0467 -0.0000 -0.9989
vn 0.9221 -0.0000 -0.3871
vn -0.7995 -0.0000 -0.6006
vn -0.4002 -0.0000 0.9164
vn -0.0258 -0.0000 -0.9997
vn 0.9202 -0.0000 -0.3915
vn -0.8119 -0.0000 -0.5837
vn -0.3958 -0.0000 0.9183
vn -0.6000 -0.0000 0.8000
vn 0.9183 -0.0000 -0.3958
vn -0.8357 -0.0000 -0.5491
vn -0.3915 -0.0000 0.9202
vn -0.6167 -0.0000 0.7872
vn 0.9164 -0.0000 -0.4002
vn -0.8581 -0.0000 -0.5136
vn -0.3871 -0.0000 0.9220
vn -0.6330 -0.0000 0.7741
vn 0.9145 -0.0000 -0.4046
vn -0.8415 -0.0000 0.5403
vn -0.3827 -0.0000 0.9239
vn -0.6492 -0.0000 0.7607
vn 0.9126 -0.0000 -0.4089
vn 0.2945 -0.0000 0.9556
vn -0.3783 -0.0000 0.9257
vn -0.6650 -0.0000 0.7469
vn 0.9106 -0.0000 -0.4133
vn 0.2744 -0.0000 0.9616
vn -0.3739 -0.0000 0.9275
vn -0.1925 -0.0000 -0.9813
vn 0.9086 -0.0000 -0.4176
vn 0.2134 -0.0000 0.9770
vn -0.3695 -0.0000 0.9292
vn -0.9646 -0.0000 -0.2639
vn 0.9066 -0.0000 -0.4219
vn 0.1098 -0.0000 0.9940
vn -0.3650 -0.0000 0.9310
vn 0.0579 -0.0000 -0.9983
vn 0.9046 -0.0000 -0.4262
vn -0.8686 -0.0000 0.4955
vn -0.3606 -0.0000 0.9327
vn -0.7396 -0.0000 0.6731
vn 0.9026 -0.0000 -0.4305
vn -0.8356 -0.0000 -0.5493
vn -0.3562 -0.0000 0.9344
vn -0.5131 -0.0000 0.8583
vn 0.9005 -0.0000 -0.4348
vn -0.8239 -0.0000 -0.5667
vn -0.3517 -0.0000 0.9361
vn -0.6169 -0.0000 0.7871
vn 0.8984 -0.0000 -0.4391
vn -0.8118 -0.0000 -0.5839
vn -0.3472 -0.0000 0.9378
vn -0.6332 -0.0000 0.7740
vn 0.8963 -0.0000 -0.4434
vn -0.8469 -0.0000 -0.5317
vn -0.3428 -0.0000 0.9394
vn -0.1095 -0.0000 -0.9940
vn 0.8942 -0.0000 -0.4476
vn -0.8579 -0.0000 -0.5138
vn -0.3383 -0.0000 0.9410
vn -0.5661 -0.0000 0.8243
vn 0.8921 -0.0000 -0.4519
vn -0.8685 -0.0000 -0.4956
vn -0.3338 -0.0000 0.9426
vn -0.1922 -0.0000 -0.9813
vn 0.8899 -0.0000 -0.4561
vn -0.8787 -0.0000 -0.4773
vn -0.3293 -0.0000 0.9442
vn -0.2128 -0.0000 -0.9771
vn 0.8877 -0.0000 -0.4603
vn -0.8980 -0.0000 -0.4400
vn -0.3248 -0.0000 0.9458
vn -0.4952 -0.0000 0.8688
vn 0.8855 -0.0000 -0.4646
vn -0.9070 -0.0000 -0.4211
vn -0.3203 -0.0000 0.9473
vn -0.5835 -0.0000 0.8121
vn 0.8833 -0.0000 -0.4688
vn -0.7804 -0.0000 0.6253
vn -0.3158 -0.0000 0.9488
vn -0.2330 -0.0000 -0.9725
vn 0.8811 -0.0000 -0.4730
vn 0.3928 -0.0000 0.9196
vn -0.3113 -0.0000 0.9503
vn -0.2126 -0.0000 -0.9771
vn 0.8788 -0.0000 -0.4772
vn 0.3539 -0.0000 0.9353
vn -0.3067 -0.0000 0.9518
vn -0.5312 -0.0000 0.8472
vn 0.8765 -0.0000 -0.4813
vn 0.3342 -0.0000 0.9425
vn -0.3022 -0.0000 0.9532
vn -0.5489 -0.0000 0.8359
vn 0.8742 -0.0000 -0.4855
vn 0.3143 -0.0000 0.9493
vn -0.2977 -0.0000 0.9547
vn -0.2534 -0.0000 -0.9674
vn 0.8719 -0.0000 -0.4897
vn 0.2742 -0.0000 0.9617
vn -0.2931 -0.0000 0.9561
vn -0.2736 -0.0000 -0.9618
vn 0.8696 -0.0000 -0.4938
vn 0.2336 -0.0000 0.9723
vn -0.2886 -0.0000 0.9575
vn -0.2938 -0.0000 -0.9559
vn 0.8672 -0.0000 -0.4979
vn 0.2131 -0.0000 0.9770
vn -0.2840 -0.0000 0.9588
vn -0.3138 -0.0000 -0.9495
vn 0.8648 -0.0000 -0.5020
vn -0.8121 -0.0000 0.5836
vn -0.2794 -0.0000 0.9602
vn -0.3336 -0.0000 -0.9427
vn 0.8624 -0.0000 -0.5062
vn -0.8884 -0.0000 -0.4590
vn -0.2749 -0.0000 0.9615
vn -0.3534 -0.0000 -0.9355
vn 0.8600 -0.0000 -0.5103
vn -0.8786 -0.0000 -0.4775
vn -0.2703 -0.0000 0.9628
vn -0.3729 -0.0000 -0.9279
vn 0.8576 -0.0000 -0.5144
vn -0.8684 -0.0000 -0.4959
vn -0.2657 -0.0000 0.9641
vn -0.3923 -0.0000 -0.9198
vn 0.8551 -0.0000 -0.5184
vn -0.9069 -0.0000 -0.4213
vn -0.2611 -0.0000 0.9653
vn -0.3234 -0.0000 0.9463
vn 0.8526 -0.0000 -0.5225
vn -0.9238 -0.0000 -0.3828
vn -0.2565 -0.0000 0.9665
vn -0.3432 -0.0000 0.9393
vn 0.8501 -0.0000 -0.5265
vn -0.9317 -0.0000 -0.3634
vn -0.2519 -0.0000 0.9678
vn -0.4397 -0.0000 0.8981
vn 0.8476 -0.0000 -0.5306
vn -0.9391 -0.0000 -0.3437
vn -0.2473 -0.0000 0.9689
vn -0.4954 -0.0000 0.8687
vn 0.8451 -0.0000 -0.5346
vn -0.9461 -0.0000 -0.3239
vn -0.2427 -0.0000 0.9701
vn -0.1301 -0.0000 -0.9915
vn 0.8425 -0.0000 -0.5386
vn -0.7108 -0.0000 0.7034
vn -0.2381 -0.0000 0.9712
vn -0.3823 -0.0000 0.9240
vn 0.8400 -0.0000 -0.5426
vn 0.4684 -0.0000 0.8835
vn -0.2334 -0.0000 0.9724
vn -0.4016 -0.0000 0.9158
vn 0.8374 -0.0000 -0.5466
vn 0.4497 -0.0000 0.8932
vn -0.2288 -0.0000 0.9735
vn -0.4019 -0.0000 0.9157
vn 0.8348 -0.0000 -0.5506
vn 0.4309 -0.0000 0.9024
vn -0.2242 -0.0000 0.9745
vn -0.2634 -0.0000 0.9647
vn 0.8321 -0.0000 -0.5546
vn 0.3536 -0.0000 0.9354
vn -0.2195 -0.0000 0.9756
vn -0.2839 -0.0000 0.9589
vn 0.8295 -0.0000 -0.5585
vn -0.7466 -0.0000 0.6653
vn -0.2149 -0.0000 0.9766
vn -0.3921 -0.0000 -0.9199
vn 0.8268 -0.0000 -0.5625
vn -0.9316 -0.0000 -0.3636
vn -0.2102 -0.0000 0.9776
vn -0.4492 -0.0000 -0.8934
vn 0.8241 -0.0000 -0.5664
vn -0.9155 -0.0000 -0.4024
vn -0.2056 -0.0000 0.9786
vn -0.4679 -0.0000 -0.8838
vn 0.8214 -0.0000 -0.5703
vn -0.9390 -0.0000 -0.3440
vn -0.2009 -0.0000 0.9796
vn -0.3037 -0.0000 0.9528
vn 0.8187 -0.0000 -0.5742
vn -0.9460 -0.0000 -0.3242
vn -0.1963 -0.0000 0.9806
vn -0.3631 -0.0000 0.9318
vn 0.8160 -0.0000 -0.5781
vn -0.9588 -0.0000 -0.2842
vn -0.1916 -0.0000 0.9815
vn -0.1819 -0.0000 0.9833
vn 0.8132 -0.0000 -0.5820
vn -0.9645 -0.0000 -0.2640
vn -0.1869 -0.0000 0.9824
vn -0.9885 -0.0000 0.1513
vn 0.8104 -0.0000 -0.5859
vn -0.9699 -0.0000 -0.2437
vn -0.1822 -0.0000 0.9833
vn -0.1404 -0.0000 0.9901
vn 0.8076 -0.0000 -0.5897
vn -0.9748 -0.0000 -0.2233
vn -0.1775 -0.0000 0.9841
vn -0.9673 -0.0000 0.2538
vn 0.8048 -0.0000 -0.5935
vn -0.6334 -0.0000 0.7739
vn -0.1729 -0.0000 0.9849
vn -0.0152 -0.0000 0.9999
vn 0.8020 -0.0000 -0.5974
vn 0.5581 -0.0000 0.8298
vn -0.1682 -0.0000 0.9858
vn -0.5041 -0.0000 -0.8636
vn 0.7991 -0.0000 -0.6012
vn 0.5048 -0.0000 0.8632
vn -0.1635 -0.0000 0.9865
vn -0.5221 -0.0000 -0.8529
vn 0.7962 -0.0000 -0.6050
vn 0.4681 -0.0000 0.8837
vn -0.1588 -0.0000 0.9873
vn -0.1821 -0.0000 0.9833
vn 0.7934 -0.0000 -0.6088
vn 0.4495 -0.0000 0.8933
vn -0.1541 -0.0000 0.9881
vn -0.6412 -0.0000 -0.7674
vn 0.7905 -0.0000 -0.6125
vn -0.6730 -0.0000 0.7396
vn -0.1494 -0.0000 0.9888
vn -0.6572 -0.0000 -0.7537
vn 0.7875 -0.0000 -0.6163
vn -0.9587 -0.0000 -0.2844
vn -0.1447 -0.0000 0.9895
vn 0.0894 -0.0000 0.9960
vn 0.7846 -0.0000 -0.6200
vn -0.9525 -0.0000 -0.3045
vn -0.1399 -0.0000 0.9902
vn 0.0685 -0.0000 0.9977
vn 0.7816 -0.0000 -0.6238
vn -0.5490 -0.0000 0.8358
vn -0.1352 -0.0000 0.9908
vn 0.0475 -0.0000 0.9989
vn 0.7786 -0.0000 -0.6275
vn 0.6578 -0.0000 0.7532
vn -0.1305 -0.0000 0.9914
vn -0.0783 -0.0000 0.9969
vn 0.7757 -0.0000 -0.6312
vn 0.5752 -0.0000 0.8180
vn -0.1258 -0.0000 0.9921
vn 0.0056 -0.0000 1.0000
vn 0.7726 -0.0000 -0.6348
vn 0.5579 -0.0000 0.8299
vn -0.1211 -0.0000 0.9926
vn -0.8934 -0.0000 0.4493
vn 0.7696 -0.0000 -0.6385
vn 0.5404 -0.0000 0.8414
vn -0.1163 -0.0000 0.9932
vn 0.1724 -0.0000 0.9850
vn 0.7666 -0.0000 -0.6422
vn 0.5046 -0.0000 0.8634
vn -0.1116 -0.0000 0.9938
vn 0.1517 -0.0000 0.9884
vn 0.7635 -0.0000 -0.6458
vn -0.5920 -0.0000 0.8059
vn -0.1069 -0.0000 0.9943
vn 0.1309 -0.0000 0.9914
vn 0.7604 -0.0000 -0.6494
vn -0.9868 -0.0000 -0.1620
vn -0.1021 -0.0000 0.9948
vn 0.1101 -0.0000 0.9939
vn 0.7573 -0.0000 -0.6531
vn -0.9791 -0.0000 -0.2033
vn -0.0974 -0.0000 0.9952
vn 0.0892 -0.0000 0.9960
vn 0.7542 -0.0000 -0.6567
vn -0.9900 -0.0000 -0.1412
vn -0.0927 -0.0000 0.9957
vn 0.0682 -0.0000 0.9977
vn 0.7511 -0.0000 -0.6602
vn -0.9950 -0.0000 -0.0996
vn -0.0879 -0.0000 0.9961
vn 0.0473 -0.0000 0.9989
vn 0.7479 -0.0000 -0.6638
vn -0.9969 -0.0000 -0.0786
vn -0.0832 -0.0000 0.9965
vn 0.0263 -0.0000 0.9997
vn 0.7447 -0.0000 -0.6674
vn -0.9983 -0.0000 -0.0577
vn -0.0785 -0.0000 0.9969
vn 0.0053 -0.0000 1.0000
vn 0.7416 -0.0000 -0.6709
vn -0.9993 -0.0000 -0.0367
vn -0.0737 -0.0000 0.9973
vn -0.7323 -0.0000 -0.6809
vn 0.7383 -0.0000 -0.6744
vn -0.9999 -0.0000 -0.0157
vn -0.0690 -0.0000 0.9976
vn -0.7869 -0.0000 -0.6171
vn 0.7351 -0.0000 -0.6779
vn -0.4586 -0.0000 0.8886
vn -0.0642 -0.0000 0.9979
vn 0.2542 -0.0000 0.9672
vn 0.7319 -0.0000 -0.6814
vn 0.6576 -0.0000 0.7534
vn -0.0595 -0.0000 0.9982
vn 0.2338 -0.0000 0.9723
vn 0.7286 -0.0000 -0.6849
vn 0.6416 -0.0000 0.7670
vn -0.0547 -0.0000 0.9985
vn -0.7463 -0.0000 -0.6656
vn 0.7254 -0.0000 -0.6884
vn 0.6254 -0.0000 0.7803
vn -0.0500 -0.0000 0.9987
vn -0.8471 -0.0000 -0.5315
vn 0.7221 -0.0000 -0.6918
vn 0.6089 -0.0000 0.7933
vn -0.0452 -0.0000 0.9990
vn 0.1928 -0.0000 0.9812
vn 0.7188 -0.0000 -0.6952
vn -0.5045 -0.0000 0.8634
vn -0.0404 -0.0000 0.9992
vn 0.1722 -0.0000 0.9851
vn 0.7155 -0.0000 -0.6986
vn -0.9983 -0.0000 -0.0580
vn -0.0357 -0.0000 0.9994
vn 0.1514 -0.0000 0.9885
vn 0.7121 -0.0000 -0.7020
vn -0.9969 -0.0000 -0.0789
vn -0.0309 -0.0000 0.9995
vn 0.1306 -0.0000 0.9914
vn 0.7088 -0.0000 -0.7054
vn -0.9950 -0.0000 -0.0998
vn -0.0262 -0.0000 0.9997
vn -0.8240 -0.0000 -0.5666
vn 0.7054 -0.0000 -0.7088
vn -0.9993 -0.0000 -0.0370
vn -0.0214 -0.0000 0.9998
vn 0.3734 -0.0000 0.9277
vn 0.7020 -0.0000 -0.7121
vn -0.9999 -0.0000 -0.0160
vn -0.0167 -0.0000 0.9999
vn 0.2539 -0.0000 0.9672
vn 0.6986 -0.0000 -0.7155
vn -0.9997 -0.0000 0.0260
vn -0.0119 -0.0000 0.9999
vn -0.8979 -0.0000 -0.4402
vn 0.6952 -0.0000 -0.7188
vn -0.9977 -0.0000 0.0679
vn -0.0071 -0.0000 1.0000
vn 0.4868 -0.0000 0.8735
vn 0.6918 -0.0000 -0.7221
vn -0.9960 -0.0000 0.0889
vn -0.0024 -0.0000 1.0000
vn 0.4118 -0.0000 0.9113
vn 0.6884 -0.0000 -0.7254
vn -0.3632 -0.0000 0.9317
vn 0.3926 -0.0000 0.9197
vn 0.6849 -0.0000 -0.7286
vn 0.7872 -0.0000 0.6167
vn 0.3732 -0.0000 0.9277
vn 0.6814 -0.0000 -0.7319
vn 0.7607 -0.0000 0.6492
vn -0.8886 -0.0000 -0.4588
vn 0.6779 -0.0000 -0.7351
vn 0.7327 -0.0000 0.6805
vn 0.2943 -0.0000 0.9557
vn 0.6744 -0.0000 -0.7384
vn 0.7183 -0.0000 0.6957
vn -0.9156 -0.0000 -0.4022
vn 0.6709 -0.0000 -0.7415
vn 0.7035 -0.0000 0.7107
vn 0.3339 -0.0000 0.9426
vn 0.6674 -0.0000 -0.7447
vn 0.6884 -0.0000 0.7253
vn 0.3141 -0.0000 0.9494
vn 0.6638 -0.0000 -0.7479
vn -0.4115 -0.0000 0.9114
vn -0.9526 -0.0000 -0.3043
vn 0.6602 -0.0000 -0.7511
vn -0.9989 -0.0000 0.0467
vn 0.5755 -0.0000 0.8178
vn 0.6567 -0.0000 -0.7542
vn -0.9997 -0.0000 0.0257
vn 0.4866 -0.0000 0.8736
vn 0.6531 -0.0000 -0.7573
vn -0.9977 -0.0000 0.0677
vn 0.4306 -0.0000 0.9025
vn 0.6494 -0.0000 -0.7604
vn -0.9961 -0.0000 0.0886
vn 0.4116 -0.0000 0.9114
vn 0.6458 -0.0000 -0.7635
vn -0.9940 -0.0000 0.1095
vn -0.9237 -0.0000 -0.3831
vn 0.6422 -0.0000 -0.7666
vn -0.9915 -0.0000 0.1304
vn 0.5406 -0.0000 0.8413
vn 0.6385 -0.0000 -0.7696
vn -0.9885 -0.0000 0.1511
vn 0.5228 -0.0000 0.8524
vn 0.6349 -0.0000 -0.7726
vn -0.9851 -0.0000 0.1719
vn -0.9645 -0.0000 -0.2642
vn 0.6312 -0.0000 -0.7757
vn -0.2638 -0.0000 0.9646
vn -0.9698 -0.0000 -0.2439
vn 0.6275 -0.0000 -0.7786
vn 0.8583 -0.0000 0.5131
vn -0.9747 -0.0000 -0.2235
vn 0.6238 -0.0000 -0.7816
vn 0.8474 -0.0000 0.5310
vn -0.9792 -0.0000 -0.2030
vn 0.6200 -0.0000 -0.7846
vn 0.8361 -0.0000 0.5487
vn -0.9832 -0.0000 -0.1824
vn 0.6163 -0.0000 -0.7875
vn 0.8123 -0.0000 0.5833
vn -0.9868 -0.0000 -0.1617
vn 0.6125 -0.0000 -0.7904
vn 0.7871 -0.0000 0.6168
vn -0.9900 -0.0000 -0.1410
vn 0.6088 -0.0000 -0.7934
vn 0.7739 -0.0000 0.6332
vn -0.9928 -0.0000 -0.1202
vn 0.6050 -0.0000 -0.7962
vn 0.7605 -0.0000 0.6494
vn 0.6418 -0.0000 0.7669
vn 0.6012 -0.0000 -0.7991
vn 0.7467 -0.0000 0.6652
vn 0.6256 -0.0000 0.7801
vn 0.5974 -0.0000 -0.8020
vn -0.3140 -0.0000 0.9494
vn 0.6091 -0.0000 0.7931
vn 0.5935 -0.0000 -0.8048
vn -0.9915 -0.0000 0.1301
vn 0.5923 -0.0000 0.8057
vn 0.5897 -0.0000 -0.8076
vn -0.9940 -0.0000 0.1093
vn -0.9832 -0.0000 -0.1827
vn 0.5859 -0.0000 -0.8104
vn -0.9852 -0.0000 0.1716
vn 0.5226 -0.0000 0.8526
vn 0.5820 -0.0000 -0.8132
vn -0.9813 -0.0000 0.1923
vn -0.9927 -0.0000 -0.1204
vn 0.5781 -0.0000 -0.8160
vn -0.9724 -0.0000 0.2333
vn 0.5921 -0.0000 0.8059
vn 0.5742 -0.0000 -0.8187
vn -0.9618 -0.0000 0.2739
vn -1.0000 -0.0000 0.0050
vn 0.5703 -0.0000 -0.8214
vn 0.9073 -0.0000 0.4205
vn 0.7329 -0.0000 0.6803
vn 0.5664 -0.0000 -0.8241
vn 0.8790 -0.0000 0.4768
vn 0.7185 -0.0000 0.6956
vn 0.5625 -0.0000 -0.8268
vn 0.8688 -0.0000 0.4952
vn 0.7037 -0.0000 0.7105
vn 0.5585 -0.0000 -0.8295
vn 0.8582 -0.0000 0.5133
vn 0.6886 -0.0000 0.7251
vn 0.5546 -0.0000 -0.8321
vn 0.8472 -0.0000 0.5312
vn 0.6733 -0.0000 0.7394
vn 0.5506 -0.0000 -0.8348
vn -0.2130 -0.0000 0.9771
vn -0.9989 -0.0000 0.0470
vn 0.5466 -0.0000 -0.8374
vn -0.9674 -0.0000 0.2534
vn 0.8000 -0.0000 0.6000
vn 0.5426 -0.0000 -0.8400
vn -0.9725 -0.0000 0.2330
vn 0.7469 -0.0000 0.6650
vn 0.5386 -0.0000 -0.8425
vn -0.9771 -0.0000 0.2126
vn -1.0000 -0.0000 0.0047
vn 0.5346 -0.0000 -0.8451
vn -0.9618 -0.0000 0.2736
vn 0.7741 -0.0000 0.6330
vn 0.5306 -0.0000 -0.8476
vn -0.9559 -0.0000 0.2938
vn 0.6731 -0.0000 0.7396
vn 0.5265 -0.0000 -0.8501
vn -0.9495 -0.0000 0.3138
vn 0.7999 -0.0000 0.6002
vn 0.5225 -0.0000 -0.8526
vn -0.9279 -0.0000 0.3729
vn -0.9886 -0.0000 0.1509
vn 0.5184 -0.0000 -0.8551
vn -0.9198 -0.0000 0.3923
vn 0.8243 -0.0000 0.5661
vn 0.5144 -0.0000 -0.8576
vn -0.0575 -0.0000 0.9983
vn -0.9673 -0.0000 0.2536
vn 0.5103 -0.0000 -0.8600
vn 0.9318 -0.0000 0.3629
vn -0.9558 -0.0000 0.2940
vn 0.5062 -0.0000 -0.8624
vn 0.9240 -0.0000 0.3823
vn -0.1616 -0.0000 0.9869
vn 0.5021 -0.0000 -0.8648
vn 0.9158 -0.0000 0.4016
vn 0.8359 -0.0000 0.5489
vn 0.4979 -0.0000 -0.8672
vn -0.1097 -0.0000 0.9940
vn 0.8242 -0.0000 0.5663
vn 0.4938 -0.0000 -0.8696
vn -0.9428 -0.0000 0.3334
vn 0.8121 -0.0000 0.5835
vn 0.4897 -0.0000 -0.8719
vn -0.9280 -0.0000 0.3727
vn -0.9813 -0.0000 0.1925
vn 0.4855 -0.0000 -0.8742
vn -0.9115 -0.0000 0.4113
vn -0.9771 -0.0000 0.2128
vn 0.4813 -0.0000 -0.8765
vn -0.8738 -0.0000 0.4863
vn 0.8982 -0.0000 0.4395
vn 0.4772 -0.0000 -0.8788
vn 0.0471 -0.0000 0.9989
vn 0.8888 -0.0000 0.4583
vn 0.4730 -0.0000 -0.8811
vn 0.9749 -0.0000 0.2227
vn 0.9463 -0.0000 0.3234
vn 0.4688 -0.0000 -0.8833
vn 0.9528 -0.0000 0.3037
vn 0.9393 -0.0000 0.3432
vn 0.4646 -0.0000 -0.8855
vn 0.9462 -0.0000 0.3236
vn -0.9427 -0.0000 0.3336
vn 0.4603 -0.0000 -0.8877
vn -0.0052 -0.0000 1.0000
vn -0.9355 -0.0000 0.3534
vn 0.4561 -0.0000 -0.8899
vn -0.8935 -0.0000 0.4490
vn -0.9496 -0.0000 0.3135
vn 0.4519 -0.0000 -0.8921
vn -0.9028 -0.0000 0.4301
vn 0.9072 -0.0000 0.4208
vn 0.4476 -0.0000 -0.8942
vn -0.9116 -0.0000 0.4111
vn 0.8981 -0.0000 0.4397
vn 0.4434 -0.0000 -0.8963
vn -0.8839 -0.0000 0.4676
vn 0.8887 -0.0000 0.4585
vn 0.4391 -0.0000 -0.8984
vn -0.8739 -0.0000 0.4861
vn 0.8789 -0.0000 0.4771
vn 0.4348 -0.0000 -0.9005
vn -0.8635 -0.0000 0.5043
vn 0.8687 -0.0000 0.4954
vn 0.4305 -0.0000 -0.9026
vn -0.8527 -0.0000 0.5223
vn -0.9199 -0.0000 0.3921
vn 0.4262 -0.0000 -0.9046
vn -0.8416 -0.0000 0.5402
vn -0.9027 -0.0000 0.4303
vn 0.4219 -0.0000 -0.9066
vn -0.8182 -0.0000 0.5750
vn -0.8934 -0.0000 0.4492
vn 0.4176 -0.0000 -0.9086
vn 0.1513 -0.0000 0.9885
vn -0.8838 -0.0000 0.4679
vn 0.4132 -0.0000 -0.9106
vn 0.9928 -0.0000 0.1196
vn -0.9356 -0.0000 0.3531
vn 0.4089 -0.0000 -0.9126
vn 0.9901 -0.0000 0.1404
vn 0.9700 -0.0000 0.2432
vn 0.4046 -0.0000 -0.9145
vn 0.9869 -0.0000 0.1612
vn 0.9647 -0.0000 0.2634
vn 0.4002 -0.0000 -0.9164
vn 0.9748 -0.0000 0.2230
vn 0.9589 -0.0000 0.2836
vn 0.3958 -0.0000 -0.9183
vn 0.9699 -0.0000 0.2434
vn 0.9392 -0.0000 0.3435
vn 0.3915 -0.0000 -0.9202
vn 0.9646 -0.0000 0.2637
vn 0.9318 -0.0000 0.3631
vn 0.3871 -0.0000 -0.9220
vn 0.9527 -0.0000 0.3040
vn 0.9239 -0.0000 0.3826
vn 0.3827 -0.0000 -0.9239
vn 0.0993 -0.0000 0.9951
vn 0.9157 -0.0000 0.4019
vn 0.3783 -0.0000 -0.9257
vn -0.8417 -0.0000 0.5399
vn -0.8301 -0.0000 0.5577
vn 0.3739 -0.0000 -0.9275
vn -0.8636 -0.0000 0.5041
vn 0.9833 -0.0000 0.1819
vn 0.3695 -0.0000 -0.9292
vn -0.8302 -0.0000 0.5575
vn 0.9793 -0.0000 0.2025
vn 0.3650 -0.0000 -0.9310
vn -0.8183 -0.0000 0.5748
vn 0.9589 -0.0000 0.2839
vn 0.3606 -0.0000 -0.9327
vn -0.8061 -0.0000 0.5918
vn -0.7935 -0.0000 0.6086
vn 0.3562 -0.0000 -0.9344
vn -0.7805 -0.0000 0.6252
vn -0.8529 -0.0000 0.5221
vn 0.3517 -0.0000 -0.9361
vn -0.7672 -0.0000 0.6414
vn 0.9999 -0.0000 0.0152
vn 0.3472 -0.0000 -0.9378
vn -0.7536 -0.0000 0.6574
vn 0.9993 -0.0000 0.0362
vn 0.3428 -0.0000 -0.9394
vn 0.2538 -0.0000 0.9673
vn 0.9984 -0.0000 0.0571
vn 0.3383 -0.0000 -0.9410
vn 0.9901 -0.0000 0.1407
vn 0.9969 -0.0000 0.0781
vn 0.3338 -0.0000 -0.9426
vn 0.9869 -0.0000 0.1614
vn 0.9951 -0.0000 0.0990
vn 0.3293 -0.0000 -0.9442
vn 0.9833 -0.0000 0.1821
vn 0.9928 -0.0000 0.1199
vn 0.3248 -0.0000 -0.9458
vn 0.9792 -0.0000 0.2027
vn -0.7109 -0.0000 0.7033
vn 0.3203 -0.0000 -0.9473
vn 0.2028 -0.0000 0.9792
vn 0.9951 -0.0000 0.0993
vn 0.3158 -0.0000 -0.9488
vn -0.7807 -0.0000 0.6249
vn 0.3041 -0.0000 0.9527
vn 0.3113 -0.0000 -0.9503
vn -0.7936 -0.0000 0.6084
vn -0.7674 -0.0000 0.6412
vn 0.3067 -0.0000 -0.9518
vn -0.8062 -0.0000 0.5916
vn -0.6807 -0.0000 0.7325
vn 0.3022 -0.0000 -0.9532
vn -0.7537 -0.0000 0.6572
vn -0.7111 -0.0000 0.7031
vn 0.2977 -0.0000 -0.9547
vn -0.7398 -0.0000 0.6728
vn -0.7257 -0.0000 0.6880
vn 0.2931 -0.0000 -0.9561
vn -0.7255 -0.0000 0.6882
vn -0.7400 -0.0000 0.6727
vn 0.2886 -0.0000 -0.9575
vn -0.6960 -0.0000 0.7181
vn 0.9960 -0.0000 -0.0894
vn 0.2840 -0.0000 -0.9588
vn 0.3535 -0.0000 0.9354
vn 0.9977 -0.0000 -0.0685
vn 0.2794 -0.0000 -0.9602
vn 0.9969 -0.0000 0.0783
vn 0.9989 -0.0000 -0.0475
vn 0.2749 -0.0000 -0.9615
vn -0.6962 -0.0000 0.7179
vn 0.9996 -0.0000 -0.0266
vn 0.2703 -0.0000 -0.9628
vn -0.6496 -0.0000 0.7603
vn 1.0000 -0.0000 -0.0056
vn 0.2657 -0.0000 -0.9641
vn -0.6335 -0.0000 0.7738
vn 0.9999 -0.0000 0.0154
vn 0.2611 -0.0000 -0.9653
vn 0.4493 -0.0000 0.8934
vn 0.9993 -0.0000 0.0364
vn 0.2565 -0.0000 -0.9665
vn 0.9812 -0.0000 -0.1930
vn 0.9984 -0.0000 0.0574
vn 0.2519 -0.0000 -0.9678
vn 0.9850 -0.0000 -0.1724
vn -0.6809 -0.0000 0.7323
vn 0.2473 -0.0000 -0.9689
vn 0.9884 -0.0000 -0.1517
vn -0.6654 -0.0000 0.7465
vn 0.2427 -0.0000 -0.9701
vn 0.9939 -0.0000 -0.1100
vn -0.6171 -0.0000 0.7869
vn 0.2381 -0.0000 -0.9712
vn 0.9989 -0.0000 -0.0473
vn -0.6004 -0.0000 0.7997
vn 0.2334 -0.0000 -0.9724
vn 0.9997 -0.0000 -0.0263
vn 0.9914 -0.0000 -0.1309
vn 0.2288 -0.0000 -0.9735
vn 1.0000 -0.0000 -0.0053
vn 0.4020 -0.0000 0.9157
vn 0.2242 -0.0000 -0.9745
vn -0.6337 -0.0000 0.7736
vn 0.9960 -0.0000 -0.0892
vn 0.2195 -0.0000 -0.9756
vn -0.6498 -0.0000 0.7601
vn 0.9977 -0.0000 -0.0682
vn 0.2149 -0.0000 -0.9766
vn -0.6656 -0.0000 0.7463
vn -0.5837 -0.0000 0.8120
vn 0.2102 -0.0000 -0.9776
vn -0.6173 -0.0000 0.7867
vn -0.5666 -0.0000 0.8240
vn 0.2056 -0.0000 -0.9786
vn -0.6007 -0.0000 0.7995
vn -0.5491 -0.0000 0.8357
vn 0.2009 -0.0000 -0.9796
vn -0.5315 -0.0000 0.8471
vn 0.9672 -0.0000 -0.2542
vn 0.1963 -0.0000 -0.9806
vn -0.5136 -0.0000 0.8581
vn 0.9493 -0.0000 -0.3143
vn 0.1916 -0.0000 -0.9815
vn 0.5403 -0.0000 0.8415
vn 0.9557 -0.0000 -0.2943
vn 0.1869 -0.0000 -0.9824
vn 0.9556 -0.0000 -0.2945
vn 0.9770 -0.0000 -0.2134
vn 0.1822 -0.0000 -0.9833
vn 0.9616 -0.0000 -0.2744
vn 0.9885 -0.0000 -0.1514
vn 0.1775 -0.0000 -0.9841
vn 0.9723 -0.0000 -0.2338
vn -0.4957 -0.0000 0.8685
vn 0.1729 -0.0000 -0.9849
vn 0.9812 -0.0000 -0.1928
vn 0.8932 -0.0000 -0.4497
vn 0.1682 -0.0000 -0.9858
vn 0.9851 -0.0000 -0.1721
vn -0.4775 -0.0000 0.8786
vn 0.1635 -0.0000 -0.9865
vn 0.9914 -0.0000 -0.1307
vt 0.000000 0.000000
s 0
f 3668/2/702 1331/2/702 1342/2/702 3667/2/702
f 3667/2/702 1342/2/702 1341/2/702 3666/2/702
f 3666/2/702 1341/2/702 2614/2/702 3665/2/702
f 3665/2/702 2614/2/702 2626/2/702 3664/2/702
f 3664/2/702 2626/2/702 2628/2/702 3663/2/702
f 3663/2/702 2628/2/702 1340/2/702 3662/2/702
f 3662/2/702 1340/2/702 2627/2/702 3661/2/702
f 3661/2/702 2627/2/702 1328/2/702 3660/2/702
f 3660/2/702 1328/2/702 1338/2/702 3659/2/702
f 3659/2/702 1338/2/702 1329/2/702 3658/2/702
f 3658/2/702 1329/2/702 2615/2/702 3657/2/702
f 3657/2/702 2615/2/702 2616/2/702 3656/2/702
f 3656/2/702 2616/2/702 1335/2/702 3655/2/702
f 3655/2/702 1335/2/702 2617/2/702 3654/2/702
f 3654/2/702 2617/2/702 1330/2/702 3653/2/702
f 3653/2/702 1330/2/702 1336/2/702 3652/2/702
f 3652/2/702 1336/2/702 2618/2/702 3651/2/702
f 3651/2/702 2618/2/702 2619/2/702 3650/2/702
f 3650/2/702 2619/2/702 2620/2/702 3649/2/702
f 3649/2/702 2620/2/702 1337/2/702 3648/2/702
f 3648/2/702 1337/2/702 2613/2/702 3647/2/702
f 3647/2/702 2613/2/702 2608/2/702 3646/2/702
f 3646/2/702 2608/2/702 2611/2/702 3645/2/702
f 3645/2/702 2611/2/702 2610/2/702 3644/2/702
f 3644/2/702 2610/2/702 2607/2/702 3643/2/702
f 3643/2/702 2607/2/702 2609/2/702 3642/2/702
f 3642/2/702 2609/2/702 2612/2/702 3641/2/702
f 3641/2/702 2612/2/702 1334/2/702 3640/2/702
f 3640/2/702 1334/2/702 2625/2/702 3639/2/702
f 3639/2/702 2625/2/702 2624/2/702 3638/2/702
f 3638/2/702 2624/2/702 1333/2/702 3637/2/702
f 3637/2/702 1333/2/702 2595/2/702 3636/2/702
f 3636/2/702 2595/2/702 2581/2/702 3635/2/702
f 3635/2/702 2581/2/702 2596/2/702 3634/2/702
f 3634/2/702 2596/2/702 2597/2/702 3633/2/702
f 3633/2/702 2597/2/702 2605/2/702 3632/2/702
f 3632/2/702 2605/2/702 2606/2/702 3631/2/702
f 3631/2/702 2606/2/702 2582/2/702 3630/2/702
f 3630/2/702 2582/2/702 2583/2/702 3629/2/702
f 3629/2/702 2583/2/702 2598/2/702 3628/2/702
f 3628/2/702 2598/2/702 2599/2/702 3627/2/702
f 3627/2/702 2599/2/702 2600/2/702 3626/2/702
f 3626/2/702 2600/2/702 2586/2/702 3625/2/702
f 3625/2/702 2586/2/702 2594/2/702 3624/2/702
f 3624/2/702 2594/2/702 2580/2/702 3623/2/702
f 3623/2/702 2580/2/702 2587/2/702 3622/2/702
f 3622/2/702 2587/2/702 2575/2/702 3621/2/702
f 3621/2/702 2575/2/702 2604/2/702 3620/2/702
f 3620/2/702 2604/2/702 2601/2/702 3619/2/702
f 3619/2/702 2601/2/702 2603/2/702 3618/2/702
f 3618/2/702 2603/2/702 2593/2/702 3617/2/702
f 3617/2/702 2593/2/702 2576/2/702 3616/2/702
f 3616/2/702 2576/2/702 2602/2/702 3615/2/702
f 3615/2/702 2602/2/702 2570/2/702 3614/2/702
f 3614/2/702 2570/2/702 2577/2/702 3613/2/702
f 3613/2/702 2577/2/702 2578/2/702 3612/2/702
f 3612/2/702 2578/2/702 2571/2/702 3611/2/702
f 3611/2/702 2571/2/702 2588/2/702 3610/2/702
f 3610/2/702 2588/2/702 2589/2/702 3609/2/702
f 3609/2/702 2589/2/702 2579/2/702 3608/2/702
f 3608/2/702 2579/2/702 2572/2/702 3607/2/702
f 3607/2/702 2572/2/702 2590/2/702 3606/2/702
f 3606/2/702 2590/2/702 2591/2/702 3605/2/702
f 3605/2/702 2591/2/702 2592/2/702 3604/2/702
f 3604/2/702 2592/2/702 2574/2/702 3603/2/702
f 3603/2/702 2574/2/702 2569/2/702 3602/2/702
f 3602/2/702 2569/2/702 2585/2/702 3601/2/702
f 3601/2/702 2585/2/702 2568/2/702 3600/2/702
f 3600/2/702 2568/2/702 2562/2/702 3599/2/702
f 3599/2/702 2562/2/702 2567/2/702 3598/2/702
f 3598/2/702 2567/2/702 2566/2/702 3597/2/702
f 3597/2/702 2566/2/702 2563/2/702 3596/2/702
f 3596/2/702 2563/2/702 2573/2/702 3595/2/702
f 3595/2/702 2573/2/702 2584/2/702 3594/2/702
f 3594/2/702 2584/2/702 2565/2/702 3593/2/702
f 3593/2/702 2565/2/702 2557/2/702 3592/2/702
f 3592/2/702 2557/2/702 2530/2/702 3591/2/702
f 3591/2/702 2530/2/702 2531/2/702 3590/2/702
f 3590/2/702 2531/2/702 2532/2/702 3589/2/702
f 3589/2/702 2532/2/702 2564/2/702 3588/2/702
f 3588/2/702 2564/2/702 2533/2/702 3587/2/702
f 3587/2/702 2533/2/702 2534/2/702 3586/2/702
f 3586/2/702 2534/2/702 2558/2/702 3585/2/702
f 3585/2/702 2558/2/702 2559/2/702 3584/2/702
f 3584/2/702 2559/2/702 2560/2/702 3583/2/702
f 3583/2/702 2560/2/702 2535/2/702 3582/2/702
f 3582/2/702 2535/2/702 2526/2/702 3581/2/702
f 3581/2/702 2526/2/702 2556/2/702 3580/2/702
f 3580/2/702 2556/2/702 2527/2/702 3579/2/702
f 3579/2/702 2527/2/702 2555/2/702 3578/2/702
f 3578/2/702 2555/2/702 2554/2/702 3577/2/702
f 3577/2/702 2554/2/702 2529/2/702 3576/2/702
f 3576/2/702 2529/2/702 2528/2/702 3575/2/702
f 3575/2/702 2528/2/702 2540/2/702 3574/2/702
f 3574/2/702 2540/2/702 2553/2/702 3573/2/702
f 3573/2/702 2553/2/702 2552/2/702 3572/2/702
f 3572/2/702 2552/2/702 2561/2/702 3571/2/702
f 3571/2/702 2561/2/702 2541/2/702 3570/2/702
f 3570/2/702 2541/2/702 2542/2/702 3569/2/702
f 3569/2/702 2542/2/702 2543/2/702 3568/2/702
f 3568/2/702 2543/2/702 2544/2/702 3567/2/702
f 3567/2/702 2544/2/702 2545/2/702 3566/2/702
f 3566/2/702 2545/2/702 2546/2/702 3565/2/702
f 3565/2/702 2546/2/702 2547/2/702 3564/2/702
f 3564/2/702 2547/2/702 2548/2/702 3563/2/702
f 3563/2/702 2548/2/702 2549/2/702 3562/2/702
f 3562/2/702 2549/2/702 2550/2/702 3561/2/702
f 3561/2/702 2550/2/702 2551/2/702 3560/2/702
f 3560/2/702 2551/2/702 2522/2/702 3559/2/702
f 3559/2/702 2522/2/702 2525/2/702 3558/2/702
f 3558/2/702 2525/2/702 2539/2/702 3557/2/702
f 3557/2/702 2539/2/702 2521/2/702 3556/2/702
f 3556/2/702 2521/2/702 2520/2/702 3555/2/702
f 3555/2/702 2520/2/702 2524/2/702 3554/2/702
f 3554/2/702 2524/2/702 2538/2/702 3553/2/702
f 3553/2/702 2538/2/702 2537/2/702 3552/2/702
f 3552/2/702 2537/2/702 2536/2/702 3551/2/702
f 3551/2/702 2536/2/702 2514/2/702 3550/2/702
f 3550/2/702 2514/2/702 2523/2/702 3549/2/702
f 3549/2/702 2523/2/702 2494/2/702 3548/2/702
f 3548/2/702 2494/2/702 2515/2/702 3547/2/702
f 3547/2/702 2515/2/702 2505/2/702 3546/2/702
f 3546/2/702 2505/2/702 2495/2/702 3545/2/702
f 3545/2/702 2495/2/702 2496/2/702 3544/2/702
f 3544/2/702 2496/2/702 2516/2/702 3543/2/702
f 3543/2/702 2516/2/702 2517/2/702 3542/2/702
f 3542/2/702 2517/2/702 2506/2/702 3541/2/702
f 3541/2/702 2506/2/702 2518/2/702 3540/2/702
f 3540/2/702 2518/2/702 2519/2/702 3539/2/702
f 3539/2/702 2519/2/702 2507/2/702 3538/2/702
f 3538/2/702 2507/2/702 2512/2/702 3537/2/702
f 3537/2/702 2512/2/702 2504/2/702 3536/2/702
f 3536/2/702 2504/2/702 2503/2/702 3535/2/702
f 3535/2/702 2503/2/702 2511/2/702 3534/2/702
f 3534/2/702 2511/2/702 2510/2/702 3533/2/702
f 3533/2/702 2510/2/702 2513/2/702 3532/2/702
f 3532/2/702 2513/2/702 2490/2/702 3531/2/702
f 3531/2/702 2490/2/702 2500/2/702 3530/2/702
f 3530/2/702 2500/2/702 2509/2/702 3529/2/702
f 3529/2/702 2509/2/702 2493/2/702 3528/2/702
f 3528/2/702 2493/2/702 2508/2/702 3527/2/702
f 3527/2/702 2508/2/702 2491/2/702 3526/2/702
f 3526/2/702 2491/2/702 2492/2/702 3525/2/702
f 3525/2/702 2492/2/702 2482/2/702 3524/2/702
f 3524/2/702 2482/2/702 2501/2/702 3523/2/702
f 3523/2/702 2501/2/702 2483/2/702 3522/2/702
f 3522/2/702 2483/2/702 2502/2/702 3521/2/702
f 3521/2/702 2502/2/702 2484/2/702 3520/2/702
f 3520/2/702 2484/2/702 2485/2/702 3519/2/702
f 3519/2/702 2485/2/702 2486/2/702 3518/2/702
f 3518/2/702 2486/2/702 2487/2/702 3517/2/702
f 3517/2/702 2487/2/702 2488/2/702 3516/2/702
f 3516/2/702 2488/2/702 2497/2/702 3515/2/702
f 3515/2/702 2497/2/702 2481/2/702 3514/2/702
f 3514/2/702 2481/2/702 2468/2/702 3513/2/702
f 3513/2/702 2468/2/702 2480/2/702 3512/2/702
f 3512/2/702 2480/2/702 2479/2/702 3511/2/702
f 3511/2/702 2479/2/702 2499/2/702 3510/2/702
f 3510/2/702 2499/2/702 2469/2/702 3509/2/702
f 3509/2/702 2469/2/702 2489/2/702 3508/2/702
f 3508/2/702 2489/2/702 2498/2/702 3507/2/702
f 3507/2/702 2498/2/702 2478/2/702 3506/2/702
f 3506/2/702 2478/2/702 2470/2/702 3505/2/702
f 3505/2/702 2470/2/702 2471/2/702 3504/2/702
f 3504/2/702 2471/2/702 2472/2/702 3503/2/702
f 3503/2/702 2472/2/702 2452/2/702 3502/2/702
f 3502/2/702 2452/2/702 2473/2/702 3501/2/702
f 3501/2/702 2473/2/702 2465/2/702 3500/2/702
f 3500/2/702 2465/2/702 2474/2/702 3499/2/702
f 3499/2/702 2474/2/702 2475/2/702 3498/2/702
f 3498/2/702 2475/2/702 2466/2/702 3497/2/702
f 3497/2/702 2466/2/702 2476/2/702 3496/2/702
f 3496/2/702 2476/2/702 2477/2/702 3495/2/702
f 3495/2/702 2477/2/702 2467/2/702 3494/2/702
f 3494/2/702 2467/2/702 2451/2/702 3493/2/702
f 3493/2/702 2451/2/702 2442/2/702 3492/2/702
f 3492/2/702 2442/2/702 2450/2/702 3491/2/702
f 3491/2/702 2450/2/702 2464/2/702 3490/2/702
f 3490/2/702 2464/2/702 2463/2/702 3489/2/702
f 3489/2/702 2463/2/702 2462/2/702 3488/2/702
f 3488/2/702 2462/2/702 2461/2/702 3487/2/702
f 3487/2/702 2461/2/702 2449/2/702 3486/2/702
f 3486/2/702 2449/2/702 2448/2/702 3485/2/702
f 3485/2/702 2448/2/702 2458/2/702 3484/2/702
f 3484/2/702 2458/2/702 2443/2/702 3483/2/702
f 3483/2/702 2443/2/702 2433/2/702 3482/2/702
f 3482/2/702 2433/2/702 2444/2/702 3481/2/702
f 3481/2/702 2444/2/702 2434/2/702 3480/2/702
f 3480/2/702 2434/2/702 2435/2/702 3479/2/702
f 3479/2/702 2435/2/702 2445/2/702 3478/2/702
f 3478/2/702 2445/2/702 2436/2/702 3477/2/702
f 3477/2/702 2436/2/702 2459/2/702 3476/2/702
f 3476/2/702 2459/2/702 2437/2/702 3475/2/702
f 3475/2/702 2437/2/702 2460/2/702 3474/2/702
f 3474/2/702 2460/2/702 2446/2/702 3473/2/702
f 3473/2/702 2446/2/702 2447/2/702 3472/2/702
f 3472/2/702 2447/2/702 2457/2/702 3471/2/702
f 3471/2/702 2457/2/702 2429/2/702 3470/2/702
f 3470/2/702 2429/2/702 2456/2/702 3469/2/702
f 3469/2/702 2456/2/702 2455/2/702 3468/2/702
f 3468/2/702 2455/2/702 2454/2/702 3467/2/702
f 3467/2/702 2454/2/702 2440/2/702 3466/2/702
f 3466/2/702 2440/2/702 2441/2/702 3465/2/702
f 3465/2/702 2441/2/702 2453/2/702 3464/2/702
f 3464/2/702 2453/2/702 2439/2/702 3463/2/702
f 3463/2/702 2439/2/702 2438/2/702 3462/2/702
f 3462/2/702 2438/2/702 2430/2/702 3461/2/702
f 3461/2/702 2430/2/702 2431/2/702 3460/2/702
f 3460/2/702 2431/2/702 2421/2/702 3459/2/702
f 3459/2/702 2421/2/702 2405/2/702 3458/2/702
f 3458/2/702 2405/2/702 2432/2/702 3457/2/702
f 3457/2/702 2432/2/702 2406/2/702 3456/2/702
f 3456/2/702 2406/2/702 2407/2/702 3455/2/702
f 3455/2/702 2407/2/702 2408/2/702 3454/2/702
f 3454/2/702 2408/2/702 2422/2/702 3453/2/702
f 3453/2/702 2422/2/702 2409/2/702 3452/2/702
f 3452/2/702 2409/2/702 2423/2/702 3451/2/702
f 3451/2/702 2423/2/702 2410/2/702 3450/2/702
f 3450/2/702 2410/2/702 2411/2/702 3449/2/702
f 3449/2/702 2411/2/702 2428/2/702 3448/2/702
f 3448/2/702 2428/2/702 2425/2/702 3447/2/702
f 3447/2/702 2425/2/702 2402/2/702 3446/2/702
f 3446/2/702 2402/2/702 2420/2/702 3445/2/702
f 3445/2/702 2420/2/702 2419/2/702 3444/2/702
f 3444/2/702 2419/2/702 2427/2/702 3443/2/702
f 3443/2/702 2427/2/702 2404/2/702 3442/2/702
f 3442/2/702 2404/2/702 2424/2/702 3441/2/702
f 3441/2/702 2424/2/702 2426/2/702 3440/2/702
f 3440/2/702 2426/2/702 2418/2/702 3439/2/702
f 3439/2/702 2418/2/702 2394/2/702 3438/2/702
f 3438/2/702 2394/2/702 2412/2/702 3437/2/702
f 3437/2/702 2412/2/702 2395/2/702 3436/2/702
f 3436/2/702 2395/2/702 2396/2/702 3435/2/702
f 3435/2/702 2396/2/702 2413/2/702 3434/2/702
f 3434/2/702 2413/2/702 2414/2/702 3433/2/702
f 3433/2/702 2414/2/702 2403/2/702 3432/2/702
f 3432/2/702 2403/2/702 2415/2/702 3431/2/702
f 3431/2/702 2415/2/702 2416/2/702 3430/2/702
f 3430/2/702 2416/2/702 2397/2/702 3429/2/702
f 3429/2/702 2397/2/702 2417/2/702 3428/2/702
f 3428/2/702 2417/2/702 2399/2/702 3427/2/702
f 3427/2/702 2399/2/702 2393/2/702 3426/2/702
f 3426/2/702 2393/2/702 2382/2/702 3425/2/702
f 3425/2/702 2382/2/702 2383/2/702 3424/2/702
f 3424/2/702 2383/2/702 2384/2/702 3423/2/702
f 3423/2/702 2384/2/702 2385/2/702 3422/2/702
f 3422/2/702 2385/2/702 2401/2/702 3421/2/702
f 3421/2/702 2401/2/702 2398/2/702 3420/2/702
f 3420/2/702 2398/2/702 2392/2/702 3419/2/702
f 3419/2/702 2392/2/702 2386/2/702 3418/2/702
f 3418/2/702 2386/2/702 2400/2/702 3417/2/702
f 3417/2/702 2400/2/702 2376/2/702 3416/2/702
f 3416/2/702 2376/2/702 2379/2/702 3415/2/702
f 3415/2/702 2379/2/702 2387/2/702 3414/2/702
f 3414/2/702 2387/2/702 2377/2/702 3413/2/702
f 3413/2/702 2377/2/702 2378/2/702 3412/2/702
f 3412/2/702 2378/2/702 2388/2/702 3411/2/702
f 3411/2/702 2388/2/702 2389/2/702 3410/2/702
f 3410/2/702 2389/2/702 2390/2/702 3409/2/702
f 3409/2/702 2390/2/702 2380/2/702 3408/2/702
f 3408/2/702 2380/2/702 2391/2/702 3407/2/702
f 3407/2/702 2391/2/702 2381/2/702 3406/2/702
f 3406/2/702 2381/2/702 2356/2/702 3405/2/702
f 3405/2/702 2356/2/702 2357/2/702 3404/2/702
f 3404/2/702 2357/2/702 2358/2/702 3403/2/702
f 3403/2/702 2358/2/702 2375/2/702 3402/2/702
f 3402/2/702 2375/2/702 2359/2/702 3401/2/702
f 3401/2/702 2359/2/702 2360/2/702 3400/2/702
f 3400/2/702 2360/2/702 2361/2/702 3399/2/702
f 3399/2/702 2361/2/702 2374/2/702 3398/2/702
f 3398/2/702 2374/2/702 2373/2/702 3397/2/702
f 3397/2/702 2373/2/702 2372/2/702 3396/2/702
f 3396/2/702 2372/2/702 2371/2/702 3395/2/702
f 3395/2/702 2371/2/702 2362/2/702 3394/2/702
f 3394/2/702 2362/2/702 2363/2/702 3393/2/702
f 3393/2/702 2363/2/702 2364/2/702 3392/2/702
f 3392/2/702 2364/2/702 2365/2/702 3391/2/702
f 3391/2/702 2365/2/702 2366/2/702 3390/2/702
f 3390/2/702 2366/2/702 2367/2/702 3389/2/702
f 3389/2/702 2367/2/702 2368/2/702 3388/2/702
f 3388/2/702 2368/2/702 2369/2/702 3387/2/702
f 3387/2/702 2369/2/702 2370/2/702 3386/2/702
f 3386/2/702 2370/2/702 2348/2/702 3385/2/702
f 3385/2/702 2348/2/702 2349/2/702 3384/2/702
f 3384/2/702 2349/2/702 2353/2/702 3383/2/702
f 3383/2/702 2353/2/702 2352/2/702 3382/2/702
f 3382/2/702 2352/2/702 2335/2/702 3381/2/702
f 3381/2/702 2335/2/702 2336/2/702 3380/2/702
f 3380/2/702 2336/2/702 2351/2/702 3379/2/702
f 3379/2/702 2351/2/702 2347/2/702 3378/2/702
f 3378/2/702 2347/2/702 2355/2/702 3377/2/702
f 3377/2/702 2355/2/702 2354/2/702 3376/2/702
f 3376/2/702 2354/2/702 2337/2/702 3375/2/702
f 3375/2/702 2337/2/702 2350/2/702 3374/2/702
f 3374/2/702 2350/2/702 2346/2/702 3373/2/702
f 3373/2/702 2346/2/702 2338/2/702 3372/2/702
f 3372/2/702 2338/2/702 2339/2/702 3371/2/702
f 3371/2/702 2339/2/702 2340/2/702 3370/2/702
f 3370/2/702 2340/2/702 2341/2/702 3369/2/702
f 3369/2/702 2341/2/702 2342/2/702 3368/2/702
f 3368/2/702 2342/2/702 2343/2/702 3367/2/702
f 3367/2/702 2343/2/702 2344/2/702 3366/2/702
f 3366/2/702 2344/2/702 2328/2/702 3365/2/702
f 3365/2/702 2328/2/702 2318/2/702 3364/2/702
f 3364/2/702 2318/2/702 2329/2/702 3363/2/702
f 3363/2/702 2329/2/702 2345/2/702 3362/2/702
f 3362/2/702 2345/2/702 2327/2/702 3361/2/702
f 3361/2/702 2327/2/702 2334/2/702 3360/2/702
f 3360/2/702 2334/2/702 2331/2/702 3359/2/702
f 3359/2/702 2331/2/702 2326/2/702 3358/2/702
f 3358/2/702 2326/2/702 2325/2/702 3357/2/702
f 3357/2/702 2325/2/702 2317/2/702 3356/2/702
f 3356/2/702 2317/2/702 2322/2/702 3355/2/702
f 3355/2/702 2322/2/702 2313/2/702 3354/2/702
f 3354/2/702 2313/2/702 2333/2/702 3353/2/702
f 3353/2/702 2333/2/702 2332/2/702 3352/2/702
f 3352/2/702 2332/2/702 2330/2/702 3351/2/702
f 3351/2/702 2330/2/702 2314/2/702 3350/2/702
f 3350/2/702 2314/2/702 2304/2/702 3349/2/702
f 3349/2/702 2304/2/702 2315/2/702 3348/2/702
f 3348/2/702 2315/2/702 2305/2/702 3347/2/702
f 3347/2/702 2305/2/702 2306/2/702 3346/2/702
f 3346/2/702 2306/2/702 2307/2/702 3345/2/702
f 3345/2/702 2307/2/702 2316/2/702 3344/2/702
f 3344/2/702 2316/2/702 2308/2/702 3343/2/702
f 3343/2/702 2308/2/702 2323/2/702 3342/2/702
f 3342/2/702 2323/2/702 2324/2/702 3341/2/702
f 3341/2/702 2324/2/702 2309/2/702 3340/2/702
f 3340/2/702 2309/2/702 2321/2/702 3339/2/702
f 3339/2/702 2321/2/702 2290/2/702 3338/2/702
f 3338/2/702 2290/2/702 2291/2/702 3337/2/702
f 3337/2/702 2291/2/702 2319/2/702 3336/2/702
f 3336/2/702 2319/2/702 2292/2/702 3335/2/702
f 3335/2/702 2292/2/702 2311/2/702 3334/2/702
f 3334/2/702 2311/2/702 2303/2/702 3333/2/702
f 3333/2/702 2303/2/702 2320/2/702 3332/2/702
f 3332/2/702 2320/2/702 2293/2/702 3331/2/702
f 3331/2/702 2293/2/702 2312/2/702 3330/2/702
f 3330/2/702 2312/2/702 2310/2/702 3329/2/702
f 3329/2/702 2310/2/702 2288/2/702 3328/2/702
f 3328/2/702 2288/2/702 2294/2/702 3327/2/702
f 3327/2/702 2294/2/702 2295/2/702 3326/2/702
f 3326/2/702 2295/2/702 2296/2/702 3325/2/702
f 3325/2/702 2296/2/702 2297/2/702 3324/2/702
f 3324/2/702 2297/2/702 2283/2/702 3323/2/702
f 3323/2/702 2283/2/702 2298/2/702 3322/2/702
f 3322/2/702 2298/2/702 2299/2/702 3321/2/702
f 3321/2/702 2299/2/702 2300/2/702 3320/2/702
f 3320/2/702 2300/2/702 2301/2/702 3319/2/702
f 3319/2/702 2301/2/702 2302/2/702 3318/2/702
f 3318/2/702 2302/2/702 2289/2/702 3317/2/702
f 3317/2/702 2289/2/702 2269/2/702 3316/2/702
f 3316/2/702 2269/2/702 2270/2/702 3315/2/702
f 3315/2/702 2270/2/702 2271/2/702 3314/2/702
f 3314/2/702 2271/2/702 2272/2/702 3313/2/702
f 3313/2/702 2272/2/702 2282/2/702 3312/2/702
f 3312/2/702 2282/2/702 2281/2/702 3311/2/702
f 3311/2/702 2281/2/702 2285/2/702 3310/2/702
f 3310/2/702 2285/2/702 2286/2/702 3309/2/702
f 3309/2/702 2286/2/702 2280/2/702 3308/2/702
f 3308/2/702 2280/2/702 2279/2/702 3307/2/702
f 3307/2/702 2279/2/702 2260/2/702 3306/2/702
f 3306/2/702 2260/2/702 2261/2/702 3305/2/702
f 3305/2/702 2261/2/702 2262/2/702 3304/2/702
f 3304/2/702 2262/2/702 2287/2/702 3303/2/702
f 3303/2/702 2287/2/702 2263/2/702 3302/2/702
f 3302/2/702 2263/2/702 2273/2/702 3301/2/702
f 3301/2/702 2273/2/702 2274/2/702 3300/2/702
f 3300/2/702 2274/2/702 2275/2/702 3299/2/702
f 3299/2/702 2275/2/702 2276/2/702 3298/2/702
f 3298/2/702 2276/2/702 2277/2/702 3297/2/702
f 3297/2/702 2277/2/702 2278/2/702 3296/2/702
f 3296/2/702 2278/2/702 2252/2/702 3295/2/702
f 3295/2/702 2252/2/702 2284/2/702 3294/2/702
f 3294/2/702 2284/2/702 2267/2/702 3293/2/702
f 3293/2/702 2267/2/702 2266/2/702 3292/2/702
f 3292/2/702 2266/2/702 2265/2/702 3291/2/702
f 3291/2/702 2265/2/702 2253/2/702 3290/2/702
f 3290/2/702 2253/2/702 2264/2/702 3289/2/702
f 3289/2/702 2264/2/702 2254/2/702 3288/2/702
f 3288/2/702 2254/2/702 2259/2/702 3287/2/702
f 3287/2/702 2259/2/702 2268/2/702 3286/2/702
f 3286/2/702 2268/2/702 2255/2/702 3285/2/702
f 3285/2/702 2255/2/702 2245/2/702 3284/2/702
f 3284/2/702 2245/2/702 2256/2/702 3283/2/702
f 3283/2/702 2256/2/702 2257/2/702 3282/2/702
f 3282/2/702 2257/2/702 2258/2/702 3281/2/702
f 3281/2/702 2258/2/702 2246/2/702 3280/2/702
f 3280/2/702 2246/2/702 2233/2/702 3279/2/702
f 3279/2/702 2233/2/702 2247/2/702 3278/2/702
f 3278/2/702 2247/2/702 2234/2/702 3277/2/702
f 3277/2/702 2234/2/702 2235/2/702 3276/2/702
f 3276/2/702 2235/2/702 2236/2/702 3275/2/702
f 3275/2/702 2236/2/702 2237/2/702 3274/2/702
f 3274/2/702 2237/2/702 2232/2/702 3273/2/702
f 3273/2/702 2232/2/702 2231/2/702 3272/2/702
f 3272/2/702 2231/2/702 2223/2/702 3271/2/702
f 3271/2/702 2223/2/702 2224/2/702 3270/2/702
f 3270/2/702 2224/2/702 2249/2/702 3269/2/702
f 3269/2/702 2249/2/702 2248/2/702 3268/2/702
f 3268/2/702 2248/2/702 2251/2/702 3267/2/702
f 3267/2/702 2251/2/702 2230/2/702 3266/2/702
f 3266/2/702 2230/2/702 2229/2/702 3265/2/702
f 3265/2/702 2229/2/702 2244/2/702 3264/2/702
f 3264/2/702 2244/2/702 2250/2/702 3263/2/702
f 3263/2/702 2250/2/702 2242/2/702 3262/2/702
f 3262/2/702 2242/2/702 2216/2/702 3261/2/702
f 3261/2/702 2216/2/702 2243/2/702 3260/2/702
f 3260/2/702 2243/2/702 2225/2/702 3259/2/702
f 3259/2/702 2225/2/702 2226/2/702 3258/2/702
f 3258/2/702 2226/2/702 2217/2/702 3257/2/702
f 3257/2/702 2217/2/702 2218/2/702 3256/2/702
f 3256/2/702 2218/2/702 2227/2/702 3255/2/702
f 3255/2/702 2227/2/702 2219/2/702 3254/2/702
f 3254/2/702 2219/2/702 2228/2/702 3253/2/702
f 3253/2/702 2228/2/702 2220/2/702 3252/2/702
f 3252/2/702 2220/2/702 2240/2/702 3251/2/702
f 3251/2/702 2240/2/702 2239/2/702 3250/2/702
f 3250/2/702 2239/2/702 2206/2/702 3249/2/702
f 3249/2/702 2206/2/702 2221/2/702 3248/2/702
f 3248/2/702 2221/2/702 2215/2/702 3247/2/702
f 3247/2/702 2215/2/702 2222/2/702 3246/2/702
f 3246/2/702 2222/2/702 2241/2/702 3245/2/702
f 3245/2/702 2241/2/702 2207/2/702 3244/2/702
f 3244/2/702 2207/2/702 2238/2/702 3243/2/702
f 3243/2/702 2238/2/702 2214/2/702 3242/2/702
f 3242/2/702 2214/2/702 2213/2/702 3241/2/702
f 3241/2/702 2213/2/702 2197/2/702 3240/2/702
f 3240/2/702 2197/2/702 2198/2/702 3239/2/702
f 3239/2/702 2198/2/702 2208/2/702 3238/2/702
f 3238/2/702 2208/2/702 2209/2/702 3237/2/702
f 3237/2/702 2209/2/702 2199/2/702 3236/2/702
f 3236/2/702 2199/2/702 2200/2/702 3235/2/702
f 3235/2/702 2200/2/702 2210/2/702 3234/2/702
f 3234/2/702 2210/2/702 2181/2/702 3233/2/702
f 3233/2/702 2181/2/702 2201/2/702 3232/2/702
f 3232/2/702 2201/2/702 2211/2/702 3231/2/702
f 3231/2/702 2211/2/702 2212/2/702 3230/2/702
f 3230/2/702 2212/2/702 2196/2/702 3229/2/702
f 3229/2/702 2196/2/702 2185/2/702 3228/2/702
f 3228/2/702 2185/2/702 2195/2/702 3227/2/702
f 3227/2/702 2195/2/702 2194/2/702 3226/2/702
f 3226/2/702 2194/2/702 2180/2/702 3225/2/702
f 3225/2/702 2180/2/702 2179/2/702 3224/2/702
f 3224/2/702 2179/2/702 2203/2/702 3223/2/702
f 3223/2/702 2203/2/702 2205/2/702 3222/2/702
f 3222/2/702 2205/2/702 2193/2/702 3221/2/702
f 3221/2/702 2193/2/702 2202/2/702 3220/2/702
f 3220/2/702 2202/2/702 2204/2/702 3219/2/702
f 3219/2/702 2204/2/702 2186/2/702 3218/2/702
f 3218/2/702 2186/2/702 2187/2/702 3217/2/702
f 3217/2/702 2187/2/702 2188/2/702 3216/2/702
f 3216/2/702 2188/2/702 2189/2/702 3215/2/702
f 3215/2/702 2189/2/702 2190/2/702 3214/2/702
f 3214/2/702 2190/2/702 2191/2/702 3213/2/702
f 3213/2/702 2191/2/702 2174/2/702 3212/2/702
f 3212/2/702 2174/2/702 2178/2/702 3211/2/702
f 3211/2/702 2178/2/702 2192/2/702 3210/2/702
f 3210/2/702 2192/2/702 2175/2/702 3209/2/702
f 3209/2/702 2175/2/702 2176/2/702 3208/2/702
f 3208/2/702 2176/2/702 2183/2/702 3207/2/702
f 3207/2/702 2183/2/702 2177/2/702 3206/2/702
f 3206/2/702 2177/2/702 2182/2/702 3205/2/702
f 3205/2/702 2182/2/702 2164/2/702 3204/2/702
f 3204/2/702 2164/2/702 2173/2/702 3203/2/702
f 3203/2/702 2173/2/702 2165/2/702 3202/2/702
f 3202/2/702 2165/2/702 2166/2/702 3201/2/702
f 3201/2/702 2166/2/702 2172/2/702 3200/2/702
f 3200/2/702 2172/2/702 2167/2/702 3199/2/702
f 3199/2/702 2167/2/702 2168/2/702 3198/2/702
f 3198/2/702 2168/2/702 2184/2/702 3197/2/702
f 3197/2/702 2184/2/702 2163/2/702 3196/2/702
f 3196/2/702 2163/2/702 2156/2/702 3195/2/702
f 3195/2/702 2156/2/702 2157/2/702 3194/2/702
f 3194/2/702 2157/2/702 2158/2/702 3193/2/702
f 3193/2/702 2158/2/702 2159/2/702 3192/2/702
f 3192/2/702 2159/2/702 2160/2/702 3191/2/702
f 3191/2/702 2160/2/702 2169/2/702 3190/2/702
f 3190/2/702 2169/2/702 2161/2/702 3189/2/702
f 3189/2/702 2161/2/702 2170/2/702 3188/2/702
f 3188/2/702 2170/2/702 2171/2/702 3187/2/702
f 3187/2/702 2171/2/702 2162/2/702 3186/2/702
f 3186/2/702 2162/2/702 2141/2/702 3185/2/702
f 3185/2/702 2141/2/702 2142/2/702 3184/2/702
f 3184/2/702 2142/2/702 2143/2/702 3183/2/702
f 3183/2/702 2143/2/702 2144/2/702 3182/2/702
f 3182/2/702 2144/2/702 2145/2/702 3181/2/702
f 3181/2/702 2145/2/702 2146/2/702 3180/2/702
f 3180/2/702 2146/2/702 2147/2/702 3179/2/702
f 3179/2/702 2147/2/702 2148/2/702 3178/2/702
f 3178/2/702 2148/2/702 2149/2/702 3177/2/702
f 3177/2/702 2149/2/702 2155/2/702 3176/2/702
f 3176/2/702 2155/2/702 2150/2/702 3175/2/702
f 3175/2/702 2150/2/702 2128/2/702 3174/2/702
f 3174/2/702 2128/2/702 2129/2/702 3173/2/702
f 3173/2/702 2129/2/702 2151/2/702 3172/2/702
f 3172/2/702 2151/2/702 2152/2/702 3171/2/702
f 3171/2/702 2152/2/702 2153/2/702 3170/2/702
f 3170/2/702 2153/2/702 2130/2/702 3169/2/702
f 3169/2/702 2130/2/702 2131/2/702 3168/2/702
f 3168/2/702 2131/2/702 2154/2/702 3167/2/702
f 3167/2/702 2154/2/702 2132/2/702 3166/2/702
f 3166/2/702 2132/2/702 2133/2/702 3165/2/702
f 3165/2/702 2133/2/702 2134/2/702 3164/2/702
f 3164/2/702 2134/2/702 2119/2/702 3163/2/702
f 3163/2/702 2119/2/702 2139/2/702 3162/2/702
f 3162/2/702 2139/2/702 2127/2/702 3161/2/702
f 3161/2/702 2127/2/702 2138/2/702 3160/2/702
f 3160/2/702 2138/2/702 2120/2/702 3159/2/702
f 3159/2/702 2120/2/702 2121/2/702 3158/2/702
f 3158/2/702 2121/2/702 2137/2/702 3157/2/702
f 3157/2/702 2137/2/702 2122/2/702 3156/2/702
f 3156/2/702 2122/2/702 2136/2/702 3155/2/702
f 3155/2/702 2136/2/702 2135/2/702 3154/2/702
f 3154/2/702 2135/2/702 2140/2/702 3153/2/702
f 3153/2/702 2140/2/702 2098/2/702 3152/2/702
f 3152/2/702 2098/2/702 2099/2/702 3151/2/702
f 3151/2/702 2099/2/702 2114/2/702 3150/2/702
f 3150/2/702 2114/2/702 2123/2/702 3149/2/702
f 3149/2/702 2123/2/702 2100/2/702 3148/2/702
f 3148/2/702 2100/2/702 2101/2/702 3147/2/702
f 3147/2/702 2101/2/702 2102/2/702 3146/2/702
f 3146/2/702 2102/2/702 2103/2/702 3145/2/702
f 3145/2/702 2103/2/702 2124/2/702 3144/2/702
f 3144/2/702 2124/2/702 2125/2/702 3143/2/702
f 3143/2/702 2125/2/702 2126/2/702 3142/2/702
f 3142/2/702 2126/2/702 2116/2/702 3141/2/702
f 3141/2/702 2116/2/702 2097/2/702 3140/2/702
f 3140/2/702 2097/2/702 2115/2/702 3139/2/702
f 3139/2/702 2115/2/702 2118/2/702 3138/2/702
f 3138/2/702 2118/2/702 2113/2/702 3137/2/702
f 3137/2/702 2113/2/702 2112/2/702 3136/2/702
f 3136/2/702 2112/2/702 2088/2/702 3135/2/702
f 3135/2/702 2088/2/702 2089/2/702 3134/2/702
f 3134/2/702 2089/2/702 2096/2/702 3133/2/702
f 3133/2/702 2096/2/702 2117/2/702 3132/2/702
f 3132/2/702 2117/2/702 2108/2/702 3131/2/702
f 3131/2/702 2108/2/702 2109/2/702 3130/2/702
f 3130/2/702 2109/2/702 2090/2/702 3129/2/702
f 3129/2/702 2090/2/702 2091/2/702 3128/2/702
f 3128/2/702 2091/2/702 2084/2/702 3127/2/702
f 3127/2/702 2084/2/702 2092/2/702 3126/2/702
f 3126/2/702 2092/2/702 2110/2/702 3125/2/702
f 3125/2/702 2110/2/702 2111/2/702 3124/2/702
f 3124/2/702 2111/2/702 2093/2/702 3123/2/702
f 3123/2/702 2093/2/702 2094/2/702 3122/2/702
f 3122/2/702 2094/2/702 2085/2/702 3121/2/702
f 3121/2/702 2085/2/702 2095/2/702 3120/2/702
f 3120/2/702 2095/2/702 2107/2/702 3119/2/702
f 3119/2/702 2107/2/702 2077/2/702 3118/2/702
f 3118/2/702 2077/2/702 2105/2/702 3117/2/702
f 3117/2/702 2105/2/702 2104/2/702 3116/2/702
f 3116/2/702 2104/2/702 2106/2/702 3115/2/702
f 3115/2/702 2106/2/702 2078/2/702 3114/2/702
f 3114/2/702 2078/2/702 2086/2/702 3113/2/702
f 3113/2/702 2086/2/702 2083/2/702 3112/2/702
f 3112/2/702 2083/2/702 2079/2/702 3111/2/702
f 3111/2/702 2079/2/702 2087/2/702 3110/2/702
f 3110/2/702 2087/2/702 2082/2/702 3109/2/702
f 3109/2/702 2082/2/702 2058/2/702 3108/2/702
f 3108/2/702 2058/2/702 2080/2/702 3107/2/702
f 3107/2/702 2080/2/702 2059/2/702 3106/2/702
f 3106/2/702 2059/2/702 2060/2/702 3105/2/702
f 3105/2/702 2060/2/702 2061/2/702 3104/2/702
f 3104/2/702 2061/2/702 2068/2/702 3103/2/702
f 3103/2/702 2068/2/702 2069/2/702 3102/2/702
f 3102/2/702 2069/2/702 2070/2/702 3101/2/702
f 3101/2/702 2070/2/702 2071/2/702 3100/2/702
f 3100/2/702 2071/2/702 2072/2/702 3099/2/702
f 3099/2/702 2072/2/702 2081/2/702 3098/2/702
f 3098/2/702 2081/2/702 2074/2/702 3097/2/702
f 3097/2/702 2074/2/702 2067/2/702 3096/2/702
f 3096/2/702 2067/2/702 2066/2/702 3095/2/702
f 3095/2/702 2066/2/702 2076/2/702 3094/2/702
f 3094/2/702 2076/2/702 2075/2/702 3093/2/702
f 3093/2/702 2075/2/702 2065/2/702 3092/2/702
f 3092/2/702 2065/2/702 2073/2/702 3091/2/702
f 3091/2/702 2073/2/702 2062/2/702 3090/2/702
f 3090/2/702 2062/2/702 2056/2/702 3089/2/702
f 3089/2/702 2056/2/702 2063/2/702 3088/2/702
f 3088/2/702 2063/2/702 2064/2/702 3087/2/702
f 3087/2/702 2064/2/702 2057/2/702 3086/2/702
f 3086/2/702 2057/2/702 2040/2/702 3085/2/702
f 3085/2/702 2040/2/702 2041/2/702 3084/2/702
f 3084/2/702 2041/2/702 2042/2/702 3083/2/702
f 3083/2/702 2042/2/702 2043/2/702 3082/2/702
f 3082/2/702 2043/2/702 2044/2/702 3081/2/702
f 3081/2/702 2044/2/702 2045/2/702 3080/2/702
f 3080/2/702 2045/2/702 2046/2/702 3079/2/702
f 3079/2/702 2046/2/702 2047/2/702 3078/2/702
f 3078/2/702 2047/2/702 2048/2/702 3077/2/702
f 3077/2/702 2048/2/702 2049/2/702 3076/2/702
f 3076/2/702 2049/2/702 2039/2/702 3075/2/702
f 3075/2/702 2039/2/702 2052/2/702 3074/2/702
f 3074/2/702 2052/2/702 2051/2/702 3073/2/702
f 3073/2/702 2051/2/702 2055/2/702 3072/2/702
f 3072/2/702 2055/2/702 2038/2/702 3071/2/702
f 3071/2/702 2038/2/702 2054/2/702 3070/2/702
f 3070/2/702 2054/2/702 2053/2/702 3069/2/702
f 3069/2/702 2053/2/702 2031/2/702 3068/2/702
f 3068/2/702 2031/2/702 2050/2/702 3067/2/702
f 3067/2/702 2050/2/702 2037/2/702 3066/2/702
f 3066/2/702 2037/2/702 2032/2/702 3065/2/702
f 3065/2/702 2032/2/702 2022/2/702 3064/2/702
f 3064/2/702 2022/2/702 2023/2/702 3063/2/702
f 3063/2/702 2023/2/702 2024/2/702 3062/2/702
f 3062/2/702 2024/2/702 2025/2/702 3061/2/702
f 3061/2/702 2025/2/702 2033/2/702 3060/2/702
f 3060/2/702 2033/2/702 2034/2/702 3059/2/702
f 3059/2/702 2034/2/702 2026/2/702 3058/2/702
f 3058/2/702 2026/2/702 2035/2/702 3057/2/702
f 3057/2/702 2035/2/702 2027/2/702 3056/2/702
f 3056/2/702 2027/2/702 2028/2/702 3055/2/702
f 3055/2/702 2028/2/702 2036/2/702 3054/2/702
f 3054/2/702 2036/2/702 2004/2/702 3053/2/702
f 3053/2/702 2004/2/702 2021/2/702 3052/2/702
f 3052/2/702 2021/2/702 2005/2/702 3051/2/702
f 3051/2/702 2005/2/702 2020/2/702 3050/2/702
f 3050/2/702 2020/2/702 2030/2/702 3049/2/702
f 3049/2/702 2030/2/702 2015/2/702 3048/2/702
f 3048/2/702 2015/2/702 2016/2/702 3047/2/702
f 3047/2/702 2016/2/702 2017/2/702 3046/2/702
f 3046/2/702 2017/2/702 2029/2/702 3045/2/702
f 3045/2/702 2029/2/702 2006/2/702 3044/2/702
f 3044/2/702 2006/2/702 2011/2/702 3043/2/702
f 3043/2/702 2011/2/702 1994/2/702 3042/2/702
f 3042/2/702 1994/2/702 1995/2/702 3041/2/702
f 3041/2/702 1995/2/702 2007/2/702 3040/2/702
f 3040/2/702 2007/2/702 1996/2/702 3039/2/702
f 3039/2/702 1996/2/702 2018/2/702 3038/2/702
f 3038/2/702 2018/2/702 1997/2/702 3037/2/702
f 3037/2/702 1997/2/702 2008/2/702 3036/2/702
f 3036/2/702 2008/2/702 2019/2/702 3035/2/702
f 3035/2/702 2019/2/702 2009/2/702 3034/2/702
f 3034/2/702 2009/2/702 2010/2/702 3033/2/702
f 3033/2/702 2010/2/702 1998/2/702 3032/2/702
f 3032/2/702 1998/2/702 1993/2/702 3031/2/702
f 3031/2/702 1993/2/702 1986/2/702 3030/2/702
f 3030/2/702 1986/2/702 2003/2/702 3029/2/702
f 3029/2/702 2003/2/702 2014/2/702 3028/2/702
f 3028/2/702 2014/2/702 2013/2/702 3027/2/702
f 3027/2/702 2013/2/702 2002/2/702 3026/2/702
f 3026/2/702 2002/2/702 1987/2/702 3025/2/702
f 3025/2/702 1987/2/702 2012/2/702 3024/2/702
f 3024/2/702 2012/2/702 2001/2/702 3023/2/702
f 3023/2/702 2001/2/702 2000/2/702 3022/2/702
f 3022/2/702 2000/2/702 1999/2/702 3021/2/702
f 3021/2/702 1999/2/702 1963/2/702 3020/2/702
f 3020/2/702 1963/2/702 1988/2/702 3019/2/702
f 3019/2/702 1988/2/702 1989/2/702 3018/2/702
f 3018/2/702 1989/2/702 1980/2/702 3017/2/702
f 3017/2/702 1980/2/702 1981/2/702 3016/2/702
f 3016/2/702 1981/2/702 1990/2/702 3015/2/702
f 3015/2/702 1990/2/702 1964/2/702 3014/2/702
f 3014/2/702 1964/2/702 1991/2/702 3013/2/702
f 3013/2/702 1991/2/702 1965/2/702 3012/2/702
f 3012/2/702 1965/2/702 1966/2/702 3011/2/702
f 3011/2/702 1966/2/702 1992/2/702 3010/2/702
f 3010/2/702 1992/2/702 1985/2/702 3009/2/702
f 3009/2/702 1985/2/702 1962/2/702 3008/2/702
f 3008/2/702 1962/2/702 1974/2/702 3007/2/702
f 3007/2/702 1974/2/702 1954/2/702 3006/2/702
f 3006/2/702 1954/2/702 1984/2/702 3005/2/702
f 3005/2/702 1984/2/702 1955/2/702 3004/2/702
f 3004/2/702 1955/2/702 1982/2/702 3003/2/702
f 3003/2/702 1982/2/702 1961/2/702 3002/2/702
f 3002/2/702 1961/2/702 1983/2/702 3001/2/702
f 3001/2/702 1983/2/702 1960/2/702 3000/2/702
f 3000/2/702 1960/2/702 1975/2/702 2999/2/702
f 2999/2/702 1975/2/702 1956/2/702 2998/2/702
f 2998/2/702 1956/2/702 1950/2/702 2997/2/702
f 2997/2/702 1950/2/702 1957/2/702 2996/2/702
f 2996/2/702 1957/2/702 1958/2/702 2995/2/702
f 2995/2/702 1958/2/702 1976/2/702 2994/2/702
f 2994/2/702 1976/2/702 1977/2/702 2993/2/702
f 2993/2/702 1977/2/702 1959/2/702 2992/2/702
f 2992/2/702 1959/2/702 1978/2/702 2991/2/702
f 2991/2/702 1978/2/702 1979/2/702 2990/2/702
f 2990/2/702 1979/2/702 1951/2/702 2989/2/702
f 2989/2/702 1951/2/702 1952/2/702 2988/2/702
f 2988/2/702 1952/2/702 1973/2/702 2987/2/702
f 2987/2/702 1973/2/702 1972/2/702 2986/2/702
f 2986/2/702 1972/2/702 1971/2/702 2985/2/702
f 2985/2/702 1971/2/702 1970/2/702 2984/2/702
f 2984/2/702 1970/2/702 1949/2/702 2983/2/702
f 2983/2/702 1949/2/702 1969/2/702 2982/2/702
f 2982/2/702 1969/2/702 1968/2/702 2981/2/702
f 2981/2/702 1968/2/702 1953/2/702 2980/2/702
f 2980/2/702 1953/2/702 1944/2/702 2979/2/702
f 2979/2/702 1944/2/702 1967/2/702 2978/2/702
f 2978/2/702 1967/2/702 1945/2/702 2977/2/702
f 2977/2/702 1945/2/702 1932/2/702 2976/2/702
f 2976/2/702 1932/2/702 1933/2/702 2975/2/702
f 2975/2/702 1933/2/702 1934/2/702 2974/2/702
f 2974/2/702 1934/2/702 1946/2/702 2973/2/702
f 2973/2/702 1946/2/702 1947/2/702 2972/2/702
f 2972/2/702 1947/2/702 1948/2/702 2971/2/702
f 2971/2/702 1948/2/702 1935/2/702 2970/2/702
f 2970/2/702 1935/2/702 1936/2/702 2969/2/702
f 2969/2/702 1936/2/702 1943/2/702 2968/2/702
f 2968/2/702 1943/2/702 1937/2/702 2967/2/702
f 2967/2/702 1937/2/702 1938/2/702 2966/2/702
f 2966/2/702 1938/2/702 1916/2/702 2965/2/702
f 2965/2/702 1916/2/702 1917/2/702 2964/2/702
f 2964/2/702 1917/2/702 1918/2/702 2963/2/702
f 2963/2/702 1918/2/702 1919/2/702 2962/2/702
f 2962/2/702 1919/2/702 1920/2/702 2961/2/702
f 2961/2/702 1920/2/702 1921/2/702 2960/2/702
f 2960/2/702 1921/2/702 1922/2/702 2959/2/702
f 2959/2/702 1922/2/702 1923/2/702 2958/2/702
f 2958/2/702 1923/2/702 1924/2/702 2957/2/702
f 2957/2/702 1924/2/702 1925/2/702 2956/2/702
f 2956/2/702 1925/2/702 1926/2/702 2955/2/702
f 2955/2/702 1926/2/702 1942/2/702 2954/2/702
f 2954/2/702 1942/2/702 1927/2/702 2953/2/702
f 2953/2/702 1927/2/702 1909/2/702 2952/2/702
f 2952/2/702 1909/2/702 1928/2/702 2951/2/702
f 2951/2/702 1928/2/702 1910/2/702 2950/2/702
f 2950/2/702 1910/2/702 1911/2/702 2949/2/702
f 2949/2/702 1911/2/702 1929/2/702 2948/2/702
f 2948/2/702 1929/2/702 1930/2/702 2947/2/702
f 2947/2/702 1930/2/702 1931/2/702 2946/2/702
f 2946/2/702 1931/2/702 1912/2/702 2945/2/702
f 2945/2/702 1912/2/702 1913/2/702 2944/2/702
f 2944/2/702 1913/2/702 1914/2/702 2943/2/702
f 2943/2/702 1914/2/702 1908/2/702 2942/2/702
f 2942/2/702 1908/2/702 1900/2/702 2941/2/702
f 2941/2/702 1900/2/702 1915/2/702 2940/2/702
f 2940/2/702 1915/2/702 1907/2/702 2939/2/702
f 2939/2/702 1907/2/702 1906/2/702 2938/2/702
f 2938/2/702 1906/2/702 1905/2/702 2937/2/702
f 2937/2/702 1905/2/702 1901/2/702 2936/2/702
f 2936/2/702 1901/2/702 1940/2/702 2935/2/702
f 2935/2/702 1940/2/702 1939/2/702 2934/2/702
f 2934/2/702 1939/2/702 1941/2/702 2933/2/702
f 2933/2/702 1941/2/702 1890/2/702 2932/2/702
f 2932/2/702 1890/2/702 1891/2/702 2931/2/702
f 2931/2/702 1891/2/702 1877/2/702 2930/2/702
f 2930/2/702 1877/2/702 1902/2/702 2929/2/702
f 2929/2/702 1902/2/702 1903/2/702 2928/2/702
f 2928/2/702 1903/2/702 1878/2/702 2927/2/702
f 2927/2/702 1878/2/702 1892/2/702 2926/2/702
f 2926/2/702 1892/2/702 1893/2/702 2925/2/702
f 2925/2/702 1893/2/702 1894/2/702 2924/2/702
f 2924/2/702 1894/2/702 1904/2/702 2923/2/702
f 2923/2/702 1904/2/702 1879/2/702 2922/2/702
f 2922/2/702 1879/2/702 1876/2/702 2921/2/702
f 2921/2/702 1876/2/702 1875/2/702 2920/2/702
f 2920/2/702 1875/2/702 1899/2/702 2919/2/702
f 2919/2/702 1899/2/702 1886/2/702 2918/2/702
f 2918/2/702 1886/2/702 1898/2/702 2917/2/702
f 2917/2/702 1898/2/702 1897/2/702 2916/2/702
f 2916/2/702 1897/2/702 1895/2/702 2915/2/702
f 2915/2/702 1895/2/702 1874/2/702 2914/2/702
f 2914/2/702 1874/2/702 1873/2/702 2913/2/702
f 2913/2/702 1873/2/702 1872/2/702 2912/2/702
f 2912/2/702 1872/2/702 1896/2/702 2911/2/702
f 2911/2/702 1896/2/702 1866/2/702 2910/2/702
f 2910/2/702 1866/2/702 1867/2/702 2909/2/702
f 2909/2/702 1867/2/702 1868/2/702 2908/2/702
f 2908/2/702 1868/2/702 1869/2/702 2907/2/702
f 2907/2/702 1869/2/702 1870/2/702 2906/2/702
f 2906/2/702 1870/2/702 1871/2/702 2905/2/702
f 2905/2/702 1871/2/702 1860/2/702 2904/2/702
f 2904/2/702 1860/2/702 1887/2/702 2903/2/702
f 2903/2/702 1887/2/702 1861/2/702 2902/2/702
f 2902/2/702 1861/2/702 1888/2/702 2901/2/702
f 2901/2/702 1888/2/702 1889/2/702 2900/2/702
f 2900/2/702 1889/2/702 1855/2/702 2899/2/702
f 2899/2/702 1855/2/702 1880/2/702 2898/2/702
f 2898/2/702 1880/2/702 1885/2/702 2897/2/702
f 2897/2/702 1885/2/702 1865/2/702 2896/2/702
f 2896/2/702 1865/2/702 1864/2/702 2895/2/702
f 2895/2/702 1864/2/702 1884/2/702 2894/2/702
f 2894/2/702 1884/2/702 1863/2/702 2893/2/702
f 2893/2/702 1863/2/702 1883/2/702 2892/2/702
f 2892/2/702 1883/2/702 1882/2/702 2891/2/702
f 2891/2/702 1882/2/702 1862/2/702 2890/2/702
f 2890/2/702 1862/2/702 1881/2/702 2889/2/702
f 2889/2/702 1881/2/702 1842/2/702 2888/2/702
f 2888/2/702 1842/2/702 1843/2/702 2887/2/702
f 2887/2/702 1843/2/702 1844/2/702 2886/2/702
f 2886/2/702 1844/2/702 1856/2/702 2885/2/702
f 2885/2/702 1856/2/702 1845/2/702 2884/2/702
f 2884/2/702 1845/2/702 1846/2/702 2883/2/702
f 2883/2/702 1846/2/702 1847/2/702 2882/2/702
f 2882/2/702 1847/2/702 1857/2/702 2881/2/702
f 2881/2/702 1857/2/702 1848/2/702 2880/2/702
f 2880/2/702 1848/2/702 1858/2/702 2879/2/702
f 2879/2/702 1858/2/702 1859/2/702 2878/2/702
f 2878/2/702 1859/2/702 1851/2/702 2877/2/702
f 2877/2/702 1851/2/702 1841/2/702 2876/2/702
f 2876/2/702 1841/2/702 1840/2/702 2875/2/702
f 2875/2/702 1840/2/702 1839/2/702 2874/2/702
f 2874/2/702 1839/2/702 1854/2/702 2873/2/702
f 2873/2/702 1854/2/702 1850/2/702 2872/2/702
f 2872/2/702 1850/2/702 1849/2/702 2871/2/702
f 2871/2/702 1849/2/702 1853/2/702 2870/2/702
f 2870/2/702 1853/2/702 1852/2/702 2869/2/702
f 2869/2/702 1852/2/702 1826/2/702 2868/2/702
f 2868/2/702 1826/2/702 1833/2/702 2867/2/702
f 2867/2/702 1833/2/702 1827/2/702 2866/2/702
f 2866/2/702 1827/2/702 1828/2/702 2865/2/702
f 2865/2/702 1828/2/702 1820/2/702 2864/2/702
f 2864/2/702 1820/2/702 1829/2/702 2863/2/702
f 2863/2/702 1829/2/702 1830/2/702 2862/2/702
f 2862/2/702 1830/2/702 1821/2/702 2861/2/702
f 2861/2/702 1821/2/702 1834/2/702 2860/2/702
f 2860/2/702 1834/2/702 1835/2/702 2859/2/702
f 2859/2/702 1835/2/702 1836/2/702 2858/2/702
f 2858/2/702 1836/2/702 1837/2/702 2857/2/702
f 2857/2/702 1837/2/702 1838/2/702 2856/2/702
f 2856/2/702 1838/2/702 1832/2/702 2855/2/702
f 2855/2/702 1832/2/702 1812/2/702 2854/2/702
f 2854/2/702 1812/2/702 1819/2/702 2853/2/702
f 2853/2/702 1819/2/702 1818/2/702 2852/2/702
f 2852/2/702 1818/2/702 1817/2/702 2851/2/702
f 2851/2/702 1817/2/702 1825/2/702 2850/2/702
f 2850/2/702 1825/2/702 1822/2/702 2849/2/702
f 2849/2/702 1822/2/702 1816/2/702 2848/2/702
f 2848/2/702 1816/2/702 1824/2/702 2847/2/702
f 2847/2/702 1824/2/702 1831/2/702 2846/2/702
f 2846/2/702 1831/2/702 1823/2/702 2845/2/702
f 2845/2/702 1823/2/702 1804/2/702 2844/2/702
f 2844/2/702 1804/2/702 1790/2/702 2843/2/702
f 2843/2/702 1790/2/702 1813/2/702 2842/2/702
f 2842/2/702 1813/2/702 1805/2/702 2841/2/702
f 2841/2/702 1805/2/702 1806/2/702 2840/2/702
f 2840/2/702 1806/2/702 1791/2/702 2839/2/702
f 2839/2/702 1791/2/702 1807/2/702 2838/2/702
f 2838/2/702 1807/2/702 1808/2/702 2837/2/702
f 2837/2/702 1808/2/702 1814/2/702 2836/2/702
f 2836/2/702 1814/2/702 1792/2/702 2835/2/702
f 2835/2/702 1792/2/702 1815/2/702 2834/2/702
f 2834/2/702 1815/2/702 1789/2/702 2833/2/702
f 2833/2/702 1789/2/702 1788/2/702 2832/2/702
f 2832/2/702 1788/2/702 1796/2/702 2831/2/702
f 2831/2/702 1796/2/702 1811/2/702 2830/2/702
f 2830/2/702 1811/2/702 1787/2/702 2829/2/702
f 2829/2/702 1787/2/702 1797/2/702 2828/2/702
f 2828/2/702 1797/2/702 1798/2/702 2827/2/702
f 2827/2/702 1798/2/702 1810/2/702 2826/2/702
f 2826/2/702 1810/2/702 1786/2/702 2825/2/702
f 2825/2/702 1786/2/702 1781/2/702 2824/2/702
f 2824/2/702 1781/2/702 1809/2/702 2823/2/702
f 2823/2/702 1809/2/702 1775/2/702 2822/2/702
f 2822/2/702 1775/2/702 1782/2/702 2821/2/702
f 2821/2/702 1782/2/702 1776/2/702 2820/2/702
f 2820/2/702 1776/2/702 1783/2/702 2819/2/702
f 2819/2/702 1783/2/702 1799/2/702 2818/2/702
f 2818/2/702 1799/2/702 1800/2/702 2817/2/702
f 2817/2/702 1800/2/702 1801/2/702 2816/2/702
f 2816/2/702 1801/2/702 1784/2/702 2815/2/702
f 2815/2/702 1784/2/702 1785/2/702 2814/2/702
f 2814/2/702 1785/2/702 1802/2/702 2813/2/702
f 2813/2/702 1802/2/702 1803/2/702 2812/2/702
f 2812/2/702 1803/2/702 1780/2/702 2811/2/702
f 2811/2/702 1780/2/702 1768/2/702 2810/2/702
f 2810/2/702 1768/2/702 1778/2/702 2809/2/702
f 2809/2/702 1778/2/702 1794/2/702 2808/2/702
f 2808/2/702 1794/2/702 1774/2/702 2807/2/702
f 2807/2/702 1774/2/702 1793/2/702 2806/2/702
f 2806/2/702 1793/2/702 1795/2/702 2805/2/702
f 2805/2/702 1795/2/702 1777/2/702 2804/2/702
f 2804/2/702 1777/2/702 1779/2/702 2803/2/702
f 2803/2/702 1779/2/702 1773/2/702 2802/2/702
f 2802/2/702 1773/2/702 1769/2/702 2801/2/702
f 2801/2/702 1769/2/702 1760/2/702 2800/2/702
f 2800/2/702 1760/2/702 1770/2/702 2799/2/702
f 2799/2/702 1770/2/702 1761/2/702 2798/2/702
f 2798/2/702 1761/2/702 1771/2/702 2797/2/702
f 2797/2/702 1771/2/702 1772/2/702 2796/2/702
f 2796/2/702 1772/2/702 1762/2/702 2795/2/702
f 2795/2/702 1762/2/702 1746/2/702 2794/2/702
f 2794/2/702 1746/2/702 1763/2/702 2793/2/702
f 2793/2/702 1763/2/702 1764/2/702 2792/2/702
f 2792/2/702 1764/2/702 1747/2/702 2791/2/702
f 2791/2/702 1747/2/702 1765/2/702 2790/2/702
f 2790/2/702 1765/2/702 1753/2/702 2789/2/702
f 2789/2/702 1753/2/702 1737/2/702 2788/2/702
f 2788/2/702 1737/2/702 1745/2/702 2787/2/702
f 2787/2/702 1745/2/702 1767/2/702 2786/2/702
f 2786/2/702 1767/2/702 1744/2/702 2785/2/702
f 2785/2/702 1744/2/702 1759/2/702 2784/2/702
f 2784/2/702 1759/2/702 1738/2/702 2783/2/702
f 2783/2/702 1738/2/702 1743/2/702 2782/2/702
f 2782/2/702 1743/2/702 1742/2/702 2781/2/702
f 2781/2/702 1742/2/702 1766/2/702 2780/2/702
f 2780/2/702 1766/2/702 1741/2/702 2779/2/702
f 2779/2/702 1741/2/702 1729/2/702 2778/2/702
f 2778/2/702 1729/2/702 1754/2/702 2777/2/702
f 2777/2/702 1754/2/702 1730/2/702 2776/2/702
f 2776/2/702 1730/2/702 1731/2/702 2775/2/702
f 2775/2/702 1731/2/702 1755/2/702 2774/2/702
f 2774/2/702 1755/2/702 1756/2/702 2773/2/702
f 2773/2/702 1756/2/702 1757/2/702 2772/2/702
f 2772/2/702 1757/2/702 1732/2/702 2771/2/702
f 2771/2/702 1732/2/702 1739/2/702 2770/2/702
f 2770/2/702 1739/2/702 1758/2/702 2769/2/702
f 2769/2/702 1758/2/702 1740/2/702 2768/2/702
f 2768/2/702 1740/2/702 1752/2/702 2767/2/702
f 2767/2/702 1752/2/702 1751/2/702 2766/2/702
f 2766/2/702 1751/2/702 1734/2/702 2765/2/702
f 2765/2/702 1734/2/702 1736/2/702 2764/2/702
f 2764/2/702 1736/2/702 1728/2/702 2763/2/702
f 2763/2/702 1728/2/702 1749/2/702 2762/2/702
f 2762/2/702 1749/2/702 1750/2/702 2761/2/702
f 2761/2/702 1750/2/702 1733/2/702 2760/2/702
f 2760/2/702 1733/2/702 1721/2/702 2759/2/702
f 2759/2/702 1721/2/702 1748/2/702 2758/2/702
f 2758/2/702 1748/2/702 1735/2/702 2757/2/702
f 2757/2/702 1735/2/702 1712/2/702 2756/2/702
f 2756/2/702 1712/2/702 1722/2/702 2755/2/702
f 2755/2/702 1722/2/702 1713/2/702 2754/2/702
f 2754/2/702 1713/2/702 1714/2/702 2753/2/702
f 2753/2/702 1714/2/702 1723/2/702 2752/2/702
f 2752/2/702 1723/2/702 1715/2/702 2751/2/702
f 2751/2/702 1715/2/702 1724/2/702 2750/2/702
f 2750/2/702 1724/2/702 1725/2/702 2749/2/702
f 2749/2/702 1725/2/702 1726/2/702 2748/2/702
f 2748/2/702 1726/2/702 1727/2/702 2747/2/702
f 2747/2/702 1727/2/702 1716/2/702 2746/2/702
f 2746/2/702 1716/2/702 1720/2/702 2745/2/702
f 2745/2/702 1720/2/702 1718/2/702 2744/2/702
f 2744/2/702 1718/2/702 1719/2/702 2743/2/702
f 2743/2/702 1719/2/702 1704/2/702 2742/2/702
f 2742/2/702 1704/2/702 1707/2/702 2741/2/702
f 2741/2/702 1707/2/702 1695/2/702 2740/2/702
f 2740/2/702 1695/2/702 1717/2/702 2739/2/702
f 2739/2/702 1717/2/702 1711/2/702 2738/2/702
f 2738/2/702 1711/2/702 1708/2/702 2737/2/702
f 2737/2/702 1708/2/702 1703/2/702 2736/2/702
f 2736/2/702 1703/2/702 1710/2/702 2735/2/702
f 2735/2/702 1710/2/702 1709/2/702 2734/2/702
f 2734/2/702 1709/2/702 1687/2/702 2733/2/702
f 2733/2/702 1687/2/702 1696/2/702 2732/2/702
f 2732/2/702 1696/2/702 1697/2/702 2731/2/702
f 2731/2/702 1697/2/702 1698/2/702 2730/2/702
f 2730/2/702 1698/2/702 1699/2/702 2729/2/702
f 2729/2/702 1699/2/702 1700/2/702 2728/2/702
f 2728/2/702 1700/2/702 1701/2/702 2727/2/702
f 2727/2/702 1701/2/702 1688/2/702 2726/2/702
f 2726/2/702 1688/2/702 1702/2/702 2725/2/702
f 2725/2/702 1702/2/702 1689/2/702 2724/2/702
f 2724/2/702 1689/2/702 1694/2/702 2723/2/702
f 2723/2/702 1694/2/702 1706/2/702 2722/2/702
f 2722/2/702 1706/2/702 1705/2/702 2721/2/702
f 2721/2/702 1705/2/702 1691/2/702 2720/2/702
f 2720/2/702 1691/2/702 1693/2/702 2719/2/702
f 2719/2/702 1693/2/702 1686/2/702 2718/2/702
f 2718/2/702 1686/2/702 1690/2/702 2717/2/702
f 2717/2/702 1690/2/702 1692/2/702 2716/2/702
f 2716/2/702 1692/2/702 1685/2/702 2715/2/702
f 2715/2/702 1685/2/702 1684/2/702 2714/2/702
f 2714/2/702 1684/2/702 1680/2/702 2713/2/702
f 2713/2/702 1680/2/702 1661/2/702 2712/2/702
f 2712/2/702 1661/2/702 1681/2/702 2711/2/702
f 2711/2/702 1681/2/702 1662/2/702 2710/2/702
f 2710/2/702 1662/2/702 1682/2/702 2709/2/702
f 2709/2/702 1682/2/702 1663/2/702 2708/2/702
f 2708/2/702 1663/2/702 1664/2/702 2707/2/702
f 2707/2/702 1664/2/702 1665/2/702 2706/2/702
f 2706/2/702 1665/2/702 1683/2/702 2705/2/702
f 2705/2/702 1683/2/702 1677/2/702 2704/2/702
f 2704/2/702 1677/2/702 1666/2/702 2703/2/702
f 2703/2/702 1666/2/702 1678/2/702 2702/2/702
f 2702/2/702 1678/2/702 1679/2/702 2701/2/702
f 2701/2/702 1679/2/702 1650/2/702 2700/2/702
f 2700/2/702 1650/2/702 1676/2/702 2699/2/702
f 2699/2/702 1676/2/702 1675/2/702 2698/2/702
f 2698/2/702 1675/2/702 1674/2/702 2697/2/702
f 2697/2/702 1674/2/702 1651/2/702 2696/2/702
f 2696/2/702 1651/2/702 1652/2/702 2695/2/702
f 2695/2/702 1652/2/702 1660/2/702 2694/2/702
f 2694/2/702 1660/2/702 1659/2/702 2693/2/702
f 2693/2/702 1659/2/702 1658/2/702 2692/2/702
f 2692/2/702 1658/2/702 1672/2/702 2691/2/702
f 2691/2/702 1672/2/702 1642/2/702 2690/2/702
f 2690/2/702 1642/2/702 1653/2/702 2689/2/702
f 2689/2/702 1653/2/702 1643/2/702 2688/2/702
f 2688/2/702 1643/2/702 1654/2/702 2687/2/702
f 2687/2/702 1654/2/702 1655/2/702 2686/2/702
f 2686/2/702 1655/2/702 1673/2/702 2685/2/702
f 2685/2/702 1673/2/702 1644/2/702 2684/2/702
f 2684/2/702 1644/2/702 1645/2/702 2683/2/702
f 2683/2/702 1645/2/702 1656/2/702 2682/2/702
f 2682/2/702 1656/2/702 1646/2/702 2681/2/702
f 2681/2/702 1646/2/702 1657/2/702 2680/2/702
f 2680/2/702 1657/2/702 1667/2/702 2679/2/702
f 2679/2/702 1667/2/702 1649/2/702 2678/2/702
f 2678/2/702 1649/2/702 1671/2/702 2677/2/702
f 2677/2/702 1671/2/702 1641/2/702 2676/2/702
f 2676/2/702 1641/2/702 1670/2/702 2675/2/702
f 2675/2/702 1670/2/702 1640/2/702 2674/2/702
f 2674/2/702 1640/2/702 1648/2/702 2673/2/702
f 2673/2/702 1648/2/702 1669/2/702 2672/2/702
f 2672/2/702 1669/2/702 1668/2/702 2671/2/702
f 2671/2/702 1668/2/702 1639/2/702 2670/2/702
f 2670/2/702 1639/2/702 1647/2/702 2669/2/702
f 2669/2/702 1647/2/702 1631/2/702 2668/2/702
f 2668/2/702 1631/2/702 1632/2/702 2667/2/702
f 2667/2/702 1632/2/702 1633/2/702 2666/2/702
f 2666/2/702 1633/2/702 1622/2/702 2665/2/702
f 2665/2/702 1622/2/702 1623/2/702 2664/2/702
f 2664/2/702 1623/2/702 1624/2/702 2663/2/702
f 2663/2/702 1624/2/702 1634/2/702 2662/2/702
f 2662/2/702 1634/2/702 1635/2/702 2661/2/702
f 2661/2/702 1635/2/702 1636/2/702 2660/2/702
f 2660/2/702 1636/2/702 1637/2/702 2659/2/702
f 2659/2/702 1637/2/702 1638/2/702 2658/2/702
f 2658/2/702 1638/2/702 1608/2/702 2657/2/702
f 2657/2/702 1608/2/702 1609/2/702 2656/2/702
f 2656/2/702 1609/2/702 1630/2/702 2655/2/702
f 2655/2/702 1630/2/702 1610/2/702 2654/2/702
f 2654/2/702 1610/2/702 1629/2/702 2653/2/702
f 2653/2/702 1629/2/702 1619/2/702 2652/2/702
f 2652/2/702 1619/2/702 1625/2/702 2651/2/702
f 2651/2/702 1625/2/702 1628/2/702 2650/2/702
f 2650/2/702 1628/2/702 1611/2/702 2649/2/702
f 2649/2/702 1611/2/702 1627/2/702 2648/2/702
f 2648/2/702 1627/2/702 1626/2/702 3967/2/702
f 3967/2/702 1626/2/702 1620/2/702 3966/2/702
f 3966/2/702 1620/2/702 1612/2/702 3965/2/702
f 3965/2/702 1612/2/702 1598/2/702 3964/2/702
f 3964/2/702 1598/2/702 1621/2/702 3963/2/702
f 3963/2/702 1621/2/702 1613/2/702 3962/2/702
f 3962/2/702 1613/2/702 1614/2/702 3961/2/702
f 3961/2/702 1614/2/702 1615/2/702 3960/2/702
f 3960/2/702 1615/2/702 1599/2/702 3959/2/702
f 3959/2/702 1599/2/702 1600/2/702 3958/2/702
f 3958/2/702 1600/2/702 1616/2/702 3957/2/702
f 3957/2/702 1616/2/702 1601/2/702 3956/2/702
f 3956/2/702 1601/2/702 1597/2/702 3955/2/702
f 3955/2/702 1597/2/702 1607/2/702 3954/2/702
f 3954/2/702 1607/2/702 1604/2/702 3953/2/702
f 3953/2/702 1604/2/702 1606/2/702 3952/2/702
f 3952/2/702 1606/2/702 1605/2/702 3951/2/702
f 3951/2/702 1605/2/702 1596/2/702 3950/2/702
f 3950/2/702 1596/2/702 1603/2/702 3949/2/702
f 3949/2/702 1603/2/702 1602/2/702 3948/2/702
f 3948/2/702 1602/2/702 1595/2/702 3947/2/702
f 3947/2/702 1595/2/702 1618/2/702 3946/2/702
f 3946/2/702 1618/2/702 1617/2/702 3945/2/702
f 3945/2/702 1617/2/702 1592/2/702 3944/2/702
f 3944/2/702 1592/2/702 1582/2/702 3943/2/702
f 3943/2/702 1582/2/702 1569/2/702 3942/2/702
f 3942/2/702 1569/2/702 1583/2/702 3941/2/702
f 3941/2/702 1583/2/702 1593/2/702 3940/2/702
f 3940/2/702 1593/2/702 1584/2/702 3939/2/702
f 3939/2/702 1584/2/702 1585/2/702 3938/2/702
f 3938/2/702 1585/2/702 1586/2/702 3937/2/702
f 3937/2/702 1586/2/702 1594/2/702 3936/2/702
f 3936/2/702 1594/2/702 1570/2/702 3935/2/702
f 3935/2/702 1570/2/702 1587/2/702 3934/2/702
f 3934/2/702 1587/2/702 1568/2/702 3933/2/702
f 3933/2/702 1568/2/702 1591/2/702 3932/2/702
f 3932/2/702 1591/2/702 1581/2/702 3931/2/702
f 3931/2/702 1581/2/702 1559/2/702 3930/2/702
f 3930/2/702 1559/2/702 1560/2/702 3929/2/702
f 3929/2/702 1560/2/702 1589/2/702 3928/2/702
f 3928/2/702 1589/2/702 1580/2/702 3927/2/702
f 3927/2/702 1580/2/702 1579/2/702 3926/2/702
f 3926/2/702 1579/2/702 1590/2/702 3925/2/702
f 3925/2/702 1590/2/702 1561/2/702 3924/2/702
f 3924/2/702 1561/2/702 1588/2/702 3923/2/702
f 3923/2/702 1588/2/702 1576/2/702 3922/2/702
f 3922/2/702 1576/2/702 1577/2/702 3921/2/702
f 3921/2/702 1577/2/702 1578/2/702 3920/2/702
f 3920/2/702 1578/2/702 1562/2/702 3919/2/702
f 3919/2/702 1562/2/702 1563/2/702 3918/2/702
f 3918/2/702 1563/2/702 1554/2/702 3917/2/702
f 3917/2/702 1554/2/702 1555/2/702 3916/2/702
f 3916/2/702 1555/2/702 1564/2/702 3915/2/702
f 3915/2/702 1564/2/702 1565/2/702 3914/2/702
f 3914/2/702 1565/2/702 1566/2/702 3913/2/702
f 3913/2/702 1566/2/702 1567/2/702 3912/2/702
f 3912/2/702 1567/2/702 1557/2/702 3911/2/702
f 3911/2/702 1557/2/702 1553/2/702 3910/2/702
f 3910/2/702 1553/2/702 1573/2/702 3909/2/702
f 3909/2/702 1573/2/702 1572/2/702 3908/2/702
f 3908/2/702 1572/2/702 1571/2/702 3907/2/702
f 3907/2/702 1571/2/702 1575/2/702 3906/2/702
f 3906/2/702 1575/2/702 1546/2/702 3905/2/702
f 3905/2/702 1546/2/702 1547/2/702 3904/2/702
f 3904/2/702 1547/2/702 1558/2/702 3903/2/702
f 3903/2/702 1558/2/702 1574/2/702 3902/2/702
f 3902/2/702 1574/2/702 1556/2/702 3901/2/702
f 3901/2/702 1556/2/702 1539/2/702 3900/2/702
f 3900/2/702 1539/2/702 1540/2/702 3899/2/702
f 3899/2/702 1540/2/702 1541/2/702 3898/2/702
f 3898/2/702 1541/2/702 1548/2/702 3897/2/702
f 3897/2/702 1548/2/702 1526/2/702 3896/2/702
f 3896/2/702 1526/2/702 1542/2/702 3895/2/702
f 3895/2/702 1542/2/702 1549/2/702 3894/2/702
f 3894/2/702 1549/2/702 1527/2/702 3893/2/702
f 3893/2/702 1527/2/702 1550/2/702 3892/2/702
f 3892/2/702 1550/2/702 1551/2/702 3891/2/702
f 3891/2/702 1551/2/702 1552/2/702 3890/2/702
f 3890/2/702 1552/2/702 1525/2/702 3889/2/702
f 3889/2/702 1525/2/702 1524/2/702 3888/2/702
f 3888/2/702 1524/2/702 1531/2/702 3887/2/702
f 3887/2/702 1531/2/702 1545/2/702 3886/2/702
f 3886/2/702 1545/2/702 1518/2/702 3885/2/702
f 3885/2/702 1518/2/702 1532/2/702 3884/2/702
f 3884/2/702 1532/2/702 1538/2/702 3883/2/702
f 3883/2/702 1538/2/702 1544/2/702 3882/2/702
f 3882/2/702 1544/2/702 1533/2/702 3881/2/702
f 3881/2/702 1533/2/702 1519/2/702 3880/2/702
f 3880/2/702 1519/2/702 1543/2/702 3879/2/702
f 3879/2/702 1543/2/702 1520/2/702 3878/2/702
f 3878/2/702 1520/2/702 1509/2/702 3877/2/702
f 3877/2/702 1509/2/702 1510/2/702 3876/2/702
f 3876/2/702 1510/2/702 1521/2/702 3875/2/702
f 3875/2/702 1521/2/702 1522/2/702 3874/2/702
f 3874/2/702 1522/2/702 1523/2/702 3873/2/702
f 3873/2/702 1523/2/702 1534/2/702 3872/2/702
f 3872/2/702 1534/2/702 1535/2/702 3871/2/702
f 3871/2/702 1535/2/702 1536/2/702 3870/2/702
f 3870/2/702 1536/2/702 1537/2/702 3869/2/702
f 3869/2/702 1537/2/702 1511/2/702 3868/2/702
f 3868/2/702 1511/2/702 1530/2/702 3867/2/702
f 3867/2/702 1530/2/702 1517/2/702 3866/2/702
f 3866/2/702 1517/2/702 1516/2/702 3865/2/702
f 3865/2/702 1516/2/702 1515/2/702 3864/2/702
f 3864/2/702 1515/2/702 1512/2/702 3863/2/702
f 3863/2/702 1512/2/702 1505/2/702 3862/2/702
f 3862/2/702 1505/2/702 1514/2/702 3861/2/702
f 3861/2/702 1514/2/702 1529/2/702 3860/2/702
f 3860/2/702 1529/2/702 1513/2/702 3859/2/702
f 3859/2/702 1513/2/702 1506/2/702 3858/2/702
f 3858/2/702 1506/2/702 1528/2/702 3857/2/702
f 3857/2/702 1528/2/702 1507/2/702 3856/2/702
f 3856/2/702 1507/2/702 1481/2/702 3855/2/702
f 3855/2/702 1481/2/702 1482/2/702 3854/2/702
f 3854/2/702 1482/2/702 1494/2/702 3853/2/702
f 3853/2/702 1494/2/702 1495/2/702 3852/2/702
f 3852/2/702 1495/2/702 1496/2/702 3851/2/702
f 3851/2/702 1496/2/702 1508/2/702 3850/2/702
f 3850/2/702 1508/2/702 1497/2/702 3849/2/702
f 3849/2/702 1497/2/702 1483/2/702 3848/2/702
f 3848/2/702 1483/2/702 1498/2/702 3847/2/702
f 3847/2/702 1498/2/702 1499/2/702 3846/2/702
f 3846/2/702 1499/2/702 1504/2/702 3845/2/702
f 3845/2/702 1504/2/702 1493/2/702 3844/2/702
f 3844/2/702 1493/2/702 1488/2/702 3843/2/702
f 3843/2/702 1488/2/702 1480/2/702 3842/2/702
f 3842/2/702 1480/2/702 1501/2/702 3841/2/702
f 3841/2/702 1501/2/702 1503/2/702 3840/2/702
f 3840/2/702 1503/2/702 1471/2/702 3839/2/702
f 3839/2/702 1471/2/702 1502/2/702 3838/2/702
f 3838/2/702 1502/2/702 1489/2/702 3837/2/702
f 3837/2/702 1489/2/702 1500/2/702 3836/2/702
f 3836/2/702 1500/2/702 1472/2/702 3835/2/702
f 3835/2/702 1472/2/702 1490/2/702 3834/2/702
f 3834/2/702 1490/2/702 1466/2/702 3833/2/702
f 3833/2/702 1466/2/702 1473/2/702 3832/2/702
f 3832/2/702 1473/2/702 1474/2/702 3831/2/702
f 3831/2/702 1474/2/702 1475/2/702 3830/2/702
f 3830/2/702 1475/2/702 1491/2/702 3829/2/702
f 3829/2/702 1491/2/702 1476/2/702 3828/2/702
f 3828/2/702 1476/2/702 1477/2/702 3827/2/702
f 3827/2/702 1477/2/702 1478/2/702 3826/2/702
f 3826/2/702 1478/2/702 1479/2/702 3825/2/702
f 3825/2/702 1479/2/702 1492/2/702 3824/2/702
f 3824/2/702 1492/2/702 1487/2/702 3823/2/702
f 3823/2/702 1487/2/702 1468/2/702 3822/2/702
f 3822/2/702 1468/2/702 1485/2/702 3821/2/702
f 3821/2/702 1485/2/702 1458/2/702 3820/2/702
f 3820/2/702 1458/2/702 1465/2/702 3819/2/702
f 3819/2/702 1465/2/702 1470/2/702 3818/2/702
f 3818/2/702 1470/2/702 1467/2/702 3817/2/702
f 3817/2/702 1467/2/702 1469/2/702 3816/2/702
f 3816/2/702 1469/2/702 1484/2/702 3815/2/702
f 3815/2/702 1484/2/702 1486/2/702 3814/2/702
f 3814/2/702 1486/2/702 1464/2/702 3813/2/702
f 3813/2/702 1464/2/702 1432/2/702 3812/2/702
f 3812/2/702 1432/2/702 1449/2/702 3811/2/702
f 3811/2/702 1449/2/702 1450/2/702 3810/2/702
f 3810/2/702 1450/2/702 1459/2/702 3809/2/702
f 3809/2/702 1459/2/702 1451/2/702 3808/2/702
f 3808/2/702 1451/2/702 1460/2/702 3807/2/702
f 3807/2/702 1460/2/702 1461/2/702 3806/2/702
f 3806/2/702 1461/2/702 1452/2/702 3805/2/702
f 3805/2/702 1452/2/702 1462/2/702 3804/2/702
f 3804/2/702 1462/2/702 1463/2/702 3803/2/702
f 3803/2/702 1463/2/702 1433/2/702 3802/2/702
f 3802/2/702 1433/2/702 1448/2/702 3801/2/702
f 3801/2/702 1448/2/702 1457/2/702 3800/2/702
f 3800/2/702 1457/2/702 1447/2/702 3799/2/702
f 3799/2/702 1447/2/702 1446/2/702 3798/2/702
f 3798/2/702 1446/2/702 1431/2/702 3797/2/702
f 3797/2/702 1431/2/702 1453/2/702 3796/2/702
f 3796/2/702 1453/2/702 1430/2/702 3795/2/702
f 3795/2/702 1430/2/702 1456/2/702 3794/2/702
f 3794/2/702 1456/2/702 1429/2/702 3793/2/702
f 3793/2/702 1429/2/702 1455/2/702 3792/2/702
f 3792/2/702 1455/2/702 1454/2/702 3791/2/702
f 3791/2/702 1454/2/702 1441/2/702 3790/2/702
f 3790/2/702 1441/2/702 1426/2/702 3789/2/702
f 3789/2/702 1426/2/702 1420/2/702 3788/2/702
f 3788/2/702 1420/2/702 1421/2/702 3787/2/702
f 3787/2/702 1421/2/702 1442/2/702 3786/2/702
f 3786/2/702 1442/2/702 1427/2/702 3785/2/702
f 3785/2/702 1427/2/702 1443/2/702 3784/2/702
f 3784/2/702 1443/2/702 1428/2/702 3783/2/702
f 3783/2/702 1428/2/702 1444/2/702 3782/2/702
f 3782/2/702 1444/2/702 1445/2/702 3781/2/702
f 3781/2/702 1445/2/702 1422/2/702 3780/2/702
f 3780/2/702 1422/2/702 1440/2/702 3779/2/702
f 3779/2/702 1440/2/702 1439/2/702 3778/2/702
f 3778/2/702 1439/2/702 1424/2/702 3777/2/702
f 3777/2/702 1424/2/702 1437/2/702 3776/2/702
f 3776/2/702 1437/2/702 1423/2/702 3775/2/702
f 3775/2/702 1423/2/702 1436/2/702 3774/2/702
f 3774/2/702 1436/2/702 1435/2/702 3773/2/702
f 3773/2/702 1435/2/702 1409/2/702 3772/2/702
f 3772/2/702 1409/2/702 1438/2/702 3771/2/702
f 3771/2/702 1438/2/702 1434/2/702 3770/2/702
f 3770/2/702 1434/2/702 1425/2/702 3769/2/702
f 3769/2/702 1425/2/702 1410/2/702 3768/2/702
f 3768/2/702 1410/2/702 1406/2/702 3767/2/702
f 3767/2/702 1406/2/702 1411/2/702 3766/2/702
f 3766/2/702 1411/2/702 1412/2/702 3765/2/702
f 3765/2/702 1412/2/702 1413/2/702 3764/2/702
f 3764/2/702 1413/2/702 1414/2/702 3763/2/702
f 3763/2/702 1414/2/702 1415/2/702 3762/2/702
f 3762/2/702 1415/2/702 1416/2/702 3761/2/702
f 3761/2/702 1416/2/702 1417/2/702 3760/2/702
f 3760/2/702 1417/2/702 1418/2/702 3759/2/702
f 3759/2/702 1418/2/702 1419/2/702 3758/2/702
f 3758/2/702 1419/2/702 1400/2/702 3757/2/702
f 3757/2/702 1400/2/702 1386/2/702 3756/2/702
f 3756/2/702 1386/2/702 1408/2/702 3755/2/702
f 3755/2/702 1408/2/702 1395/2/702 3754/2/702
f 3754/2/702 1395/2/702 1394/2/702 3753/2/702
f 3753/2/702 1394/2/702 1405/2/702 3752/2/702
f 3752/2/702 1405/2/702 1407/2/702 3751/2/702
f 3751/2/702 1407/2/702 1393/2/702 3750/2/702
f 3750/2/702 1393/2/702 1387/2/702 3749/2/702
f 3749/2/702 1387/2/702 1392/2/702 3748/2/702
f 3748/2/702 1392/2/702 1401/2/702 3747/2/702
f 3747/2/702 1401/2/702 2645/2/702 3746/2/702
f 3746/2/702 2645/2/702 1388/2/702 3745/2/702
f 3745/2/702 1388/2/702 2646/2/702 3744/2/702
f 3744/2/702 2646/2/702 1389/2/702 3743/2/702
f 3743/2/702 1389/2/702 1402/2/702 3742/2/702
f 3742/2/702 1402/2/702 1403/2/702 3741/2/702
f 3741/2/702 1403/2/702 1404/2/702 3740/2/702
f 3740/2/702 1404/2/702 1390/2/702 3739/2/702
f 3739/2/702 1390/2/702 1391/2/702 3738/2/702
f 3738/2/702 1391/2/702 2647/2/702 3737/2/702
f 3737/2/702 2647/2/702 1381/2/702 3736/2/702
f 3736/2/702 1381/2/702 2640/2/702 3735/2/702
f 3735/2/702 2640/2/702 2644/2/702 3734/2/702
f 3734/2/702 2644/2/702 1385/2/702 3733/2/702
f 3733/2/702 1385/2/702 1399/2/702 3732/2/702
f 3732/2/702 1399/2/702 1383/2/702 3731/2/702
f 3731/2/702 1383/2/702 1398/2/702 3730/2/702
f 3730/2/702 1398/2/702 1382/2/702 3729/2/702
f 3729/2/702 1382/2/702 2641/2/702 3728/2/702
f 3728/2/702 2641/2/702 1397/2/702 3727/2/702
f 3727/2/702 1397/2/702 1396/2/702 3726/2/702
f 3726/2/702 1396/2/702 1384/2/702 3725/2/702
f 3725/2/702 1384/2/702 2636/2/702 3724/2/702
f 3724/2/702 2636/2/702 2642/2/702 3723/2/702
f 3723/2/702 2642/2/702 2637/2/702 3722/2/702
f 3722/2/702 2637/2/702 1378/2/702 3721/2/702
f 3721/2/702 1378/2/702 1379/2/702 3720/2/702
f 3720/2/702 1379/2/702 1373/2/702 3719/2/702
f 3719/2/702 1373/2/702 1368/2/702 3718/2/702
f 3718/2/702 1368/2/702 1380/2/702 3717/2/702
f 3717/2/702 1380/2/702 1369/2/702 3716/2/702
f 3716/2/702 1369/2/702 2643/2/702 3715/2/702
f 3715/2/702 2643/2/702 1374/2/702 3714/2/702
f 3714/2/702 1374/2/702 2639/2/702 3713/2/702
f 3713/2/702 2639/2/702 1362/2/702 3712/2/702
f 3712/2/702 1362/2/702 1377/2/702 3711/2/702
f 3711/2/702 1377/2/702 1363/2/702 3710/2/702
f 3710/2/702 1363/2/702 2634/2/702 3709/2/702
f 3709/2/702 2634/2/702 2635/2/702 3708/2/702
f 3708/2/702 2635/2/702 1376/2/702 3707/2/702
f 3707/2/702 1376/2/702 1375/2/702 3706/2/702
f 3706/2/702 1375/2/702 1364/2/702 3705/2/702
f 3705/2/702 1364/2/702 1367/2/702 3704/2/702
f 3704/2/702 1367/2/702 2638/2/702 3703/2/702
f 3703/2/702 2638/2/702 1351/2/702 3702/2/702
f 3702/2/702 1351/2/702 1365/2/702 3701/2/702
f 3701/2/702 1365/2/702 1366/2/702 3700/2/702
f 3700/2/702 1366/2/702 1372/2/702 3699/2/702
f 3699/2/702 1372/2/702 2632/2/702 3698/2/702
f 3698/2/702 2632/2/702 2633/2/702 3697/2/702
f 3697/2/702 2633/2/702 1352/2/702 3696/2/702
f 3696/2/702 1352/2/702 1353/2/702 3695/2/702
f 3695/2/702 1353/2/702 1354/2/702 3694/2/702
f 3694/2/702 1354/2/702 1355/2/702 3693/2/702
f 3693/2/702 1355/2/702 1356/2/702 3692/2/702
f 3692/2/702 1356/2/702 1359/2/702 3691/2/702
f 3691/2/702 1359/2/702 1350/2/702 3690/2/702
f 3690/2/702 1350/2/702 1358/2/702 3689/2/702
f 3689/2/702 1358/2/702 1361/2/702 3688/2/702
f 3688/2/702 1361/2/702 1360/2/702 3687/2/702
f 3687/2/702 1360/2/702 1357/2/702 3686/2/702
f 3686/2/702 1357/2/702 1371/2/702 3685/2/702
f 3685/2/702 1371/2/702 2631/2/702 3684/2/702
f 3684/2/702 2631/2/702 1343/2/702 3683/2/702
f 3683/2/702 1343/2/702 2630/2/702 3682/2/702
f 3682/2/702 2630/2/702 1370/2/702 3681/2/702
f 3681/2/702 1370/2/702 1344/2/702 3680/2/702
f 3680/2/702 1344/2/702 1345/2/702 3679/2/702
f 3679/2/702 1345/2/702 2629/2/702 3678/2/702
f 3678/2/702 2629/2/702 1346/2/702 3677/2/702
f 3677/2/702 1346/2/702 1347/2/702 3676/2/702
f 3676/2/702 1347/2/702 1348/2/702 3675/2/702
f 3675/2/702 1348/2/702 2621/2/702 3674/2/702
f 3674/2/702 2621/2/702 2622/2/702 3673/2/702
f 3673/2/702 2622/2/702 2623/2/702 3672/2/702
f 3672/2/702 2623/2/702 1339/2/702 3671/2/702
f 3671/2/702 1339/2/702 1349/2/702 3670/2/702
f 3670/2/702 1349/2/702 1332/2/702 3669/2/702
f 3669/2/702 1332/2/702 1331/2/702 3668/2/702
f 6308/2/703 6307/2/703 3971/2/703 3968/2/703
f 6307/2/703 6306/2/703 3970/2/703 3971/2/703
f 6306/2/703 6305/2/703 4644/2/703 3970/2/703
f 6305/2/703 6304/2/703 4643/2/703 4644/2/703
f 6304/2/703 6303/2/703 4642/2/703 4643/2/703
f 6303/2/703 6302/2/703 4633/2/703 4642/2/703
f 6302/2/703 6301/2/703 4632/2/703 4633/2/703
f 6301/2/703 6300/2/703 4634/2/703 4632/2/703
f 6300/2/703 6299/2/703 4635/2/703 4634/2/703
f 6299/2/703 6298/2/703 4637/2/703 4635/2/703
f 6298/2/703 6297/2/703 4613/2/703 4637/2/703
f 6297/2/703 6296/2/703 4614/2/703 4613/2/703
f 6296/2/703 6295/2/703 4638/2/703 4614/2/703
f 6295/2/703 6294/2/703 4639/2/703 4638/2/703
f 6294/2/703 6293/2/703 4640/2/703 4639/2/703
f 6293/2/703 6292/2/703 4641/2/703 4640/2/703
f 6292/2/703 6291/2/703 4615/2/703 4641/2/703
f 6291/2/703 6290/2/703 4616/2/703 4615/2/703
f 6290/2/703 6289/2/703 4617/2/703 4616/2/703
f 6289/2/703 6288/2/703 4636/2/703 4617/2/703
f 6288/2/703 6287/2/703 4631/2/703 4636/2/703
f 6287/2/703 6286/2/703 4630/2/703 4631/2/703
f 6286/2/703 6285/2/703 4611/2/703 4630/2/703
f 6285/2/703 6284/2/703 4612/2/703 4611/2/703
f 6284/2/703 6283/2/703 4629/2/703 4612/2/703
f 6283/2/703 6282/2/703 4628/2/703 4629/2/703
f 6282/2/703 6281/2/703 4627/2/703 4628/2/703
f 6281/2/703 6280/2/703 4626/2/703 4627/2/703
f 6280/2/703 6279/2/703 4622/2/703 4626/2/703
f 6279/2/703 6278/2/703 4621/2/703 4622/2/703
f 6278/2/703 6277/2/703 4625/2/703 4621/2/703
f 6277/2/703 6276/2/703 5286/2/703 4625/2/703
f 6276/2/703 6275/2/703 5287/2/703 5286/2/703
f 6275/2/703 6274/2/703 4604/2/703 5287/2/703
f 6274/2/703 6273/2/703 4605/2/703 4604/2/703
f 6273/2/703 6272/2/703 4609/2/703 4605/2/703
f 6272/2/703 6271/2/703 4610/2/703 4609/2/703
f 6271/2/703 6270/2/703 4597/2/703 4610/2/703
f 6270/2/703 6269/2/703 4598/2/703 4597/2/703
f 6269/2/703 6268/2/703 4606/2/703 4598/2/703
f 6268/2/703 6267/2/703 4607/2/703 4606/2/703
f 6267/2/703 6266/2/703 4608/2/703 4607/2/703
f 6266/2/703 6265/2/703 5285/2/703 4608/2/703
f 6265/2/703 6264/2/703 5284/2/703 5285/2/703
f 6264/2/703 6263/2/703 5283/2/703 5284/2/703
f 6263/2/703 6262/2/703 5282/2/703 5283/2/703
f 6262/2/703 6261/2/703 5281/2/703 5282/2/703
f 6261/2/703 6260/2/703 5280/2/703 5281/2/703
f 6260/2/703 6259/2/703 5279/2/703 5280/2/703
f 6259/2/703 6258/2/703 5276/2/703 5279/2/703
f 6258/2/703 6257/2/703 5275/2/703 5276/2/703
f 6257/2/703 6256/2/703 5277/2/703 5275/2/703
f 6256/2/703 6255/2/703 5278/2/703 5277/2/703
f 6255/2/703 6254/2/703 5271/2/703 5278/2/703
f 6254/2/703 6253/2/703 4595/2/703 5271/2/703
f 6253/2/703 6252/2/703 4596/2/703 4595/2/703
f 6252/2/703 6251/2/703 5272/2/703 4596/2/703
f 6251/2/703 6250/2/703 4599/2/703 5272/2/703
f 6250/2/703 6249/2/703 4600/2/703 4599/2/703
f 6249/2/703 6248/2/703 5273/2/703 4600/2/703
f 6248/2/703 6247/2/703 5274/2/703 5273/2/703
f 6247/2/703 6246/2/703 4601/2/703 5274/2/703
f 6246/2/703 6245/2/703 4602/2/703 4601/2/703
f 6245/2/703 6244/2/703 4603/2/703 4602/2/703
f 6244/2/703 6243/2/703 5270/2/703 4603/2/703
f 6243/2/703 6242/2/703 5269/2/703 5270/2/703
f 6242/2/703 6241/2/703 5268/2/703 5269/2/703
f 6241/2/703 6240/2/703 5267/2/703 5268/2/703
f 6240/2/703 6239/2/703 5266/2/703 5267/2/703
f 6239/2/703 6238/2/703 4594/2/703 5266/2/703
f 6238/2/703 6237/2/703 4593/2/703 4594/2/703
f 6237/2/703 6236/2/703 5263/2/703 4593/2/703
f 6236/2/703 6235/2/703 5262/2/703 5263/2/703
f 6235/2/703 6234/2/703 5264/2/703 5262/2/703
f 6234/2/703 6233/2/703 5265/2/703 5264/2/703
f 6233/2/703 6232/2/703 5260/2/703 5265/2/703
f 6232/2/703 6231/2/703 4568/2/703 5260/2/703
f 6231/2/703 6230/2/703 4569/2/703 4568/2/703
f 6230/2/703 6229/2/703 4570/2/703 4569/2/703
f 6229/2/703 6228/2/703 5261/2/703 4570/2/703
f 6228/2/703 6227/2/703 4571/2/703 5261/2/703
f 6227/2/703 6226/2/703 4572/2/703 4571/2/703
f 6226/2/703 6225/2/703 4590/2/703 4572/2/703
f 6225/2/703 6224/2/703 4591/2/703 4590/2/703
f 6224/2/703 6223/2/703 4592/2/703 4591/2/703
f 6223/2/703 6222/2/703 5259/2/703 4592/2/703
f 6222/2/703 6221/2/703 5258/2/703 5259/2/703
f 6221/2/703 6220/2/703 5257/2/703 5258/2/703
f 6220/2/703 6219/2/703 5256/2/703 5257/2/703
f 6219/2/703 6218/2/703 4589/2/703 5256/2/703
f 6218/2/703 6217/2/703 4588/2/703 4589/2/703
f 6217/2/703 6216/2/703 4567/2/703 4588/2/703
f 6216/2/703 6215/2/703 4566/2/703 4567/2/703
f 6215/2/703 6214/2/703 5254/2/703 4566/2/703
f 6214/2/703 6213/2/703 4576/2/703 5254/2/703
f 6213/2/703 6212/2/703 4575/2/703 4576/2/703
f 6212/2/703 6211/2/703 5255/2/703 4575/2/703
f 6211/2/703 6210/2/703 4577/2/703 5255/2/703
f 6210/2/703 6209/2/703 4578/2/703 4577/2/703
f 6209/2/703 6208/2/703 4579/2/703 4578/2/703
f 6208/2/703 6207/2/703 4580/2/703 4579/2/703
f 6207/2/703 6206/2/703 4581/2/703 4580/2/703
f 6206/2/703 6205/2/703 4582/2/703 4581/2/703
f 6205/2/703 6204/2/703 4583/2/703 4582/2/703
f 6204/2/703 6203/2/703 4584/2/703 4583/2/703
f 6203/2/703 6202/2/703 4585/2/703 4584/2/703
f 6202/2/703 6201/2/703 4586/2/703 4585/2/703
f 6201/2/703 6200/2/703 4587/2/703 4586/2/703
f 6200/2/703 6199/2/703 5253/2/703 4587/2/703
f 6199/2/703 6198/2/703 5252/2/703 5253/2/703
f 6198/2/703 6197/2/703 5251/2/703 5252/2/703
f 6197/2/703 6196/2/703 4565/2/703 5251/2/703
f 6196/2/703 6195/2/703 4564/2/703 4565/2/703
f 6195/2/703 6194/2/703 5250/2/703 4564/2/703
f 6194/2/703 6193/2/703 5249/2/703 5250/2/703
f 6193/2/703 6192/2/703 4573/2/703 5249/2/703
f 6192/2/703 6191/2/703 4574/2/703 4573/2/703
f 6191/2/703 6190/2/703 5247/2/703 4574/2/703
f 6190/2/703 6189/2/703 5248/2/703 5247/2/703
f 6189/2/703 6188/2/703 5243/2/703 5248/2/703
f 6188/2/703 6187/2/703 5244/2/703 5243/2/703
f 6187/2/703 6186/2/703 5245/2/703 5244/2/703
f 6186/2/703 6185/2/703 4554/2/703 5245/2/703
f 6185/2/703 6184/2/703 4555/2/703 4554/2/703
f 6184/2/703 6183/2/703 4560/2/703 4555/2/703
f 6183/2/703 6182/2/703 4561/2/703 4560/2/703
f 6182/2/703 6181/2/703 5246/2/703 4561/2/703
f 6181/2/703 6180/2/703 4562/2/703 5246/2/703
f 6180/2/703 6179/2/703 4563/2/703 4562/2/703
f 6179/2/703 6178/2/703 5242/2/703 4563/2/703
f 6178/2/703 6177/2/703 5241/2/703 5242/2/703
f 6177/2/703 6176/2/703 4557/2/703 5241/2/703
f 6176/2/703 6175/2/703 4556/2/703 4557/2/703
f 6175/2/703 6174/2/703 4558/2/703 4556/2/703
f 6174/2/703 6173/2/703 4559/2/703 4558/2/703
f 6173/2/703 6172/2/703 5240/2/703 4559/2/703
f 6172/2/703 6171/2/703 5239/2/703 5240/2/703
f 6171/2/703 6170/2/703 5236/2/703 5239/2/703
f 6170/2/703 6169/2/703 5235/2/703 5236/2/703
f 6169/2/703 6168/2/703 5237/2/703 5235/2/703
f 6168/2/703 6167/2/703 5238/2/703 5237/2/703
f 6167/2/703 6166/2/703 4552/2/703 5238/2/703
f 6166/2/703 6165/2/703 4553/2/703 4552/2/703
f 6165/2/703 6164/2/703 5231/2/703 4553/2/703
f 6164/2/703 6163/2/703 5232/2/703 5231/2/703
f 6163/2/703 6162/2/703 5233/2/703 5232/2/703
f 6162/2/703 6161/2/703 5234/2/703 5233/2/703
f 6161/2/703 6160/2/703 4547/2/703 5234/2/703
f 6160/2/703 6159/2/703 4548/2/703 4547/2/703
f 6159/2/703 6158/2/703 4549/2/703 4548/2/703
f 6158/2/703 6157/2/703 4550/2/703 4549/2/703
f 6157/2/703 6156/2/703 4551/2/703 4550/2/703
f 6156/2/703 6155/2/703 5230/2/703 4551/2/703
f 6155/2/703 6154/2/703 5229/2/703 5230/2/703
f 6154/2/703 6153/2/703 5228/2/703 5229/2/703
f 6153/2/703 6152/2/703 4546/2/703 5228/2/703
f 6152/2/703 6151/2/703 4545/2/703 4546/2/703
f 6151/2/703 6150/2/703 5227/2/703 4545/2/703
f 6150/2/703 6149/2/703 5226/2/703 5227/2/703
f 6149/2/703 6148/2/703 5223/2/703 5226/2/703
f 6148/2/703 6147/2/703 5222/2/703 5223/2/703
f 6147/2/703 6146/2/703 5224/2/703 5222/2/703
f 6146/2/703 6145/2/703 5225/2/703 5224/2/703
f 6145/2/703 6144/2/703 4539/2/703 5225/2/703
f 6144/2/703 6143/2/703 4540/2/703 4539/2/703
f 6143/2/703 6142/2/703 5218/2/703 4540/2/703
f 6142/2/703 6141/2/703 5219/2/703 5218/2/703
f 6141/2/703 6140/2/703 5220/2/703 5219/2/703
f 6140/2/703 6139/2/703 4541/2/703 5220/2/703
f 6139/2/703 6138/2/703 4542/2/703 4541/2/703
f 6138/2/703 6137/2/703 5221/2/703 4542/2/703
f 6137/2/703 6136/2/703 4543/2/703 5221/2/703
f 6136/2/703 6135/2/703 4544/2/703 4543/2/703
f 6135/2/703 6134/2/703 5217/2/703 4544/2/703
f 6134/2/703 6133/2/703 5216/2/703 5217/2/703
f 6133/2/703 6132/2/703 5215/2/703 5216/2/703
f 6132/2/703 6131/2/703 5214/2/703 5215/2/703
f 6131/2/703 6130/2/703 4538/2/703 5214/2/703
f 6130/2/703 6129/2/703 4537/2/703 4538/2/703
f 6129/2/703 6128/2/703 4536/2/703 4537/2/703
f 6128/2/703 6127/2/703 4535/2/703 4536/2/703
f 6127/2/703 6126/2/703 4529/2/703 4535/2/703
f 6126/2/703 6125/2/703 4528/2/703 4529/2/703
f 6125/2/703 6124/2/703 5212/2/703 4528/2/703
f 6124/2/703 6123/2/703 5213/2/703 5212/2/703
f 6123/2/703 6122/2/703 5205/2/703 5213/2/703
f 6122/2/703 6121/2/703 5206/2/703 5205/2/703
f 6121/2/703 6120/2/703 4524/2/703 5206/2/703
f 6120/2/703 6119/2/703 4525/2/703 4524/2/703
f 6119/2/703 6118/2/703 5207/2/703 4525/2/703
f 6118/2/703 6117/2/703 5208/2/703 5207/2/703
f 6117/2/703 6116/2/703 5209/2/703 5208/2/703
f 6116/2/703 6115/2/703 5210/2/703 5209/2/703
f 6115/2/703 6114/2/703 5211/2/703 5210/2/703
f 6114/2/703 6113/2/703 4530/2/703 5211/2/703
f 6113/2/703 6112/2/703 4531/2/703 4530/2/703
f 6112/2/703 6111/2/703 5204/2/703 4531/2/703
f 6111/2/703 6110/2/703 5203/2/703 5204/2/703
f 6110/2/703 6109/2/703 4534/2/703 5203/2/703
f 6109/2/703 6108/2/703 4532/2/703 4534/2/703
f 6108/2/703 6107/2/703 4533/2/703 4532/2/703
f 6107/2/703 6106/2/703 5202/2/703 4533/2/703
f 6106/2/703 6105/2/703 5201/2/703 5202/2/703
f 6105/2/703 6104/2/703 5199/2/703 5201/2/703
f 6104/2/703 6103/2/703 4526/2/703 5199/2/703
f 6103/2/703 6102/2/703 4527/2/703 4526/2/703
f 6102/2/703 6101/2/703 5200/2/703 4527/2/703
f 6101/2/703 6100/2/703 5192/2/703 5200/2/703
f 6100/2/703 6099/2/703 5193/2/703 5192/2/703
f 6099/2/703 6098/2/703 5194/2/703 5193/2/703
f 6098/2/703 6097/2/703 5195/2/703 5194/2/703
f 6097/2/703 6096/2/703 4515/2/703 5195/2/703
f 6096/2/703 6095/2/703 4516/2/703 4515/2/703
f 6095/2/703 6094/2/703 4517/2/703 4516/2/703
f 6094/2/703 6093/2/703 5196/2/703 4517/2/703
f 6093/2/703 6092/2/703 5197/2/703 5196/2/703
f 6092/2/703 6091/2/703 5198/2/703 5197/2/703
f 6091/2/703 6090/2/703 5191/2/703 5198/2/703
f 6090/2/703 6089/2/703 5190/2/703 5191/2/703
f 6089/2/703 6088/2/703 5189/2/703 5190/2/703
f 6088/2/703 6087/2/703 5188/2/703 5189/2/703
f 6087/2/703 6086/2/703 5187/2/703 5188/2/703
f 6086/2/703 6085/2/703 4523/2/703 5187/2/703
f 6085/2/703 6084/2/703 4522/2/703 4523/2/703
f 6084/2/703 6083/2/703 5186/2/703 4522/2/703
f 6083/2/703 6082/2/703 5183/2/703 5186/2/703
f 6082/2/703 6081/2/703 5182/2/703 5183/2/703
f 6081/2/703 6080/2/703 5184/2/703 5182/2/703
f 6080/2/703 6079/2/703 5185/2/703 5184/2/703
f 6079/2/703 6078/2/703 5178/2/703 5185/2/703
f 6078/2/703 6077/2/703 5179/2/703 5178/2/703
f 6077/2/703 6076/2/703 4513/2/703 5179/2/703
f 6076/2/703 6075/2/703 4514/2/703 4513/2/703
f 6075/2/703 6074/2/703 4518/2/703 4514/2/703
f 6074/2/703 6073/2/703 4519/2/703 4518/2/703
f 6073/2/703 6072/2/703 5180/2/703 4519/2/703
f 6072/2/703 6071/2/703 4520/2/703 5180/2/703
f 6071/2/703 6070/2/703 4521/2/703 4520/2/703
f 6070/2/703 6069/2/703 5181/2/703 4521/2/703
f 6069/2/703 6068/2/703 5177/2/703 5181/2/703
f 6068/2/703 6067/2/703 5176/2/703 5177/2/703
f 6067/2/703 6066/2/703 5175/2/703 5176/2/703
f 6066/2/703 6065/2/703 4512/2/703 5175/2/703
f 6065/2/703 6064/2/703 4511/2/703 4512/2/703
f 6064/2/703 6063/2/703 4509/2/703 4511/2/703
f 6063/2/703 6062/2/703 4510/2/703 4509/2/703
f 6062/2/703 6061/2/703 5174/2/703 4510/2/703
f 6061/2/703 6060/2/703 5171/2/703 5174/2/703
f 6060/2/703 6059/2/703 5170/2/703 5171/2/703
f 6059/2/703 6058/2/703 5172/2/703 5170/2/703
f 6058/2/703 6057/2/703 5173/2/703 5172/2/703
f 6057/2/703 6056/2/703 5165/2/703 5173/2/703
f 6056/2/703 6055/2/703 5166/2/703 5165/2/703
f 6055/2/703 6054/2/703 5167/2/703 5166/2/703
f 6054/2/703 6053/2/703 4504/2/703 5167/2/703
f 6053/2/703 6052/2/703 4505/2/703 4504/2/703
f 6052/2/703 6051/2/703 4506/2/703 4505/2/703
f 6051/2/703 6050/2/703 4507/2/703 4506/2/703
f 6050/2/703 6049/2/703 4508/2/703 4507/2/703
f 6049/2/703 6048/2/703 5168/2/703 4508/2/703
f 6048/2/703 6047/2/703 5169/2/703 5168/2/703
f 6047/2/703 6046/2/703 5164/2/703 5169/2/703
f 6046/2/703 6045/2/703 4503/2/703 5164/2/703
f 6045/2/703 6044/2/703 4501/2/703 4503/2/703
f 6044/2/703 6043/2/703 4502/2/703 4501/2/703
f 6043/2/703 6042/2/703 5163/2/703 4502/2/703
f 6042/2/703 6041/2/703 4500/2/703 5163/2/703
f 6041/2/703 6040/2/703 4498/2/703 4500/2/703
f 6040/2/703 6039/2/703 4499/2/703 4498/2/703
f 6039/2/703 6038/2/703 4486/2/703 4499/2/703
f 6038/2/703 6037/2/703 4485/2/703 4486/2/703
f 6037/2/703 6036/2/703 4487/2/703 4485/2/703
f 6036/2/703 6035/2/703 4488/2/703 4487/2/703
f 6035/2/703 6034/2/703 4489/2/703 4488/2/703
f 6034/2/703 6033/2/703 4490/2/703 4489/2/703
f 6033/2/703 6032/2/703 4491/2/703 4490/2/703
f 6032/2/703 6031/2/703 4492/2/703 4491/2/703
f 6031/2/703 6030/2/703 4493/2/703 4492/2/703
f 6030/2/703 6029/2/703 4494/2/703 4493/2/703
f 6029/2/703 6028/2/703 4495/2/703 4494/2/703
f 6028/2/703 6027/2/703 4496/2/703 4495/2/703
f 6027/2/703 6026/2/703 4497/2/703 4496/2/703
f 6026/2/703 6025/2/703 4478/2/703 4497/2/703
f 6025/2/703 6024/2/703 4479/2/703 4478/2/703
f 6024/2/703 6023/2/703 4483/2/703 4479/2/703
f 6023/2/703 6022/2/703 4484/2/703 4483/2/703
f 6022/2/703 6021/2/703 4476/2/703 4484/2/703
f 6021/2/703 6020/2/703 4477/2/703 4476/2/703
f 6020/2/703 6019/2/703 5162/2/703 4477/2/703
f 6019/2/703 6018/2/703 5161/2/703 5162/2/703
f 6018/2/703 6017/2/703 4482/2/703 5161/2/703
f 6017/2/703 6016/2/703 4481/2/703 4482/2/703
f 6016/2/703 6015/2/703 5159/2/703 4481/2/703
f 6015/2/703 6014/2/703 5160/2/703 5159/2/703
f 6014/2/703 6013/2/703 4480/2/703 5160/2/703
f 6013/2/703 6012/2/703 4469/2/703 4480/2/703
f 6012/2/703 6011/2/703 4470/2/703 4469/2/703
f 6011/2/703 6010/2/703 4471/2/703 4470/2/703
f 6010/2/703 6009/2/703 4472/2/703 4471/2/703
f 6009/2/703 6008/2/703 4473/2/703 4472/2/703
f 6008/2/703 6007/2/703 4474/2/703 4473/2/703
f 6007/2/703 6006/2/703 4475/2/703 4474/2/703
f 6006/2/703 6005/2/703 5156/2/703 4475/2/703
f 6005/2/703 6004/2/703 5157/2/703 5156/2/703
f 6004/2/703 6003/2/703 5158/2/703 5157/2/703
f 6003/2/703 6002/2/703 5155/2/703 5158/2/703
f 6002/2/703 6001/2/703 5154/2/703 5155/2/703
f 6001/2/703 6000/2/703 5153/2/703 5154/2/703
f 6000/2/703 5999/2/703 5152/2/703 5153/2/703
f 5999/2/703 5998/2/703 4466/2/703 5152/2/703
f 5998/2/703 5997/2/703 4465/2/703 4466/2/703
f 5997/2/703 5996/2/703 5151/2/703 4465/2/703
f 5996/2/703 5995/2/703 5150/2/703 5151/2/703
f 5995/2/703 5994/2/703 5148/2/703 5150/2/703
f 5994/2/703 5993/2/703 4468/2/703 5148/2/703
f 5993/2/703 5992/2/703 4467/2/703 4468/2/703
f 5992/2/703 5991/2/703 5149/2/703 4467/2/703
f 5991/2/703 5990/2/703 5143/2/703 5149/2/703
f 5990/2/703 5989/2/703 5144/2/703 5143/2/703
f 5989/2/703 5988/2/703 5145/2/703 5144/2/703
f 5988/2/703 5987/2/703 4460/2/703 5145/2/703
f 5987/2/703 5986/2/703 4461/2/703 4460/2/703
f 5986/2/703 5985/2/703 4462/2/703 4461/2/703
f 5985/2/703 5984/2/703 5146/2/703 4462/2/703
f 5984/2/703 5983/2/703 5147/2/703 5146/2/703
f 5983/2/703 5982/2/703 4463/2/703 5147/2/703
f 5982/2/703 5981/2/703 4464/2/703 4463/2/703
f 5981/2/703 5980/2/703 5142/2/703 4464/2/703
f 5980/2/703 5979/2/703 5141/2/703 5142/2/703
f 5979/2/703 5978/2/703 4458/2/703 5141/2/703
f 5978/2/703 5977/2/703 4459/2/703 4458/2/703
f 5977/2/703 5976/2/703 5140/2/703 4459/2/703
f 5976/2/703 5975/2/703 5139/2/703 5140/2/703
f 5975/2/703 5974/2/703 5138/2/703 5139/2/703
f 5974/2/703 5973/2/703 5137/2/703 5138/2/703
f 5973/2/703 5972/2/703 5134/2/703 5137/2/703
f 5972/2/703 5971/2/703 5133/2/703 5134/2/703
f 5971/2/703 5970/2/703 5135/2/703 5133/2/703
f 5970/2/703 5969/2/703 5136/2/703 5135/2/703
f 5969/2/703 5968/2/703 5131/2/703 5136/2/703
f 5968/2/703 5967/2/703 4449/2/703 5131/2/703
f 5967/2/703 5966/2/703 4450/2/703 4449/2/703
f 5966/2/703 5965/2/703 4451/2/703 4450/2/703
f 5965/2/703 5964/2/703 4452/2/703 4451/2/703
f 5964/2/703 5963/2/703 5132/2/703 4452/2/703
f 5963/2/703 5962/2/703 4453/2/703 5132/2/703
f 5962/2/703 5961/2/703 4454/2/703 4453/2/703
f 5961/2/703 5960/2/703 4455/2/703 4454/2/703
f 5960/2/703 5959/2/703 4456/2/703 4455/2/703
f 5959/2/703 5958/2/703 4457/2/703 4456/2/703
f 5958/2/703 5957/2/703 5130/2/703 4457/2/703
f 5957/2/703 5956/2/703 4446/2/703 5130/2/703
f 5956/2/703 5955/2/703 4445/2/703 4446/2/703
f 5955/2/703 5954/2/703 4443/2/703 4445/2/703
f 5954/2/703 5953/2/703 4444/2/703 4443/2/703
f 5953/2/703 5952/2/703 4442/2/703 4444/2/703
f 5952/2/703 5951/2/703 4441/2/703 4442/2/703
f 5951/2/703 5950/2/703 4447/2/703 4441/2/703
f 5950/2/703 5949/2/703 4448/2/703 4447/2/703
f 5949/2/703 5948/2/703 4434/2/703 4448/2/703
f 5948/2/703 5947/2/703 4433/2/703 4434/2/703
f 5947/2/703 5946/2/703 4427/2/703 4433/2/703
f 5946/2/703 5945/2/703 4428/2/703 4427/2/703
f 5945/2/703 5944/2/703 4429/2/703 4428/2/703
f 5944/2/703 5943/2/703 5128/2/703 4429/2/703
f 5943/2/703 5942/2/703 5129/2/703 5128/2/703
f 5942/2/703 5941/2/703 4435/2/703 5129/2/703
f 5941/2/703 5940/2/703 4436/2/703 4435/2/703
f 5940/2/703 5939/2/703 4437/2/703 4436/2/703
f 5939/2/703 5938/2/703 4438/2/703 4437/2/703
f 5938/2/703 5937/2/703 4439/2/703 4438/2/703
f 5937/2/703 5936/2/703 4440/2/703 4439/2/703
f 5936/2/703 5935/2/703 5127/2/703 4440/2/703
f 5935/2/703 5934/2/703 5126/2/703 5127/2/703
f 5934/2/703 5933/2/703 4432/2/703 5126/2/703
f 5933/2/703 5932/2/703 4430/2/703 4432/2/703
f 5932/2/703 5931/2/703 4431/2/703 4430/2/703
f 5931/2/703 5930/2/703 5125/2/703 4431/2/703
f 5930/2/703 5929/2/703 5124/2/703 5125/2/703
f 5929/2/703 5928/2/703 5121/2/703 5124/2/703
f 5928/2/703 5927/2/703 5120/2/703 5121/2/703
f 5927/2/703 5926/2/703 5122/2/703 5120/2/703
f 5926/2/703 5925/2/703 5123/2/703 5122/2/703
f 5925/2/703 5924/2/703 5116/2/703 5123/2/703
f 5924/2/703 5923/2/703 4424/2/703 5116/2/703
f 5923/2/703 5922/2/703 4425/2/703 4424/2/703
f 5922/2/703 5921/2/703 4426/2/703 4425/2/703
f 5921/2/703 5920/2/703 5117/2/703 4426/2/703
f 5920/2/703 5919/2/703 5118/2/703 5117/2/703
f 5919/2/703 5918/2/703 5119/2/703 5118/2/703
f 5918/2/703 5917/2/703 4417/2/703 5119/2/703
f 5917/2/703 5916/2/703 4418/2/703 4417/2/703
f 5916/2/703 5915/2/703 4419/2/703 4418/2/703
f 5915/2/703 5914/2/703 4416/2/703 4419/2/703
f 5914/2/703 5913/2/703 4415/2/703 4416/2/703
f 5913/2/703 5912/2/703 4414/2/703 4415/2/703
f 5912/2/703 5911/2/703 4412/2/703 4414/2/703
f 5911/2/703 5910/2/703 4413/2/703 4412/2/703
f 5910/2/703 5909/2/703 4422/2/703 4413/2/703
f 5909/2/703 5908/2/703 4423/2/703 4422/2/703
f 5908/2/703 5907/2/703 5115/2/703 4423/2/703
f 5907/2/703 5906/2/703 4409/2/703 5115/2/703
f 5906/2/703 5905/2/703 4408/2/703 4409/2/703
f 5905/2/703 5904/2/703 5113/2/703 4408/2/703
f 5904/2/703 5903/2/703 5114/2/703 5113/2/703
f 5903/2/703 5902/2/703 5107/2/703 5114/2/703
f 5902/2/703 5901/2/703 5108/2/703 5107/2/703
f 5901/2/703 5900/2/703 5109/2/703 5108/2/703
f 5900/2/703 5899/2/703 4410/2/703 5109/2/703
f 5899/2/703 5898/2/703 4411/2/703 4410/2/703
f 5898/2/703 5897/2/703 4406/2/703 4411/2/703
f 5897/2/703 5896/2/703 4407/2/703 4406/2/703
f 5896/2/703 5895/2/703 5110/2/703 4407/2/703
f 5895/2/703 5894/2/703 5111/2/703 5110/2/703
f 5894/2/703 5893/2/703 5112/2/703 5111/2/703
f 5893/2/703 5892/2/703 5106/2/703 5112/2/703
f 5892/2/703 5891/2/703 4420/2/703 5106/2/703
f 5891/2/703 5890/2/703 4421/2/703 4420/2/703
f 5890/2/703 5889/2/703 5105/2/703 4421/2/703
f 5889/2/703 5888/2/703 5104/2/703 5105/2/703
f 5888/2/703 5887/2/703 5103/2/703 5104/2/703
f 5887/2/703 5886/2/703 5102/2/703 5103/2/703
f 5886/2/703 5885/2/703 5101/2/703 5102/2/703
f 5885/2/703 5884/2/703 5100/2/703 5101/2/703
f 5884/2/703 5883/2/703 5099/2/703 5100/2/703
f 5883/2/703 5882/2/703 4401/2/703 5099/2/703
f 5882/2/703 5881/2/703 4400/2/703 4401/2/703
f 5881/2/703 5880/2/703 4396/2/703 4400/2/703
f 5880/2/703 5879/2/703 4397/2/703 4396/2/703
f 5879/2/703 5878/2/703 4402/2/703 4397/2/703
f 5878/2/703 5877/2/703 4403/2/703 4402/2/703
f 5877/2/703 5876/2/703 4398/2/703 4403/2/703
f 5876/2/703 5875/2/703 4399/2/703 4398/2/703
f 5875/2/703 5874/2/703 5096/2/703 4399/2/703
f 5874/2/703 5873/2/703 5097/2/703 5096/2/703
f 5873/2/703 5872/2/703 5098/2/703 5097/2/703
f 5872/2/703 5871/2/703 4404/2/703 5098/2/703
f 5871/2/703 5870/2/703 4405/2/703 4404/2/703
f 5870/2/703 5869/2/703 5095/2/703 4405/2/703
f 5869/2/703 5868/2/703 5094/2/703 5095/2/703
f 5868/2/703 5867/2/703 4395/2/703 5094/2/703
f 5867/2/703 5866/2/703 4394/2/703 4395/2/703
f 5866/2/703 5865/2/703 4387/2/703 4394/2/703
f 5865/2/703 5864/2/703 4386/2/703 4387/2/703
f 5864/2/703 5863/2/703 5093/2/703 4386/2/703
f 5863/2/703 5862/2/703 5090/2/703 5093/2/703
f 5862/2/703 5861/2/703 5089/2/703 5090/2/703
f 5861/2/703 5860/2/703 5091/2/703 5089/2/703
f 5860/2/703 5859/2/703 5092/2/703 5091/2/703
f 5859/2/703 5858/2/703 4388/2/703 5092/2/703
f 5858/2/703 5857/2/703 4389/2/703 4388/2/703
f 5857/2/703 5856/2/703 4390/2/703 4389/2/703
f 5856/2/703 5855/2/703 4391/2/703 4390/2/703
f 5855/2/703 5854/2/703 4392/2/703 4391/2/703
f 5854/2/703 5853/2/703 4393/2/703 4392/2/703
f 5853/2/703 5852/2/703 5086/2/703 4393/2/703
f 5852/2/703 5851/2/703 5087/2/703 5086/2/703
f 5851/2/703 5850/2/703 5088/2/703 5087/2/703
f 5850/2/703 5849/2/703 4384/2/703 5088/2/703
f 5849/2/703 5848/2/703 4385/2/703 4384/2/703
f 5848/2/703 5847/2/703 5085/2/703 4385/2/703
f 5847/2/703 5846/2/703 5084/2/703 5085/2/703
f 5846/2/703 5845/2/703 5083/2/703 5084/2/703
f 5845/2/703 5844/2/703 5082/2/703 5083/2/703
f 5844/2/703 5843/2/703 5081/2/703 5082/2/703
f 5843/2/703 5842/2/703 4382/2/703 5081/2/703
f 5842/2/703 5841/2/703 4383/2/703 4382/2/703
f 5841/2/703 5840/2/703 5079/2/703 4383/2/703
f 5840/2/703 5839/2/703 4378/2/703 5079/2/703
f 5839/2/703 5838/2/703 4379/2/703 4378/2/703
f 5838/2/703 5837/2/703 5080/2/703 4379/2/703
f 5837/2/703 5836/2/703 5076/2/703 5080/2/703
f 5836/2/703 5835/2/703 4373/2/703 5076/2/703
f 5835/2/703 5834/2/703 4374/2/703 4373/2/703
f 5834/2/703 5833/2/703 4375/2/703 4374/2/703
f 5833/2/703 5832/2/703 4376/2/703 4375/2/703
f 5832/2/703 5831/2/703 4377/2/703 4376/2/703
f 5831/2/703 5830/2/703 5077/2/703 4377/2/703
f 5830/2/703 5829/2/703 5078/2/703 5077/2/703
f 5829/2/703 5828/2/703 4380/2/703 5078/2/703
f 5828/2/703 5827/2/703 4381/2/703 4380/2/703
f 5827/2/703 5826/2/703 5075/2/703 4381/2/703
f 5826/2/703 5825/2/703 4372/2/703 5075/2/703
f 5825/2/703 5824/2/703 4371/2/703 4372/2/703
f 5824/2/703 5823/2/703 4370/2/703 4371/2/703
f 5823/2/703 5822/2/703 4369/2/703 4370/2/703
f 5822/2/703 5821/2/703 4368/2/703 4369/2/703
f 5821/2/703 5820/2/703 4367/2/703 4368/2/703
f 5820/2/703 5819/2/703 4366/2/703 4367/2/703
f 5819/2/703 5818/2/703 4364/2/703 4366/2/703
f 5818/2/703 5817/2/703 4365/2/703 4364/2/703
f 5817/2/703 5816/2/703 5073/2/703 4365/2/703
f 5816/2/703 5815/2/703 5074/2/703 5073/2/703
f 5815/2/703 5814/2/703 4352/2/703 5074/2/703
f 5814/2/703 5813/2/703 4353/2/703 4352/2/703
f 5813/2/703 5812/2/703 4361/2/703 4353/2/703
f 5812/2/703 5811/2/703 4362/2/703 4361/2/703
f 5811/2/703 5810/2/703 4363/2/703 4362/2/703
f 5810/2/703 5809/2/703 4354/2/703 4363/2/703
f 5809/2/703 5808/2/703 4355/2/703 4354/2/703
f 5808/2/703 5807/2/703 5072/2/703 4355/2/703
f 5807/2/703 5806/2/703 4356/2/703 5072/2/703
f 5806/2/703 5805/2/703 4357/2/703 4356/2/703
f 5805/2/703 5804/2/703 4358/2/703 4357/2/703
f 5804/2/703 5803/2/703 5071/2/703 4358/2/703
f 5803/2/703 5802/2/703 5070/2/703 5071/2/703
f 5802/2/703 5801/2/703 5069/2/703 5070/2/703
f 5801/2/703 5800/2/703 5068/2/703 5069/2/703
f 5800/2/703 5799/2/703 4350/2/703 5068/2/703
f 5799/2/703 5798/2/703 4351/2/703 4350/2/703
f 5798/2/703 5797/2/703 5067/2/703 4351/2/703
f 5797/2/703 5796/2/703 5065/2/703 5067/2/703
f 5796/2/703 5795/2/703 4359/2/703 5065/2/703
f 5795/2/703 5794/2/703 4360/2/703 4359/2/703
f 5794/2/703 5793/2/703 5066/2/703 4360/2/703
f 5793/2/703 5792/2/703 4335/2/703 5066/2/703
f 5792/2/703 5791/2/703 4336/2/703 4335/2/703
f 5791/2/703 5790/2/703 5063/2/703 4336/2/703
f 5790/2/703 5789/2/703 5064/2/703 5063/2/703
f 5789/2/703 5788/2/703 4337/2/703 5064/2/703
f 5788/2/703 5787/2/703 4338/2/703 4337/2/703
f 5787/2/703 5786/2/703 4339/2/703 4338/2/703
f 5786/2/703 5785/2/703 4340/2/703 4339/2/703
f 5785/2/703 5784/2/703 4347/2/703 4340/2/703
f 5784/2/703 5783/2/703 4348/2/703 4347/2/703
f 5783/2/703 5782/2/703 4349/2/703 4348/2/703
f 5782/2/703 5781/2/703 5062/2/703 4349/2/703
f 5781/2/703 5780/2/703 5061/2/703 5062/2/703
f 5780/2/703 5779/2/703 5060/2/703 5061/2/703
f 5779/2/703 5778/2/703 5059/2/703 5060/2/703
f 5778/2/703 5777/2/703 4346/2/703 5059/2/703
f 5777/2/703 5776/2/703 4345/2/703 4346/2/703
f 5776/2/703 5775/2/703 4333/2/703 4345/2/703
f 5775/2/703 5774/2/703 4334/2/703 4333/2/703
f 5774/2/703 5773/2/703 5056/2/703 4334/2/703
f 5773/2/703 5772/2/703 5057/2/703 5056/2/703
f 5772/2/703 5771/2/703 5058/2/703 5057/2/703
f 5771/2/703 5770/2/703 5052/2/703 5058/2/703
f 5770/2/703 5769/2/703 4329/2/703 5052/2/703
f 5769/2/703 5768/2/703 4330/2/703 4329/2/703
f 5768/2/703 5767/2/703 5053/2/703 4330/2/703
f 5767/2/703 5766/2/703 5054/2/703 5053/2/703
f 5766/2/703 5765/2/703 4343/2/703 5054/2/703
f 5765/2/703 5764/2/703 4344/2/703 4343/2/703
f 5764/2/703 5763/2/703 4331/2/703 4344/2/703
f 5763/2/703 5762/2/703 4332/2/703 4331/2/703
f 5762/2/703 5761/2/703 5055/2/703 4332/2/703
f 5761/2/703 5760/2/703 5051/2/703 5055/2/703
f 5760/2/703 5759/2/703 5050/2/703 5051/2/703
f 5759/2/703 5758/2/703 5049/2/703 5050/2/703
f 5758/2/703 5757/2/703 4341/2/703 5049/2/703
f 5757/2/703 5756/2/703 4342/2/703 4341/2/703
f 5756/2/703 5755/2/703 5048/2/703 4342/2/703
f 5755/2/703 5754/2/703 5047/2/703 5048/2/703
f 5754/2/703 5753/2/703 5046/2/703 5047/2/703
f 5753/2/703 5752/2/703 5043/2/703 5046/2/703
f 5752/2/703 5751/2/703 5042/2/703 5043/2/703
f 5751/2/703 5750/2/703 5044/2/703 5042/2/703
f 5750/2/703 5749/2/703 5045/2/703 5044/2/703
f 5749/2/703 5748/2/703 5040/2/703 5045/2/703
f 5748/2/703 5747/2/703 5041/2/703 5040/2/703
f 5747/2/703 5746/2/703 4315/2/703 5041/2/703
f 5746/2/703 5745/2/703 4316/2/703 4315/2/703
f 5745/2/703 5744/2/703 4317/2/703 4316/2/703
f 5744/2/703 5743/2/703 4322/2/703 4317/2/703
f 5743/2/703 5742/2/703 4323/2/703 4322/2/703
f 5742/2/703 5741/2/703 4324/2/703 4323/2/703
f 5741/2/703 5740/2/703 4325/2/703 4324/2/703
f 5740/2/703 5739/2/703 4326/2/703 4325/2/703
f 5739/2/703 5738/2/703 5039/2/703 4326/2/703
f 5738/2/703 5737/2/703 5038/2/703 5039/2/703
f 5737/2/703 5736/2/703 4321/2/703 5038/2/703
f 5736/2/703 5735/2/703 4320/2/703 4321/2/703
f 5735/2/703 5734/2/703 4328/2/703 4320/2/703
f 5734/2/703 5733/2/703 4327/2/703 4328/2/703
f 5733/2/703 5732/2/703 5037/2/703 4327/2/703
f 5732/2/703 5731/2/703 5036/2/703 5037/2/703
f 5731/2/703 5730/2/703 5035/2/703 5036/2/703
f 5730/2/703 5729/2/703 5034/2/703 5035/2/703
f 5729/2/703 5728/2/703 4318/2/703 5034/2/703
f 5728/2/703 5727/2/703 4319/2/703 4318/2/703
f 5727/2/703 5726/2/703 5033/2/703 4319/2/703
f 5726/2/703 5725/2/703 4302/2/703 5033/2/703
f 5725/2/703 5724/2/703 4303/2/703 4302/2/703
f 5724/2/703 5723/2/703 4304/2/703 4303/2/703
f 5723/2/703 5722/2/703 4305/2/703 4304/2/703
f 5722/2/703 5721/2/703 4306/2/703 4305/2/703
f 5721/2/703 5720/2/703 4307/2/703 4306/2/703
f 5720/2/703 5719/2/703 4308/2/703 4307/2/703
f 5719/2/703 5718/2/703 4309/2/703 4308/2/703
f 5718/2/703 5717/2/703 4310/2/703 4309/2/703
f 5717/2/703 5716/2/703 4301/2/703 4310/2/703
f 5716/2/703 5715/2/703 4300/2/703 4301/2/703
f 5715/2/703 5714/2/703 4313/2/703 4300/2/703
f 5714/2/703 5713/2/703 4314/2/703 4313/2/703
f 5713/2/703 5712/2/703 5032/2/703 4314/2/703
f 5712/2/703 5711/2/703 5031/2/703 5032/2/703
f 5711/2/703 5710/2/703 4312/2/703 5031/2/703
f 5710/2/703 5709/2/703 4311/2/703 4312/2/703
f 5709/2/703 5708/2/703 5028/2/703 4311/2/703
f 5708/2/703 5707/2/703 5027/2/703 5028/2/703
f 5707/2/703 5706/2/703 5029/2/703 5027/2/703
f 5706/2/703 5705/2/703 5030/2/703 5029/2/703
f 5705/2/703 5704/2/703 4292/2/703 5030/2/703
f 5704/2/703 5703/2/703 4293/2/703 4292/2/703
f 5703/2/703 5702/2/703 4294/2/703 4293/2/703
f 5702/2/703 5701/2/703 4295/2/703 4294/2/703
f 5701/2/703 5700/2/703 4298/2/703 4295/2/703
f 5700/2/703 5699/2/703 4299/2/703 4298/2/703
f 5699/2/703 5698/2/703 5025/2/703 4299/2/703
f 5698/2/703 5697/2/703 5026/2/703 5025/2/703
f 5697/2/703 5696/2/703 4296/2/703 5026/2/703
f 5696/2/703 5695/2/703 4297/2/703 4296/2/703
f 5695/2/703 5694/2/703 5024/2/703 4297/2/703
f 5694/2/703 5693/2/703 5023/2/703 5024/2/703
f 5693/2/703 5692/2/703 5022/2/703 5023/2/703
f 5692/2/703 5691/2/703 5021/2/703 5022/2/703
f 5691/2/703 5690/2/703 5020/2/703 5021/2/703
f 5690/2/703 5689/2/703 5019/2/703 5020/2/703
f 5689/2/703 5688/2/703 4291/2/703 5019/2/703
f 5688/2/703 5687/2/703 4289/2/703 4291/2/703
f 5687/2/703 5686/2/703 4290/2/703 4289/2/703
f 5686/2/703 5685/2/703 5016/2/703 4290/2/703
f 5685/2/703 5684/2/703 5017/2/703 5016/2/703
f 5684/2/703 5683/2/703 5018/2/703 5017/2/703
f 5683/2/703 5682/2/703 4282/2/703 5018/2/703
f 5682/2/703 5681/2/703 4283/2/703 4282/2/703
f 5681/2/703 5680/2/703 5010/2/703 4283/2/703
f 5680/2/703 5679/2/703 5011/2/703 5010/2/703
f 5679/2/703 5678/2/703 5012/2/703 5011/2/703
f 5678/2/703 5677/2/703 5013/2/703 5012/2/703
f 5677/2/703 5676/2/703 5014/2/703 5013/2/703
f 5676/2/703 5675/2/703 5015/2/703 5014/2/703
f 5675/2/703 5674/2/703 4287/2/703 5015/2/703
f 5674/2/703 5673/2/703 4288/2/703 4287/2/703
f 5673/2/703 5672/2/703 4281/2/703 4288/2/703
f 5672/2/703 5671/2/703 4280/2/703 4281/2/703
f 5671/2/703 5670/2/703 5009/2/703 4280/2/703
f 5670/2/703 5669/2/703 5008/2/703 5009/2/703
f 5669/2/703 5668/2/703 5007/2/703 5008/2/703
f 5668/2/703 5667/2/703 5006/2/703 5007/2/703
f 5667/2/703 5666/2/703 5005/2/703 5006/2/703
f 5666/2/703 5665/2/703 5004/2/703 5005/2/703
f 5665/2/703 5664/2/703 5003/2/703 5004/2/703
f 5664/2/703 5663/2/703 4286/2/703 5003/2/703
f 5663/2/703 5662/2/703 4285/2/703 4286/2/703
f 5662/2/703 5661/2/703 4284/2/703 4285/2/703
f 5661/2/703 5660/2/703 4999/2/703 4284/2/703
f 5660/2/703 5659/2/703 4278/2/703 4999/2/703
f 5659/2/703 5658/2/703 4279/2/703 4278/2/703
f 5658/2/703 5657/2/703 4274/2/703 4279/2/703
f 5657/2/703 5656/2/703 4275/2/703 4274/2/703
f 5656/2/703 5655/2/703 5000/2/703 4275/2/703
f 5655/2/703 5654/2/703 5001/2/703 5000/2/703
f 5654/2/703 5653/2/703 5002/2/703 5001/2/703
f 5653/2/703 5652/2/703 4263/2/703 5002/2/703
f 5652/2/703 5651/2/703 4264/2/703 4263/2/703
f 5651/2/703 5650/2/703 4277/2/703 4264/2/703
f 5650/2/703 5649/2/703 4276/2/703 4277/2/703
f 5649/2/703 5648/2/703 4998/2/703 4276/2/703
f 5648/2/703 5647/2/703 4997/2/703 4998/2/703
f 5647/2/703 5646/2/703 4996/2/703 4997/2/703
f 5646/2/703 5645/2/703 4995/2/703 4996/2/703
f 5645/2/703 5644/2/703 4994/2/703 4995/2/703
f 5644/2/703 5643/2/703 4993/2/703 4994/2/703
f 5643/2/703 5642/2/703 4990/2/703 4993/2/703
f 5642/2/703 5641/2/703 4989/2/703 4990/2/703
f 5641/2/703 5640/2/703 4991/2/703 4989/2/703
f 5640/2/703 5639/2/703 4992/2/703 4991/2/703
f 5639/2/703 5638/2/703 4986/2/703 4992/2/703
f 5638/2/703 5637/2/703 4987/2/703 4986/2/703
f 5637/2/703 5636/2/703 4261/2/703 4987/2/703
f 5636/2/703 5635/2/703 4262/2/703 4261/2/703
f 5635/2/703 5634/2/703 4270/2/703 4262/2/703
f 5634/2/703 5633/2/703 4271/2/703 4270/2/703
f 5633/2/703 5632/2/703 4988/2/703 4271/2/703
f 5632/2/703 5631/2/703 4272/2/703 4988/2/703
f 5631/2/703 5630/2/703 4273/2/703 4272/2/703
f 5630/2/703 5629/2/703 4259/2/703 4273/2/703
f 5629/2/703 5628/2/703 4260/2/703 4259/2/703
f 5628/2/703 5627/2/703 4985/2/703 4260/2/703
f 5627/2/703 5626/2/703 4269/2/703 4985/2/703
f 5626/2/703 5625/2/703 4267/2/703 4269/2/703
f 5625/2/703 5624/2/703 4268/2/703 4267/2/703
f 5624/2/703 5623/2/703 4984/2/703 4268/2/703
f 5623/2/703 5622/2/703 4265/2/703 4984/2/703
f 5622/2/703 5621/2/703 4266/2/703 4265/2/703
f 5621/2/703 5620/2/703 4981/2/703 4266/2/703
f 5620/2/703 5619/2/703 4980/2/703 4981/2/703
f 5619/2/703 5618/2/703 4982/2/703 4980/2/703
f 5618/2/703 5617/2/703 4983/2/703 4982/2/703
f 5617/2/703 5616/2/703 4247/2/703 4983/2/703
f 5616/2/703 5615/2/703 4248/2/703 4247/2/703
f 5615/2/703 5614/2/703 4249/2/703 4248/2/703
f 5614/2/703 5613/2/703 4256/2/703 4249/2/703
f 5613/2/703 5612/2/703 4257/2/703 4256/2/703
f 5612/2/703 5611/2/703 4258/2/703 4257/2/703
f 5611/2/703 5610/2/703 4250/2/703 4258/2/703
f 5610/2/703 5609/2/703 4251/2/703 4250/2/703
f 5609/2/703 5608/2/703 4979/2/703 4251/2/703
f 5608/2/703 5607/2/703 4252/2/703 4979/2/703
f 5607/2/703 5606/2/703 4253/2/703 4252/2/703
f 5606/2/703 5605/2/703 4246/2/703 4253/2/703
f 5605/2/703 5604/2/703 4245/2/703 4246/2/703
f 5604/2/703 5603/2/703 4244/2/703 4245/2/703
f 5603/2/703 5602/2/703 4243/2/703 4244/2/703
f 5602/2/703 5601/2/703 4242/2/703 4243/2/703
f 5601/2/703 5600/2/703 4241/2/703 4242/2/703
f 5600/2/703 5599/2/703 4240/2/703 4241/2/703
f 5599/2/703 5598/2/703 4239/2/703 4240/2/703
f 5598/2/703 5597/2/703 4233/2/703 4239/2/703
f 5597/2/703 5596/2/703 4234/2/703 4233/2/703
f 5596/2/703 5595/2/703 4235/2/703 4234/2/703
f 5595/2/703 5594/2/703 4975/2/703 4235/2/703
f 5594/2/703 5593/2/703 4976/2/703 4975/2/703
f 5593/2/703 5592/2/703 4977/2/703 4976/2/703
f 5592/2/703 5591/2/703 4978/2/703 4977/2/703
f 5591/2/703 5590/2/703 4229/2/703 4978/2/703
f 5590/2/703 5589/2/703 4230/2/703 4229/2/703
f 5589/2/703 5588/2/703 4236/2/703 4230/2/703
f 5588/2/703 5587/2/703 4237/2/703 4236/2/703
f 5587/2/703 5586/2/703 4238/2/703 4237/2/703
f 5586/2/703 5585/2/703 4231/2/703 4238/2/703
f 5585/2/703 5584/2/703 4232/2/703 4231/2/703
f 5584/2/703 5583/2/703 4974/2/703 4232/2/703
f 5583/2/703 5582/2/703 4973/2/703 4974/2/703
f 5582/2/703 5581/2/703 4972/2/703 4973/2/703
f 5581/2/703 5580/2/703 4971/2/703 4972/2/703
f 5580/2/703 5579/2/703 4228/2/703 4971/2/703
f 5579/2/703 5578/2/703 4227/2/703 4228/2/703
f 5578/2/703 5577/2/703 4226/2/703 4227/2/703
f 5577/2/703 5576/2/703 4969/2/703 4226/2/703
f 5576/2/703 5575/2/703 4254/2/703 4969/2/703
f 5575/2/703 5574/2/703 4255/2/703 4254/2/703
f 5574/2/703 5573/2/703 4970/2/703 4255/2/703
f 5573/2/703 5572/2/703 4217/2/703 4970/2/703
f 5572/2/703 5571/2/703 4218/2/703 4217/2/703
f 5571/2/703 5570/2/703 4966/2/703 4218/2/703
f 5570/2/703 5569/2/703 4224/2/703 4966/2/703
f 5569/2/703 5568/2/703 4225/2/703 4224/2/703
f 5568/2/703 5567/2/703 4967/2/703 4225/2/703
f 5567/2/703 5566/2/703 4219/2/703 4967/2/703
f 5566/2/703 5565/2/703 4220/2/703 4219/2/703
f 5565/2/703 5564/2/703 4221/2/703 4220/2/703
f 5564/2/703 5563/2/703 4968/2/703 4221/2/703
f 5563/2/703 5562/2/703 4212/2/703 4968/2/703
f 5562/2/703 5561/2/703 4211/2/703 4212/2/703
f 5561/2/703 5560/2/703 4210/2/703 4211/2/703
f 5560/2/703 5559/2/703 4965/2/703 4210/2/703
f 5559/2/703 5558/2/703 4964/2/703 4965/2/703
f 5558/2/703 5557/2/703 4223/2/703 4964/2/703
f 5557/2/703 5556/2/703 4222/2/703 4223/2/703
f 5556/2/703 5555/2/703 4963/2/703 4222/2/703
f 5555/2/703 5554/2/703 4202/2/703 4963/2/703
f 5554/2/703 5553/2/703 4201/2/703 4202/2/703
f 5553/2/703 5552/2/703 4203/2/703 4201/2/703
f 5552/2/703 5551/2/703 4962/2/703 4203/2/703
f 5551/2/703 5550/2/703 4204/2/703 4962/2/703
f 5550/2/703 5549/2/703 4205/2/703 4204/2/703
f 5549/2/703 5548/2/703 4206/2/703 4205/2/703
f 5548/2/703 5547/2/703 4207/2/703 4206/2/703
f 5547/2/703 5546/2/703 4208/2/703 4207/2/703
f 5546/2/703 5545/2/703 4209/2/703 4208/2/703
f 5545/2/703 5544/2/703 4959/2/703 4209/2/703
f 5544/2/703 5543/2/703 4960/2/703 4959/2/703
f 5543/2/703 5542/2/703 4961/2/703 4960/2/703
f 5542/2/703 5541/2/703 4215/2/703 4961/2/703
f 5541/2/703 5540/2/703 4216/2/703 4215/2/703
f 5540/2/703 5539/2/703 4958/2/703 4216/2/703
f 5539/2/703 5538/2/703 4957/2/703 4958/2/703
f 5538/2/703 5537/2/703 4956/2/703 4957/2/703
f 5537/2/703 5536/2/703 4200/2/703 4956/2/703
f 5536/2/703 5535/2/703 4199/2/703 4200/2/703
f 5535/2/703 5534/2/703 4955/2/703 4199/2/703
f 5534/2/703 5533/2/703 4954/2/703 4955/2/703
f 5533/2/703 5532/2/703 4214/2/703 4954/2/703
f 5532/2/703 5531/2/703 4213/2/703 4214/2/703
f 5531/2/703 5530/2/703 4952/2/703 4213/2/703
f 5530/2/703 5529/2/703 4953/2/703 4952/2/703
f 5529/2/703 5528/2/703 4187/2/703 4953/2/703
f 5528/2/703 5527/2/703 4188/2/703 4187/2/703
f 5527/2/703 5526/2/703 4189/2/703 4188/2/703
f 5526/2/703 5525/2/703 4949/2/703 4189/2/703
f 5525/2/703 5524/2/703 4190/2/703 4949/2/703
f 5524/2/703 5523/2/703 4191/2/703 4190/2/703
f 5523/2/703 5522/2/703 4192/2/703 4191/2/703
f 5522/2/703 5521/2/703 4950/2/703 4192/2/703
f 5521/2/703 5520/2/703 4951/2/703 4950/2/703
f 5520/2/703 5519/2/703 4197/2/703 4951/2/703
f 5519/2/703 5518/2/703 4198/2/703 4197/2/703
f 5518/2/703 5517/2/703 4948/2/703 4198/2/703
f 5517/2/703 5516/2/703 4186/2/703 4948/2/703
f 5516/2/703 5515/2/703 4185/2/703 4186/2/703
f 5515/2/703 5514/2/703 4184/2/703 4185/2/703
f 5514/2/703 5513/2/703 4947/2/703 4184/2/703
f 5513/2/703 5512/2/703 4195/2/703 4947/2/703
f 5512/2/703 5511/2/703 4196/2/703 4195/2/703
f 5511/2/703 5510/2/703 4194/2/703 4196/2/703
f 5510/2/703 5509/2/703 4193/2/703 4194/2/703
f 5509/2/703 5508/2/703 4945/2/703 4193/2/703
f 5508/2/703 5507/2/703 4946/2/703 4945/2/703
f 5507/2/703 5506/2/703 4175/2/703 4946/2/703
f 5506/2/703 5505/2/703 4176/2/703 4175/2/703
f 5505/2/703 5504/2/703 4943/2/703 4176/2/703
f 5504/2/703 5503/2/703 4177/2/703 4943/2/703
f 5503/2/703 5502/2/703 4178/2/703 4177/2/703
f 5502/2/703 5501/2/703 4944/2/703 4178/2/703
f 5501/2/703 5500/2/703 4179/2/703 4944/2/703
f 5500/2/703 5499/2/703 4180/2/703 4179/2/703
f 5499/2/703 5498/2/703 4181/2/703 4180/2/703
f 5498/2/703 5497/2/703 4182/2/703 4181/2/703
f 5497/2/703 5496/2/703 4183/2/703 4182/2/703
f 5496/2/703 5495/2/703 4942/2/703 4183/2/703
f 5495/2/703 5494/2/703 4941/2/703 4942/2/703
f 5494/2/703 5493/2/703 4174/2/703 4941/2/703
f 5493/2/703 5492/2/703 4173/2/703 4174/2/703
f 5492/2/703 5491/2/703 4172/2/703 4173/2/703
f 5491/2/703 5490/2/703 4940/2/703 4172/2/703
f 5490/2/703 5489/2/703 4939/2/703 4940/2/703
f 5489/2/703 5488/2/703 4936/2/703 4939/2/703
f 5488/2/703 5487/2/703 4935/2/703 4936/2/703
f 5487/2/703 5486/2/703 4937/2/703 4935/2/703
f 5486/2/703 5485/2/703 4938/2/703 4937/2/703
f 5485/2/703 5484/2/703 4929/2/703 4938/2/703
f 5484/2/703 5483/2/703 4930/2/703 4929/2/703
f 5483/2/703 5482/2/703 4931/2/703 4930/2/703
f 5482/2/703 5481/2/703 4168/2/703 4931/2/703
f 5481/2/703 5480/2/703 4169/2/703 4168/2/703
f 5480/2/703 5479/2/703 4932/2/703 4169/2/703
f 5479/2/703 5478/2/703 4170/2/703 4932/2/703
f 5478/2/703 5477/2/703 4171/2/703 4170/2/703
f 5477/2/703 5476/2/703 4933/2/703 4171/2/703
f 5476/2/703 5475/2/703 4934/2/703 4933/2/703
f 5475/2/703 5474/2/703 4928/2/703 4934/2/703
f 5474/2/703 5473/2/703 4160/2/703 4928/2/703
f 5473/2/703 5472/2/703 4159/2/703 4160/2/703
f 5472/2/703 5471/2/703 4927/2/703 4159/2/703
f 5471/2/703 5470/2/703 4926/2/703 4927/2/703
f 5470/2/703 5469/2/703 4925/2/703 4926/2/703
f 5469/2/703 5468/2/703 4166/2/703 4925/2/703
f 5468/2/703 5467/2/703 4167/2/703 4166/2/703
f 5467/2/703 5466/2/703 4922/2/703 4167/2/703
f 5466/2/703 5465/2/703 4921/2/703 4922/2/703
f 5465/2/703 5464/2/703 4923/2/703 4921/2/703
f 5464/2/703 5463/2/703 4924/2/703 4923/2/703
f 5463/2/703 5462/2/703 4917/2/703 4924/2/703
f 5462/2/703 5461/2/703 4918/2/703 4917/2/703
f 5461/2/703 5460/2/703 4919/2/703 4918/2/703
f 5460/2/703 5459/2/703 4920/2/703 4919/2/703
f 5459/2/703 5458/2/703 4161/2/703 4920/2/703
f 5458/2/703 5457/2/703 4162/2/703 4161/2/703
f 5457/2/703 5456/2/703 4163/2/703 4162/2/703
f 5456/2/703 5455/2/703 4157/2/703 4163/2/703
f 5455/2/703 5454/2/703 4158/2/703 4157/2/703
f 5454/2/703 5453/2/703 4164/2/703 4158/2/703
f 5453/2/703 5452/2/703 4165/2/703 4164/2/703
f 5452/2/703 5451/2/703 4916/2/703 4165/2/703
f 5451/2/703 5450/2/703 4915/2/703 4916/2/703
f 5450/2/703 5449/2/703 4914/2/703 4915/2/703
f 5449/2/703 5448/2/703 4913/2/703 4914/2/703
f 5448/2/703 5447/2/703 4912/2/703 4913/2/703
f 5447/2/703 5446/2/703 4911/2/703 4912/2/703
f 5446/2/703 5445/2/703 4910/2/703 4911/2/703
f 5445/2/703 5444/2/703 4907/2/703 4910/2/703
f 5444/2/703 5443/2/703 4906/2/703 4907/2/703
f 5443/2/703 5442/2/703 4908/2/703 4906/2/703
f 5442/2/703 5441/2/703 4909/2/703 4908/2/703
f 5441/2/703 5440/2/703 4900/2/703 4909/2/703
f 5440/2/703 5439/2/703 4901/2/703 4900/2/703
f 5439/2/703 5438/2/703 4902/2/703 4901/2/703
f 5438/2/703 5437/2/703 4155/2/703 4902/2/703
f 5437/2/703 5436/2/703 4156/2/703 4155/2/703
f 5436/2/703 5435/2/703 4903/2/703 4156/2/703
f 5435/2/703 5434/2/703 4904/2/703 4903/2/703
f 5434/2/703 5433/2/703 4153/2/703 4904/2/703
f 5433/2/703 5432/2/703 4154/2/703 4153/2/703
f 5432/2/703 5431/2/703 4905/2/703 4154/2/703
f 5431/2/703 5430/2/703 4899/2/703 4905/2/703
f 5430/2/703 5429/2/703 4898/2/703 4899/2/703
f 5429/2/703 5428/2/703 4897/2/703 4898/2/703
f 5428/2/703 5427/2/703 4896/2/703 4897/2/703
f 5427/2/703 5426/2/703 4895/2/703 4896/2/703
f 5426/2/703 5425/2/703 4894/2/703 4895/2/703
f 5425/2/703 5424/2/703 4893/2/703 4894/2/703
f 5424/2/703 5423/2/703 4892/2/703 4893/2/703
f 5423/2/703 5422/2/703 4147/2/703 4892/2/703
f 5422/2/703 5421/2/703 4146/2/703 4147/2/703
f 5421/2/703 5420/2/703 4890/2/703 4146/2/703
f 5420/2/703 5419/2/703 4891/2/703 4890/2/703
f 5419/2/703 5418/2/703 4885/2/703 4891/2/703
f 5418/2/703 5417/2/703 4886/2/703 4885/2/703
f 5417/2/703 5416/2/703 4144/2/703 4886/2/703
f 5416/2/703 5415/2/703 4145/2/703 4144/2/703
f 5415/2/703 5414/2/703 4150/2/703 4145/2/703
f 5414/2/703 5413/2/703 4151/2/703 4150/2/703
f 5413/2/703 5412/2/703 4152/2/703 4151/2/703
f 5412/2/703 5411/2/703 4887/2/703 4152/2/703
f 5411/2/703 5410/2/703 4888/2/703 4887/2/703
f 5410/2/703 5409/2/703 4889/2/703 4888/2/703
f 5409/2/703 5408/2/703 4884/2/703 4889/2/703
f 5408/2/703 5407/2/703 4149/2/703 4884/2/703
f 5407/2/703 5406/2/703 4148/2/703 4149/2/703
f 5406/2/703 5405/2/703 4883/2/703 4148/2/703
f 5405/2/703 5404/2/703 4882/2/703 4883/2/703
f 5404/2/703 5403/2/703 4881/2/703 4882/2/703
f 5403/2/703 5402/2/703 4880/2/703 4881/2/703
f 5402/2/703 5401/2/703 4879/2/703 4880/2/703
f 5401/2/703 5400/2/703 4876/2/703 4879/2/703
f 5400/2/703 5399/2/703 4875/2/703 4876/2/703
f 5399/2/703 5398/2/703 4877/2/703 4875/2/703
f 5398/2/703 5397/2/703 4878/2/703 4877/2/703
f 5397/2/703 5396/2/703 4871/2/703 4878/2/703
f 5396/2/703 5395/2/703 4872/2/703 4871/2/703
f 5395/2/703 5394/2/703 4136/2/703 4872/2/703
f 5394/2/703 5393/2/703 4137/2/703 4136/2/703
f 5393/2/703 5392/2/703 4873/2/703 4137/2/703
f 5392/2/703 5391/2/703 4874/2/703 4873/2/703
f 5391/2/703 5390/2/703 4140/2/703 4874/2/703
f 5390/2/703 5389/2/703 4141/2/703 4140/2/703
f 5389/2/703 5388/2/703 4142/2/703 4141/2/703
f 5388/2/703 5387/2/703 4143/2/703 4142/2/703
f 5387/2/703 5386/2/703 4870/2/703 4143/2/703
f 5386/2/703 5385/2/703 4869/2/703 4870/2/703
f 5385/2/703 5384/2/703 4868/2/703 4869/2/703
f 5384/2/703 5383/2/703 4867/2/703 4868/2/703
f 5383/2/703 5382/2/703 4866/2/703 4867/2/703
f 5382/2/703 5381/2/703 4865/2/703 4866/2/703
f 5381/2/703 5380/2/703 4864/2/703 4865/2/703
f 5380/2/703 5379/2/703 4863/2/703 4864/2/703
f 5379/2/703 5378/2/703 4861/2/703 4863/2/703
f 5378/2/703 5377/2/703 4860/2/703 4861/2/703
f 5377/2/703 5376/2/703 4862/2/703 4860/2/703
f 5376/2/703 5375/2/703 4139/2/703 4862/2/703
f 5375/2/703 5374/2/703 4138/2/703 4139/2/703
f 5374/2/703 5373/2/703 4857/2/703 4138/2/703
f 5373/2/703 5372/2/703 4130/2/703 4857/2/703
f 5372/2/703 5371/2/703 4131/2/703 4130/2/703
f 5371/2/703 5370/2/703 4132/2/703 4131/2/703
f 5370/2/703 5369/2/703 4133/2/703 4132/2/703
f 5369/2/703 5368/2/703 4134/2/703 4133/2/703
f 5368/2/703 5367/2/703 4135/2/703 4134/2/703
f 5367/2/703 5366/2/703 4858/2/703 4135/2/703
f 5366/2/703 5365/2/703 4859/2/703 4858/2/703
f 5365/2/703 5364/2/703 4856/2/703 4859/2/703
f 5364/2/703 5363/2/703 4855/2/703 4856/2/703
f 5363/2/703 5362/2/703 4854/2/703 4855/2/703
f 5362/2/703 5361/2/703 4853/2/703 4854/2/703
f 5361/2/703 5360/2/703 4852/2/703 4853/2/703
f 5360/2/703 5359/2/703 4851/2/703 4852/2/703
f 5359/2/703 5358/2/703 4850/2/703 4851/2/703
f 5358/2/703 5357/2/703 4849/2/703 4850/2/703
f 5357/2/703 5356/2/703 4847/2/703 4849/2/703
f 5356/2/703 5355/2/703 4129/2/703 4847/2/703
f 5355/2/703 5354/2/703 4128/2/703 4129/2/703
f 5354/2/703 5353/2/703 4848/2/703 4128/2/703
f 5353/2/703 5352/2/703 4840/2/703 4848/2/703
f 5352/2/703 5351/2/703 4841/2/703 4840/2/703
f 5351/2/703 5350/2/703 4842/2/703 4841/2/703
f 5350/2/703 5349/2/703 4843/2/703 4842/2/703
f 5349/2/703 5348/2/703 4120/2/703 4843/2/703
f 5348/2/703 5347/2/703 4121/2/703 4120/2/703
f 5347/2/703 5346/2/703 4122/2/703 4121/2/703
f 5346/2/703 5345/2/703 4844/2/703 4122/2/703
f 5345/2/703 5344/2/703 4845/2/703 4844/2/703
f 5344/2/703 5343/2/703 4846/2/703 4845/2/703
f 5343/2/703 5342/2/703 4839/2/703 4846/2/703
f 5342/2/703 5341/2/703 4838/2/703 4839/2/703
f 5341/2/703 5340/2/703 4837/2/703 4838/2/703
f 5340/2/703 5339/2/703 4127/2/703 4837/2/703
f 5339/2/703 5338/2/703 4126/2/703 4127/2/703
f 5338/2/703 5337/2/703 4125/2/703 4126/2/703
f 5337/2/703 5336/2/703 4118/2/703 4125/2/703
f 5336/2/703 5335/2/703 4119/2/703 4118/2/703
f 5335/2/703 5334/2/703 4114/2/703 4119/2/703
f 5334/2/703 5333/2/703 4113/2/703 4114/2/703
f 5333/2/703 5332/2/703 4115/2/703 4113/2/703
f 5332/2/703 5331/2/703 4836/2/703 4115/2/703
f 5331/2/703 5330/2/703 4830/2/703 4836/2/703
f 5330/2/703 5329/2/703 4831/2/703 4830/2/703
f 5329/2/703 5328/2/703 4832/2/703 4831/2/703
f 5328/2/703 5327/2/703 4116/2/703 4832/2/703
f 5327/2/703 5326/2/703 4117/2/703 4116/2/703
f 5326/2/703 5325/2/703 4833/2/703 4117/2/703
f 5325/2/703 5324/2/703 4111/2/703 4833/2/703
f 5324/2/703 5323/2/703 4112/2/703 4111/2/703
f 5323/2/703 5322/2/703 4834/2/703 4112/2/703
f 5322/2/703 5321/2/703 4835/2/703 4834/2/703
f 5321/2/703 5320/2/703 4829/2/703 4835/2/703
f 5320/2/703 5319/2/703 4828/2/703 4829/2/703
f 5319/2/703 5318/2/703 4827/2/703 4828/2/703
f 5318/2/703 5317/2/703 4826/2/703 4827/2/703
f 5317/2/703 5316/2/703 4825/2/703 4826/2/703
f 5316/2/703 5315/2/703 4824/2/703 4825/2/703
f 5315/2/703 5314/2/703 4823/2/703 4824/2/703
f 5314/2/703 5313/2/703 4822/2/703 4823/2/703
f 5313/2/703 5312/2/703 4124/2/703 4822/2/703
f 5312/2/703 5311/2/703 4123/2/703 4124/2/703
f 5311/2/703 5310/2/703 4820/2/703 4123/2/703
f 5310/2/703 5309/2/703 4821/2/703 4820/2/703
f 5309/2/703 5308/2/703 4103/2/703 4821/2/703
f 5308/2/703 5307/2/703 4104/2/703 4103/2/703
f 5307/2/703 5306/2/703 4105/2/703 4104/2/703
f 5306/2/703 5305/2/703 4098/2/703 4105/2/703
f 5305/2/703 5304/2/703 4099/2/703 4098/2/703
f 5304/2/703 5303/2/703 4100/2/703 4099/2/703
f 5303/2/703 5302/2/703 4106/2/703 4100/2/703
f 5302/2/703 5301/2/703 4107/2/703 4106/2/703
f 5301/2/703 5300/2/703 4108/2/703 4107/2/703
f 5300/2/703 5299/2/703 4109/2/703 4108/2/703
f 5299/2/703 5298/2/703 4110/2/703 4109/2/703
f 5298/2/703 5297/2/703 4096/2/703 4110/2/703
f 5297/2/703 5296/2/703 4097/2/703 4096/2/703
f 5296/2/703 5295/2/703 4819/2/703 4097/2/703
f 5295/2/703 5294/2/703 4818/2/703 4819/2/703
f 5294/2/703 5293/2/703 4817/2/703 4818/2/703
f 5293/2/703 5292/2/703 4816/2/703 4817/2/703
f 5292/2/703 5291/2/703 4815/2/703 4816/2/703
f 5291/2/703 5290/2/703 4814/2/703 4815/2/703
f 5290/2/703 5288/2/703 4813/2/703 4814/2/703
f 5288/2/703 5289/2/703 4102/2/703 4813/2/703
f 5289/2/703 6607/2/703 4101/2/703 4102/2/703
f 6607/2/703 6606/2/703 4808/2/703 4101/2/703
f 6606/2/703 6605/2/703 4809/2/703 4808/2/703
f 6605/2/703 6604/2/703 4810/2/703 4809/2/703
f 6604/2/703 6603/2/703 4811/2/703 4810/2/703
f 6603/2/703 6602/2/703 4093/2/703 4811/2/703
f 6602/2/703 6601/2/703 4094/2/703 4093/2/703
f 6601/2/703 6600/2/703 4095/2/703 4094/2/703
f 6600/2/703 6599/2/703 4087/2/703 4095/2/703
f 6599/2/703 6598/2/703 4088/2/703 4087/2/703
f 6598/2/703 6597/2/703 4812/2/703 4088/2/703
f 6597/2/703 6596/2/703 4086/2/703 4812/2/703
f 6596/2/703 6595/2/703 4085/2/703 4086/2/703
f 6595/2/703 6594/2/703 4807/2/703 4085/2/703
f 6594/2/703 6593/2/703 4806/2/703 4807/2/703
f 6593/2/703 6592/2/703 4092/2/703 4806/2/703
f 6592/2/703 6591/2/703 4091/2/703 4092/2/703
f 6591/2/703 6590/2/703 4805/2/703 4091/2/703
f 6590/2/703 6589/2/703 4089/2/703 4805/2/703
f 6589/2/703 6588/2/703 4090/2/703 4089/2/703
f 6588/2/703 6587/2/703 4802/2/703 4090/2/703
f 6587/2/703 6586/2/703 4803/2/703 4802/2/703
f 6586/2/703 6585/2/703 4804/2/703 4803/2/703
f 6585/2/703 6584/2/703 4795/2/703 4804/2/703
f 6584/2/703 6583/2/703 4796/2/703 4795/2/703
f 6583/2/703 6582/2/703 4797/2/703 4796/2/703
f 6582/2/703 6581/2/703 4798/2/703 4797/2/703
f 6581/2/703 6580/2/703 4799/2/703 4798/2/703
f 6580/2/703 6579/2/703 4082/2/703 4799/2/703
f 6579/2/703 6578/2/703 4083/2/703 4082/2/703
f 6578/2/703 6577/2/703 4084/2/703 4083/2/703
f 6577/2/703 6576/2/703 4800/2/703 4084/2/703
f 6576/2/703 6575/2/703 4801/2/703 4800/2/703
f 6575/2/703 6574/2/703 4794/2/703 4801/2/703
f 6574/2/703 6573/2/703 4793/2/703 4794/2/703
f 6573/2/703 6572/2/703 4792/2/703 4793/2/703
f 6572/2/703 6571/2/703 4791/2/703 4792/2/703
f 6571/2/703 6570/2/703 4072/2/703 4791/2/703
f 6570/2/703 6569/2/703 4073/2/703 4072/2/703
f 6569/2/703 6568/2/703 4790/2/703 4073/2/703
f 6568/2/703 6567/2/703 4081/2/703 4790/2/703
f 6567/2/703 6566/2/703 4080/2/703 4081/2/703
f 6566/2/703 6565/2/703 4787/2/703 4080/2/703
f 6565/2/703 6564/2/703 4788/2/703 4787/2/703
f 6564/2/703 6563/2/703 4789/2/703 4788/2/703
f 6563/2/703 6562/2/703 4077/2/703 4789/2/703
f 6562/2/703 6561/2/703 4078/2/703 4077/2/703
f 6561/2/703 6560/2/703 4079/2/703 4078/2/703
f 6560/2/703 6559/2/703 4066/2/703 4079/2/703
f 6559/2/703 6558/2/703 4067/2/703 4066/2/703
f 6558/2/703 6557/2/703 4064/2/703 4067/2/703
f 6557/2/703 6556/2/703 4065/2/703 4064/2/703
f 6556/2/703 6555/2/703 4068/2/703 4065/2/703
f 6555/2/703 6554/2/703 4069/2/703 4068/2/703
f 6554/2/703 6553/2/703 4070/2/703 4069/2/703
f 6553/2/703 6552/2/703 4071/2/703 4070/2/703
f 6552/2/703 6551/2/703 4786/2/703 4071/2/703
f 6551/2/703 6550/2/703 4785/2/703 4786/2/703
f 6550/2/703 6549/2/703 4076/2/703 4785/2/703
f 6549/2/703 6548/2/703 4074/2/703 4076/2/703
f 6548/2/703 6547/2/703 4075/2/703 4074/2/703
f 6547/2/703 6546/2/703 4784/2/703 4075/2/703
f 6546/2/703 6545/2/703 4062/2/703 4784/2/703
f 6545/2/703 6544/2/703 4063/2/703 4062/2/703
f 6544/2/703 6543/2/703 4781/2/703 4063/2/703
f 6543/2/703 6542/2/703 4782/2/703 4781/2/703
f 6542/2/703 6541/2/703 4783/2/703 4782/2/703
f 6541/2/703 6540/2/703 4056/2/703 4783/2/703
f 6540/2/703 6539/2/703 4057/2/703 4056/2/703
f 6539/2/703 6538/2/703 4058/2/703 4057/2/703
f 6538/2/703 6537/2/703 4776/2/703 4058/2/703
f 6537/2/703 6536/2/703 4777/2/703 4776/2/703
f 6536/2/703 6535/2/703 4778/2/703 4777/2/703
f 6535/2/703 6534/2/703 4779/2/703 4778/2/703
f 6534/2/703 6533/2/703 4780/2/703 4779/2/703
f 6533/2/703 6532/2/703 4059/2/703 4780/2/703
f 6532/2/703 6531/2/703 4060/2/703 4059/2/703
f 6531/2/703 6530/2/703 4061/2/703 4060/2/703
f 6530/2/703 6529/2/703 4051/2/703 4061/2/703
f 6529/2/703 6528/2/703 4050/2/703 4051/2/703
f 6528/2/703 6527/2/703 4775/2/703 4050/2/703
f 6527/2/703 6526/2/703 4774/2/703 4775/2/703
f 6526/2/703 6525/2/703 4773/2/703 4774/2/703
f 6525/2/703 6524/2/703 4772/2/703 4773/2/703
f 6524/2/703 6523/2/703 4771/2/703 4772/2/703
f 6523/2/703 6522/2/703 4768/2/703 4771/2/703
f 6522/2/703 6521/2/703 4767/2/703 4768/2/703
f 6521/2/703 6520/2/703 4769/2/703 4767/2/703
f 6520/2/703 6519/2/703 4770/2/703 4769/2/703
f 6519/2/703 6518/2/703 4766/2/703 4770/2/703
f 6518/2/703 6517/2/703 4042/2/703 4766/2/703
f 6517/2/703 6516/2/703 4043/2/703 4042/2/703
f 6516/2/703 6515/2/703 4047/2/703 4043/2/703
f 6515/2/703 6514/2/703 4048/2/703 4047/2/703
f 6514/2/703 6513/2/703 4049/2/703 4048/2/703
f 6513/2/703 6512/2/703 4052/2/703 4049/2/703
f 6512/2/703 6511/2/703 4053/2/703 4052/2/703
f 6511/2/703 6510/2/703 4054/2/703 4053/2/703
f 6510/2/703 6509/2/703 4055/2/703 4054/2/703
f 6509/2/703 6508/2/703 4765/2/703 4055/2/703
f 6508/2/703 6507/2/703 4764/2/703 4765/2/703
f 6507/2/703 6506/2/703 4046/2/703 4764/2/703
f 6506/2/703 6505/2/703 4045/2/703 4046/2/703
f 6505/2/703 6504/2/703 4044/2/703 4045/2/703
f 6504/2/703 6503/2/703 4763/2/703 4044/2/703
f 6503/2/703 6502/2/703 4762/2/703 4763/2/703
f 6502/2/703 6501/2/703 4761/2/703 4762/2/703
f 6501/2/703 6500/2/703 4758/2/703 4761/2/703
f 6500/2/703 6499/2/703 4757/2/703 4758/2/703
f 6499/2/703 6498/2/703 4759/2/703 4757/2/703
f 6498/2/703 6497/2/703 4760/2/703 4759/2/703
f 6497/2/703 6496/2/703 4753/2/703 4760/2/703
f 6496/2/703 6495/2/703 4033/2/703 4753/2/703
f 6495/2/703 6494/2/703 4034/2/703 4033/2/703
f 6494/2/703 6493/2/703 4037/2/703 4034/2/703
f 6493/2/703 6492/2/703 4038/2/703 4037/2/703
f 6492/2/703 6491/2/703 4039/2/703 4038/2/703
f 6491/2/703 6490/2/703 4754/2/703 4039/2/703
f 6490/2/703 6489/2/703 4755/2/703 4754/2/703
f 6489/2/703 6488/2/703 4756/2/703 4755/2/703
f 6488/2/703 6487/2/703 4040/2/703 4756/2/703
f 6487/2/703 6486/2/703 4041/2/703 4040/2/703
f 6486/2/703 6485/2/703 4752/2/703 4041/2/703
f 6485/2/703 6484/2/703 4751/2/703 4752/2/703
f 6484/2/703 6483/2/703 4750/2/703 4751/2/703
f 6483/2/703 6482/2/703 4749/2/703 4750/2/703
f 6482/2/703 6481/2/703 4748/2/703 4749/2/703
f 6481/2/703 6480/2/703 4747/2/703 4748/2/703
f 6480/2/703 6479/2/703 4746/2/703 4747/2/703
f 6479/2/703 6478/2/703 4743/2/703 4746/2/703
f 6478/2/703 6477/2/703 4742/2/703 4743/2/703
f 6477/2/703 6476/2/703 4744/2/703 4742/2/703
f 6476/2/703 6475/2/703 4745/2/703 4744/2/703
f 6475/2/703 6474/2/703 4739/2/703 4745/2/703
f 6474/2/703 6473/2/703 4740/2/703 4739/2/703
f 6473/2/703 6472/2/703 4026/2/703 4740/2/703
f 6472/2/703 6471/2/703 4027/2/703 4026/2/703
f 6471/2/703 6470/2/703 4028/2/703 4027/2/703
f 6470/2/703 6469/2/703 4741/2/703 4028/2/703
f 6469/2/703 6468/2/703 4029/2/703 4741/2/703
f 6468/2/703 6467/2/703 4030/2/703 4029/2/703
f 6467/2/703 6466/2/703 4031/2/703 4030/2/703
f 6466/2/703 6465/2/703 4032/2/703 4031/2/703
f 6465/2/703 6464/2/703 4036/2/703 4032/2/703
f 6464/2/703 6463/2/703 4035/2/703 4036/2/703
f 6463/2/703 6462/2/703 4738/2/703 4035/2/703
f 6462/2/703 6461/2/703 4737/2/703 4738/2/703
f 6461/2/703 6460/2/703 4736/2/703 4737/2/703
f 6460/2/703 6459/2/703 4735/2/703 4736/2/703
f 6459/2/703 6458/2/703 4734/2/703 4735/2/703
f 6458/2/703 6457/2/703 4733/2/703 4734/2/703
f 6457/2/703 6456/2/703 4730/2/703 4733/2/703
f 6456/2/703 6455/2/703 4729/2/703 4730/2/703
f 6455/2/703 6454/2/703 4731/2/703 4729/2/703
f 6454/2/703 6453/2/703 4732/2/703 4731/2/703
f 6453/2/703 6452/2/703 4725/2/703 4732/2/703
f 6452/2/703 6451/2/703 4018/2/703 4725/2/703
f 6451/2/703 6450/2/703 4019/2/703 4018/2/703
f 6450/2/703 6449/2/703 4726/2/703 4019/2/703
f 6449/2/703 6448/2/703 4727/2/703 4726/2/703
f 6448/2/703 6447/2/703 4022/2/703 4727/2/703
f 6447/2/703 6446/2/703 4023/2/703 4022/2/703
f 6446/2/703 6445/2/703 4728/2/703 4023/2/703
f 6445/2/703 6444/2/703 4024/2/703 4728/2/703
f 6444/2/703 6443/2/703 4025/2/703 4024/2/703
f 6443/2/703 6442/2/703 4724/2/703 4025/2/703
f 6442/2/703 6441/2/703 4723/2/703 4724/2/703
f 6441/2/703 6440/2/703 4722/2/703 4723/2/703
f 6440/2/703 6439/2/703 4017/2/703 4722/2/703
f 6439/2/703 6438/2/703 4016/2/703 4017/2/703
f 6438/2/703 6437/2/703 4721/2/703 4016/2/703
f 6437/2/703 6436/2/703 4720/2/703 4721/2/703
f 6436/2/703 6435/2/703 4719/2/703 4720/2/703
f 6435/2/703 6434/2/703 4718/2/703 4719/2/703
f 6434/2/703 6433/2/703 4717/2/703 4718/2/703
f 6433/2/703 6432/2/703 4021/2/703 4717/2/703
f 6432/2/703 6431/2/703 4020/2/703 4021/2/703
f 6431/2/703 6430/2/703 4711/2/703 4020/2/703
f 6430/2/703 6429/2/703 4712/2/703 4711/2/703
f 6429/2/703 6428/2/703 4008/2/703 4712/2/703
f 6428/2/703 6427/2/703 4009/2/703 4008/2/703
f 6427/2/703 6426/2/703 4713/2/703 4009/2/703
f 6426/2/703 6425/2/703 4714/2/703 4713/2/703
f 6425/2/703 6424/2/703 4715/2/703 4714/2/703
f 6424/2/703 6423/2/703 4716/2/703 4715/2/703
f 6423/2/703 6422/2/703 4014/2/703 4716/2/703
f 6422/2/703 6421/2/703 4015/2/703 4014/2/703
f 6421/2/703 6420/2/703 4710/2/703 4015/2/703
f 6420/2/703 6419/2/703 4013/2/703 4710/2/703
f 6419/2/703 6418/2/703 4012/2/703 4013/2/703
f 6418/2/703 6417/2/703 4709/2/703 4012/2/703
f 6417/2/703 6416/2/703 4708/2/703 4709/2/703
f 6416/2/703 6415/2/703 4707/2/703 4708/2/703
f 6415/2/703 6414/2/703 4010/2/703 4707/2/703
f 6414/2/703 6413/2/703 4011/2/703 4010/2/703
f 6413/2/703 6412/2/703 4704/2/703 4011/2/703
f 6412/2/703 6411/2/703 4703/2/703 4704/2/703
f 6411/2/703 6410/2/703 4705/2/703 4703/2/703
f 6410/2/703 6409/2/703 4706/2/703 4705/2/703
f 6409/2/703 6408/2/703 4701/2/703 4706/2/703
f 6408/2/703 6407/2/703 4702/2/703 4701/2/703
f 6407/2/703 6406/2/703 3999/2/703 4702/2/703
f 6406/2/703 6405/2/703 4000/2/703 3999/2/703
f 6405/2/703 6404/2/703 4001/2/703 4000/2/703
f 6404/2/703 6403/2/703 4002/2/703 4001/2/703
f 6403/2/703 6402/2/703 4003/2/703 4002/2/703
f 6402/2/703 6401/2/703 4004/2/703 4003/2/703
f 6401/2/703 6400/2/703 4005/2/703 4004/2/703
f 6400/2/703 6399/2/703 4006/2/703 4005/2/703
f 6399/2/703 6398/2/703 4007/2/703 4006/2/703
f 6398/2/703 6397/2/703 4700/2/703 4007/2/703
f 6397/2/703 6396/2/703 4699/2/703 4700/2/703
f 6396/2/703 6395/2/703 4698/2/703 4699/2/703
f 6395/2/703 6394/2/703 3993/2/703 4698/2/703
f 6394/2/703 6393/2/703 3992/2/703 3993/2/703
f 6393/2/703 6392/2/703 4697/2/703 3992/2/703
f 6392/2/703 6391/2/703 4696/2/703 4697/2/703
f 6391/2/703 6390/2/703 4693/2/703 4696/2/703
f 6390/2/703 6389/2/703 4692/2/703 4693/2/703
f 6389/2/703 6388/2/703 4694/2/703 4692/2/703
f 6388/2/703 6387/2/703 4695/2/703 4694/2/703
f 6387/2/703 6386/2/703 4687/2/703 4695/2/703
f 6386/2/703 6385/2/703 4688/2/703 4687/2/703
f 6385/2/703 6384/2/703 4689/2/703 4688/2/703
f 6384/2/703 6383/2/703 4690/2/703 4689/2/703
f 6383/2/703 6382/2/703 3996/2/703 4690/2/703
f 6382/2/703 6381/2/703 3997/2/703 3996/2/703
f 6381/2/703 6380/2/703 3998/2/703 3997/2/703
f 6380/2/703 6379/2/703 3990/2/703 3998/2/703
f 6379/2/703 6378/2/703 3991/2/703 3990/2/703
f 6378/2/703 6377/2/703 4691/2/703 3991/2/703
f 6377/2/703 6376/2/703 4686/2/703 4691/2/703
f 6376/2/703 6375/2/703 4685/2/703 4686/2/703
f 6375/2/703 6374/2/703 4684/2/703 4685/2/703
f 6374/2/703 6373/2/703 4683/2/703 4684/2/703
f 6373/2/703 6372/2/703 4682/2/703 4683/2/703
f 6372/2/703 6371/2/703 4681/2/703 4682/2/703
f 6371/2/703 6370/2/703 4680/2/703 4681/2/703
f 6370/2/703 6369/2/703 4679/2/703 4680/2/703
f 6369/2/703 6368/2/703 4677/2/703 4679/2/703
f 6368/2/703 6367/2/703 3994/2/703 4677/2/703
f 6367/2/703 6366/2/703 3995/2/703 3994/2/703
f 6366/2/703 6365/2/703 4678/2/703 3995/2/703
f 6365/2/703 6364/2/703 4669/2/703 4678/2/703
f 6364/2/703 6363/2/703 4670/2/703 4669/2/703
f 6363/2/703 6362/2/703 4671/2/703 4670/2/703
f 6362/2/703 6361/2/703 3988/2/703 4671/2/703
f 6361/2/703 6360/2/703 3989/2/703 3988/2/703
f 6360/2/703 6359/2/703 4672/2/703 3989/2/703
f 6359/2/703 6358/2/703 4673/2/703 4672/2/703
f 6358/2/703 6357/2/703 4674/2/703 4673/2/703
f 6357/2/703 6356/2/703 4675/2/703 4674/2/703
f 6356/2/703 6355/2/703 4676/2/703 4675/2/703
f 6355/2/703 6354/2/703 4668/2/703 4676/2/703
f 6354/2/703 6353/2/703 4667/2/703 4668/2/703
f 6353/2/703 6352/2/703 4666/2/703 4667/2/703
f 6352/2/703 6351/2/703 4665/2/703 4666/2/703
f 6351/2/703 6350/2/703 4664/2/703 4665/2/703
f 6350/2/703 6349/2/703 4663/2/703 4664/2/703
f 6349/2/703 6348/2/703 4662/2/703 4663/2/703
f 6348/2/703 6347/2/703 3986/2/703 4662/2/703
f 6347/2/703 6346/2/703 3987/2/703 3986/2/703
f 6346/2/703 6345/2/703 4659/2/703 3987/2/703
f 6345/2/703 6344/2/703 4660/2/703 4659/2/703
f 6344/2/703 6343/2/703 4661/2/703 4660/2/703
f 6343/2/703 6342/2/703 4657/2/703 4661/2/703
f 6342/2/703 6341/2/703 3984/2/703 4657/2/703
f 6341/2/703 6340/2/703 3985/2/703 3984/2/703
f 6340/2/703 6339/2/703 4658/2/703 3985/2/703
f 6339/2/703 6338/2/703 4623/2/703 4658/2/703
f 6338/2/703 6337/2/703 4624/2/703 4623/2/703
f 6337/2/703 6336/2/703 3977/2/703 4624/2/703
f 6336/2/703 6335/2/703 3978/2/703 3977/2/703
f 6335/2/703 6334/2/703 3979/2/703 3978/2/703
f 6334/2/703 6333/2/703 3980/2/703 3979/2/703
f 6333/2/703 6332/2/703 3981/2/703 3980/2/703
f 6332/2/703 6331/2/703 4656/2/703 3981/2/703
f 6331/2/703 6330/2/703 4655/2/703 4656/2/703
f 6330/2/703 6329/2/703 4654/2/703 4655/2/703
f 6329/2/703 6328/2/703 3983/2/703 4654/2/703
f 6328/2/703 6327/2/703 3982/2/703 3983/2/703
f 6327/2/703 6326/2/703 4653/2/703 3982/2/703
f 6326/2/703 6325/2/703 4652/2/703 4653/2/703
f 6325/2/703 6324/2/703 4649/2/703 4652/2/703
f 6324/2/703 6323/2/703 4648/2/703 4649/2/703
f 6323/2/703 6322/2/703 4650/2/703 4648/2/703
f 6322/2/703 6321/2/703 4651/2/703 4650/2/703
f 6321/2/703 6320/2/703 3972/2/703 4651/2/703
f 6320/2/703 6319/2/703 3973/2/703 3972/2/703
f 6319/2/703 6318/2/703 4646/2/703 3973/2/703
f 6318/2/703 6317/2/703 3974/2/703 4646/2/703
f 6317/2/703 6316/2/703 3975/2/703 3974/2/703
f 6316/2/703 6315/2/703 3976/2/703 3975/2/703
f 6315/2/703 6314/2/703 4618/2/703 3976/2/703
f 6314/2/703 6313/2/703 4619/2/703 4618/2/703
f 6313/2/703 6312/2/703 4620/2/703 4619/2/703
f 6312/2/703 6311/2/703 4647/2/703 4620/2/703
f 6311/2/703 6310/2/703 4645/2/703 4647/2/703
f 6310/2/703 6309/2/703 3969/2/703 4645/2/703
f 6309/2/703 6308/2/703 3968/2/703 3969/2/703
f 6609/2/704 6608/2/704 4529/2/704 4528/2/704
f 3275/2/705 3274/2/705 5914/2/705 5915/2/705
f 6611/2/706 6610/2/706 5181/2/706 5177/2/706
f 6613/2/707 6612/2/707 4530/2/707 4531/2/707
f 3276/2/708 3275/2/708 5915/2/708 5916/2/708
f 6615/2/709 6614/2/709 5173/2/709 5165/2/709
f 6617/2/710 6616/2/710 4532/2/710 4533/2/710
f 3277/2/711 3276/2/711 5916/2/711 5917/2/711
f 6619/2/712 6618/2/712 5183/2/712 5182/2/712
f 6616/2/713 6620/2/713 4534/2/713 4532/2/713
f 3278/2/714 3277/2/714 5917/2/714 5918/2/714
f 6621/2/715 6619/2/715 5182/2/715 5184/2/715
f 6623/2/716 6622/2/716 4536/2/716 4535/2/716
f 3279/2/717 3278/2/717 5918/2/717 5919/2/717
f 6624/2/718 6621/2/718 5184/2/718 5185/2/718
f 6622/2/719 6625/2/719 4537/2/719 4536/2/719
f 3280/2/720 3279/2/720 5919/2/720 5920/2/720
f 6618/2/721 6626/2/721 5186/2/721 5183/2/721
f 6625/2/722 6627/2/722 4538/2/722 4537/2/722
f 3281/2/723 3280/2/723 5920/2/723 5921/2/723
f 6626/2/724 6628/2/724 4522/2/724 5186/2/724
f 6630/2/725 6629/2/725 4539/2/725 4540/2/725
f 3282/2/726 3281/2/726 5921/2/726 5922/2/726
f 6632/2/727 6631/2/727 5187/2/727 4523/2/727
f 6634/2/728 6633/2/728 4541/2/728 4542/2/728
f 3283/2/729 3282/2/729 5922/2/729 5923/2/729
f 6631/2/730 6635/2/730 5188/2/730 5187/2/730
f 6637/2/731 6636/2/731 4543/2/731 4544/2/731
f 3284/2/732 3283/2/732 5923/2/732 5924/2/732
f 6635/2/733 6638/2/733 5189/2/733 5188/2/733
f 6640/2/734 6639/2/734 4546/2/734 4545/2/734
f 3285/2/735 3284/2/735 5924/2/735 5925/2/735
f 6638/2/736 6641/2/736 5190/2/736 5189/2/736
f 6643/2/737 6642/2/737 4547/2/737 4548/2/737
f 3286/2/738 3285/2/738 5925/2/738 5926/2/738
f 6641/2/739 6644/2/739 5191/2/739 5190/2/739
f 6645/2/740 6643/2/740 4548/2/740 4549/2/740
f 3287/2/741 3286/2/741 5926/2/741 5927/2/741
f 6647/2/742 6646/2/742 5192/2/742 5193/2/742
f 6648/2/743 6645/2/743 4549/2/743 4550/2/743
f 3288/2/744 3287/2/744 5927/2/744 5928/2/744
f 6649/2/745 6647/2/745 5193/2/745 5194/2/745
f 6650/2/746 6648/2/746 4550/2/746 4551/2/746
f 3289/2/747 3288/2/747 5928/2/747 5929/2/747
f 6651/2/748 6649/2/748 5194/2/748 5195/2/748
f 6653/2/749 6652/2/749 4552/2/749 4553/2/749
f 3290/2/750 3289/2/750 5929/2/750 5930/2/750
f 6654/2/751 6651/2/751 5195/2/751 4515/2/751
f 6656/2/752 6655/2/752 4554/2/752 4555/2/752
f 3291/2/753 3290/2/753 5930/2/753 5931/2/753
f 6658/2/754 6657/2/754 4517/2/754 5196/2/754
f 6660/2/755 6659/2/755 4557/2/755 4556/2/755
f 3292/2/756 3291/2/756 5931/2/756 5932/2/756
f 6661/2/757 6658/2/757 5196/2/757 5197/2/757
f 6663/2/758 6662/2/758 4558/2/758 4559/2/758
f 3293/2/759 3292/2/759 5932/2/759 5933/2/759
f 6664/2/760 6661/2/760 5197/2/760 5198/2/760
f 6666/2/761 6665/2/761 4560/2/761 4561/2/761
f 3294/2/762 3293/2/762 5933/2/762 5934/2/762
f 6644/2/763 6664/2/763 5198/2/763 5191/2/763
f 6668/2/764 6667/2/764 4562/2/764 4563/2/764
f 3295/2/765 3294/2/765 5934/2/765 5935/2/765
f 6669/2/766 6624/2/766 5185/2/766 5178/2/766
f 6671/2/767 6670/2/767 4565/2/767 4564/2/767
f 3296/2/768 3295/2/768 5935/2/768 5936/2/768
f 6673/2/769 6672/2/769 5199/2/769 4526/2/769
f 6675/2/770 6674/2/770 4567/2/770 4566/2/770
f 3297/2/771 3296/2/771 5936/2/771 5937/2/771
f 6677/2/772 6676/2/772 4527/2/772 5200/2/772
f 6679/2/773 6678/2/773 4568/2/773 4569/2/773
f 3298/2/774 3297/2/774 5937/2/774 5938/2/774
f 6672/2/775 6680/2/775 5201/2/775 5199/2/775
f 6681/2/776 6679/2/776 4569/2/776 4570/2/776
f 3299/2/777 3298/2/777 5938/2/777 5939/2/777
f 6680/2/778 6682/2/778 5202/2/778 5201/2/778
f 6684/2/779 6683/2/779 4571/2/779 4572/2/779
f 3300/2/780 3299/2/780 5939/2/780 5940/2/780
f 6682/2/781 6617/2/781 4533/2/781 5202/2/781
f 6686/2/782 6685/2/782 4573/2/782 4574/2/782
f 3301/2/783 3300/2/783 5940/2/783 5941/2/783
f 6620/2/784 6687/2/784 5203/2/784 4534/2/784
f 6689/2/785 6688/2/785 4576/2/785 4575/2/785
f 3302/2/786 3301/2/786 5941/2/786 5942/2/786
f 6687/2/787 6690/2/787 5204/2/787 5203/2/787
f 6692/2/788 6691/2/788 4577/2/788 4578/2/788
f 3303/2/789 3302/2/789 5942/2/789 5943/2/789
f 6690/2/790 6613/2/790 4531/2/790 5204/2/790
f 6693/2/791 6692/2/791 4578/2/791 4579/2/791
f 3304/2/792 3303/2/792 5943/2/792 5944/2/792
f 6695/2/793 6694/2/793 5205/2/793 5206/2/793
f 6696/2/794 6693/2/794 4579/2/794 4580/2/794
f 3305/2/795 3304/2/795 5944/2/795 5945/2/795
f 6697/2/796 6695/2/796 5206/2/796 4524/2/796
f 6698/2/797 6696/2/797 4580/2/797 4581/2/797
f 3306/2/798 3305/2/798 5945/2/798 5946/2/798
f 6700/2/799 6699/2/799 4525/2/799 5207/2/799
f 6701/2/800 6698/2/800 4581/2/800 4582/2/800
f 3307/2/801 3306/2/801 5946/2/801 5947/2/801
f 6702/2/802 6700/2/802 5207/2/802 5208/2/802
f 6703/2/803 6701/2/803 4582/2/803 4583/2/803
f 3308/2/804 3307/2/804 5947/2/804 5948/2/804
f 6704/2/805 6702/2/805 5208/2/805 5209/2/805
f 6705/2/806 6703/2/806 4583/2/806 4584/2/806
f 3309/2/807 3308/2/807 5948/2/807 5949/2/807
f 6706/2/808 6704/2/808 5209/2/808 5210/2/808
f 6707/2/809 6705/2/809 4584/2/809 4585/2/809
f 3310/2/810 3309/2/810 5949/2/810 5950/2/810
f 6708/2/811 6706/2/811 5210/2/811 5211/2/811
f 6709/2/812 6707/2/812 4585/2/812 4586/2/812
f 3311/2/813 3310/2/813 5950/2/813 5951/2/813
f 6612/2/814 6708/2/814 5211/2/814 4530/2/814
f 6710/2/815 6709/2/815 4586/2/815 4587/2/815
f 3312/2/816 3311/2/816 5951/2/816 5952/2/816
f 6646/2/817 6677/2/817 5200/2/817 5192/2/817
f 6712/2/818 6711/2/818 4589/2/818 4588/2/818
f 3313/2/819 3312/2/819 5952/2/819 5953/2/819
f 6713/2/820 6609/2/820 4528/2/820 5212/2/820
f 6715/2/821 6714/2/821 4590/2/821 4591/2/821
f 3314/2/822 3313/2/822 5953/2/822 5954/2/822
f 6716/2/823 6713/2/823 5212/2/823 5213/2/823
f 6717/2/824 6715/2/824 4591/2/824 4592/2/824
f 3315/2/825 3314/2/825 5954/2/825 5955/2/825
f 6608/2/826 6623/2/826 4535/2/826 4529/2/826
f 6719/2/827 6718/2/827 4594/2/827 4593/2/827
f 3316/2/828 3315/2/828 5955/2/828 5956/2/828
f 6627/2/829 6720/2/829 5214/2/829 4538/2/829
f 6722/2/830 6721/2/830 4595/2/830 4596/2/830
f 3317/2/831 3316/2/831 5956/2/831 5957/2/831
f 6720/2/832 6723/2/832 5215/2/832 5214/2/832
f 6725/2/833 6724/2/833 4597/2/833 4598/2/833
f 3318/2/834 3317/2/834 5957/2/834 5958/2/834
f 6723/2/835 6726/2/835 5216/2/835 5215/2/835
f 6728/2/836 6727/2/836 4599/2/836 4600/2/836
f 3319/2/837 3318/2/837 5958/2/837 5959/2/837
f 6726/2/838 6729/2/838 5217/2/838 5216/2/838
f 6731/2/839 6730/2/839 4601/2/839 4602/2/839
f 3320/2/840 3319/2/840 5959/2/840 5960/2/840
f 6732/2/841 6630/2/841 4540/2/841 5218/2/841
f 6733/2/842 6731/2/842 4602/2/842 4603/2/842
f 3321/2/843 3320/2/843 5960/2/843 5961/2/843
f 6734/2/844 6732/2/844 5218/2/844 5219/2/844
f 6736/2/845 6735/2/845 4604/2/845 4605/2/845
f 3322/2/846 3321/2/846 5961/2/846 5962/2/846
f 6737/2/847 6734/2/847 5219/2/847 5220/2/847
f 6739/2/848 6738/2/848 4606/2/848 4607/2/848
f 3323/2/849 3322/2/849 5962/2/849 5963/2/849
f 6633/2/850 6737/2/850 5220/2/850 4541/2/850
f 6740/2/851 6739/2/851 4607/2/851 4608/2/851
f 3324/2/852 3323/2/852 5963/2/852 5964/2/852
f 6741/2/853 6634/2/853 4542/2/853 5221/2/853
f 6743/2/854 6742/2/854 4609/2/854 4610/2/854
f 3325/2/855 3324/2/855 5964/2/855 5965/2/855
f 6636/2/856 6741/2/856 5221/2/856 4543/2/856
f 6745/2/857 6744/2/857 4611/2/857 4612/2/857
f 3326/2/858 3325/2/858 5965/2/858 5966/2/858
f 6729/2/859 6637/2/859 4544/2/859 5217/2/859
f 6747/2/860 6746/2/860 4613/2/860 4614/2/860
f 3327/2/861 3326/2/861 5966/2/861 5967/2/861
f 6694/2/862 6716/2/862 5213/2/862 5205/2/862
f 6749/2/863 6748/2/863 4615/2/863 4616/2/863
f 3328/2/864 3327/2/864 5967/2/864 5968/2/864
f 6751/2/865 6750/2/865 5223/2/865 5222/2/865
f 6752/2/866 6749/2/866 4616/2/866 4617/2/866
f 3329/2/867 3328/2/867 5968/2/867 5969/2/867
f 6753/2/868 6751/2/868 5222/2/868 5224/2/868
f 6755/2/869 6754/2/869 4618/2/869 4619/2/869
f 3330/2/870 3329/2/870 5969/2/870 5970/2/870
f 6756/2/871 6753/2/871 5224/2/871 5225/2/871
f 6757/2/872 6755/2/872 4619/2/872 4620/2/872
f 3331/2/873 3330/2/873 5970/2/873 5971/2/873
f 6750/2/874 6758/2/874 5226/2/874 5223/2/874
f 6760/2/875 6759/2/875 4622/2/875 4621/2/875
f 3332/2/876 3331/2/876 5971/2/876 5972/2/876
f 6758/2/877 6761/2/877 5227/2/877 5226/2/877
f 6763/2/878 6762/2/878 4623/2/878 4624/2/878
f 3333/2/879 3332/2/879 5972/2/879 5973/2/879
f 6761/2/880 6640/2/880 4545/2/880 5227/2/880
f 6764/2/881 6760/2/881 4621/2/881 4625/2/881
f 3334/2/882 3333/2/882 5973/2/882 5974/2/882
f 6639/2/883 6765/2/883 5228/2/883 4546/2/883
f 6759/2/884 6766/2/884 4626/2/884 4622/2/884
f 3335/2/885 3334/2/885 5974/2/885 5975/2/885
f 6765/2/886 6767/2/886 5229/2/886 5228/2/886
f 6766/2/887 6768/2/887 4627/2/887 4626/2/887
f 3336/2/888 3335/2/888 5975/2/888 5976/2/888
f 6767/2/889 6769/2/889 5230/2/889 5229/2/889
f 6768/2/890 6770/2/890 4628/2/890 4627/2/890
f 3337/2/891 3336/2/891 5976/2/891 5977/2/891
f 6769/2/892 6650/2/892 4551/2/892 5230/2/892
f 6770/2/893 6771/2/893 4629/2/893 4628/2/893
f 3338/2/894 3337/2/894 5977/2/894 5978/2/894
f 6772/2/895 6653/2/895 4553/2/895 5231/2/895
f 6771/2/896 6745/2/896 4612/2/896 4629/2/896
f 3339/2/897 3338/2/897 5978/2/897 5979/2/897
f 6773/2/898 6772/2/898 5231/2/898 5232/2/898
f 6744/2/899 6774/2/899 4630/2/899 4611/2/899
f 3340/2/900 3339/2/900 5979/2/900 5980/2/900
f 6775/2/901 6773/2/901 5232/2/901 5233/2/901
f 6774/2/902 6776/2/902 4631/2/902 4630/2/902
f 3341/2/903 3340/2/903 5980/2/903 5981/2/903
f 6777/2/904 6775/2/904 5233/2/904 5234/2/904
f 6779/2/905 6778/2/905 4633/2/905 4632/2/905
f 3342/2/906 3341/2/906 5981/2/906 5982/2/906
f 6642/2/907 6777/2/907 5234/2/907 4547/2/907
f 6780/2/908 6779/2/908 4632/2/908 4634/2/908
f 3343/2/909 3342/2/909 5982/2/909 5983/2/909
f 6629/2/910 6756/2/910 5225/2/910 4539/2/910
f 6781/2/911 6780/2/911 4634/2/911 4635/2/911
f 3344/2/912 3343/2/912 5983/2/912 5984/2/912
f 6783/2/913 6782/2/913 5236/2/913 5235/2/913
f 6776/2/914 6784/2/914 4636/2/914 4631/2/914
f 3345/2/915 3344/2/915 5984/2/915 5985/2/915
f 6785/2/916 6783/2/916 5235/2/916 5237/2/916
f 6746/2/917 6786/2/917 4637/2/917 4613/2/917
f 3346/2/918 3345/2/918 5985/2/918 5986/2/918
f 6787/2/919 6785/2/919 5237/2/919 5238/2/919
f 6788/2/920 6747/2/920 4614/2/920 4638/2/920
f 3347/2/921 3346/2/921 5986/2/921 5987/2/921
f 6782/2/922 6789/2/922 5239/2/922 5236/2/922
f 6790/2/923 6788/2/923 4638/2/923 4639/2/923
f 3348/2/924 3347/2/924 5987/2/924 5988/2/924
f 6789/2/925 6791/2/925 5240/2/925 5239/2/925
f 6792/2/926 6790/2/926 4639/2/926 4640/2/926
f 3349/2/927 3348/2/927 5988/2/927 5989/2/927
f 6791/2/928 6663/2/928 4559/2/928 5240/2/928
f 6793/2/929 6792/2/929 4640/2/929 4641/2/929
f 3350/2/930 3349/2/930 5989/2/930 5990/2/930
f 6662/2/931 6660/2/931 4556/2/931 4558/2/931
f 6748/2/932 6793/2/932 4641/2/932 4615/2/932
f 3351/2/933 3350/2/933 5990/2/933 5991/2/933
f 6659/2/934 6794/2/934 5241/2/934 4557/2/934
f 6784/2/935 6752/2/935 4617/2/935 4636/2/935
f 3352/2/936 3351/2/936 5991/2/936 5992/2/936
f 6794/2/937 6795/2/937 5242/2/937 5241/2/937
f 6778/2/938 6796/2/938 4642/2/938 4633/2/938
f 3353/2/939 3352/2/939 5992/2/939 5993/2/939
f 6798/2/940 6797/2/940 5243/2/940 5244/2/940
f 6796/2/941 6799/2/941 4643/2/941 4642/2/941
f 3354/2/942 3353/2/942 5993/2/942 5994/2/942
f 6800/2/943 6798/2/943 5244/2/943 5245/2/943
f 6799/2/944 6801/2/944 4644/2/944 4643/2/944
f 3355/2/945 3354/2/945 5994/2/945 5995/2/945
f 6655/2/946 6800/2/946 5245/2/946 4554/2/946
f 6801/2/947 6802/2/947 3970/2/947 4644/2/947
f 3356/2/948 3355/2/948 5995/2/948 5996/2/948
f 6665/2/949 6656/2/949 4555/2/949 4560/2/949
f 6804/2/950 6803/2/950 3968/2/950 3971/2/950
f 3357/2/951 3356/2/951 5996/2/951 5997/2/951
f 6805/2/952 6666/2/952 4561/2/952 5246/2/952
f 6807/2/953 6806/2/953 4645/2/953 3969/2/953
f 3358/2/954 3357/2/954 5997/2/954 5998/2/954
f 6667/2/955 6805/2/955 5246/2/955 4562/2/955
f 6809/2/956 6808/2/956 3973/2/956 4646/2/956
f 3359/2/957 3358/2/957 5998/2/957 5999/2/957
f 6795/2/958 6668/2/958 4563/2/958 5242/2/958
f 6810/2/959 6809/2/959 4646/2/959 3974/2/959
f 3360/2/960 3359/2/960 5999/2/960 6000/2/960
f 6652/2/961 6787/2/961 5238/2/961 4552/2/961
f 6754/2/962 6811/2/962 3976/2/962 4618/2/962
f 3361/2/963 3360/2/963 6000/2/963 6001/2/963
f 6812/2/964 6686/2/964 4574/2/964 5247/2/964
f 6813/2/965 6757/2/965 4620/2/965 4647/2/965
f 3362/2/966 3361/2/966 6001/2/966 6002/2/966
f 6814/2/967 6812/2/967 5247/2/967 5248/2/967
f 6806/2/968 6813/2/968 4647/2/968 4645/2/968
f 3363/2/969 3362/2/969 6002/2/969 6003/2/969
f 6685/2/970 6815/2/970 5249/2/970 4573/2/970
f 6786/2/971 6781/2/971 4635/2/971 4637/2/971
f 3364/2/972 3363/2/972 6003/2/972 6004/2/972
f 6815/2/973 6816/2/973 5250/2/973 5249/2/973
f 6818/2/974 6817/2/974 4649/2/974 4648/2/974
f 3365/2/975 3364/2/975 6004/2/975 6005/2/975
f 6816/2/976 6671/2/976 4564/2/976 5250/2/976
f 6819/2/977 6818/2/977 4648/2/977 4650/2/977
f 3366/2/978 3365/2/978 6005/2/978 6006/2/978
f 6670/2/979 6820/2/979 5251/2/979 4565/2/979
f 6821/2/980 6819/2/980 4650/2/980 4651/2/980
f 3367/2/981 3366/2/981 6006/2/981 6007/2/981
f 6820/2/982 6822/2/982 5252/2/982 5251/2/982
f 6817/2/983 6823/2/983 4652/2/983 4649/2/983
f 3368/2/984 3367/2/984 6007/2/984 6008/2/984
f 6822/2/985 6824/2/985 5253/2/985 5252/2/985
f 6823/2/986 6825/2/986 4653/2/986 4652/2/986
f 3369/2/987 3368/2/987 6008/2/987 6009/2/987
f 6824/2/988 6710/2/988 4587/2/988 5253/2/988
f 6825/2/989 6826/2/989 3982/2/989 4653/2/989
f 3370/2/990 3369/2/990 6009/2/990 6010/2/990
f 6797/2/991 6814/2/991 5248/2/991 5243/2/991
f 6828/2/992 6827/2/992 4654/2/992 3983/2/992
f 3371/2/993 3370/2/993 6010/2/993 6011/2/993
f 6688/2/994 6829/2/994 5254/2/994 4576/2/994
f 6827/2/995 6830/2/995 4655/2/995 4654/2/995
f 3372/2/996 3371/2/996 6011/2/996 6012/2/996
f 6831/2/997 6689/2/997 4575/2/997 5255/2/997
f 6830/2/998 6832/2/998 4656/2/998 4655/2/998
f 3373/2/999 3372/2/999 6012/2/999 6013/2/999
f 6829/2/1000 6675/2/1000 4566/2/1000 5254/2/1000
f 6832/2/1001 6833/2/1001 3981/2/1001 4656/2/1001
f 3374/2/1002 3373/2/1002 6013/2/1002 6014/2/1002
f 6674/2/1003 6712/2/1003 4588/2/1003 4567/2/1003
f 6835/2/1004 6834/2/1004 4657/2/1004 3984/2/1004
f 3375/2/1005 3374/2/1005 6014/2/1005 6015/2/1005
f 6711/2/1006 6836/2/1006 5256/2/1006 4589/2/1006
f 6838/2/1007 6837/2/1007 3985/2/1007 4658/2/1007
f 3376/2/1008 3375/2/1008 6015/2/1008 6016/2/1008
f 6836/2/1009 6839/2/1009 5257/2/1009 5256/2/1009
f 6762/2/1010 6838/2/1010 4658/2/1010 4623/2/1010
f 3377/2/1011 3376/2/1011 6016/2/1011 6017/2/1011
f 6839/2/1012 6840/2/1012 5258/2/1012 5257/2/1012
f 6841/2/1013 6763/2/1013 4624/2/1013 3977/2/1013
f 3378/2/1014 3377/2/1014 6017/2/1014 6018/2/1014
f 6840/2/1015 6842/2/1015 5259/2/1015 5258/2/1015
f 6843/2/1016 6821/2/1016 4651/2/1016 3972/2/1016
f 3379/2/1017 3378/2/1017 6018/2/1017 6019/2/1017
f 6678/2/1018 6844/2/1018 5260/2/1018 4568/2/1018
f 6846/2/1019 6845/2/1019 3987/2/1019 4659/2/1019
f 3380/2/1020 3379/2/1020 6019/2/1020 6020/2/1020
f 6847/2/1021 6681/2/1021 4570/2/1021 5261/2/1021
f 6848/2/1022 6846/2/1022 4659/2/1022 4660/2/1022
f 3381/2/1023 3380/2/1023 6020/2/1023 6021/2/1023
f 6683/2/1024 6847/2/1024 5261/2/1024 4571/2/1024
f 6849/2/1025 6848/2/1025 4660/2/1025 4661/2/1025
f 3382/2/1026 3381/2/1026 6021/2/1026 6022/2/1026
f 6714/2/1027 6684/2/1027 4572/2/1027 4590/2/1027
f 6851/2/1028 6850/2/1028 4662/2/1028 3986/2/1028
f 3383/2/1029 3382/2/1029 6022/2/1029 6023/2/1029
f 6842/2/1030 6717/2/1030 4592/2/1030 5259/2/1030
f 6850/2/1031 6852/2/1031 4663/2/1031 4662/2/1031
f 3384/2/1032 3383/2/1032 6023/2/1032 6024/2/1032
f 6691/2/1033 6831/2/1033 5255/2/1033 4577/2/1033
f 6852/2/1034 6853/2/1034 4664/2/1034 4663/2/1034
f 3385/2/1035 3384/2/1035 6024/2/1035 6025/2/1035
f 6855/2/1036 6854/2/1036 5263/2/1036 5262/2/1036
f 6853/2/1037 6856/2/1037 4665/2/1037 4664/2/1037
f 3386/2/1038 3385/2/1038 6025/2/1038 6026/2/1038
f 6857/2/1039 6855/2/1039 5262/2/1039 5264/2/1039
f 6856/2/1040 6858/2/1040 4666/2/1040 4665/2/1040
f 3387/2/1041 3386/2/1041 6026/2/1041 6027/2/1041
f 6859/2/1042 6857/2/1042 5264/2/1042 5265/2/1042
f 6858/2/1043 6860/2/1043 4667/2/1043 4666/2/1043
f 3388/2/1044 3387/2/1044 6027/2/1044 6028/2/1044
f 6854/2/1045 6719/2/1045 4593/2/1045 5263/2/1045
f 6860/2/1046 6861/2/1046 4668/2/1046 4667/2/1046
f 3389/2/1047 3388/2/1047 6028/2/1047 6029/2/1047
f 6718/2/1048 6862/2/1048 5266/2/1048 4594/2/1048
f 6864/2/1049 6863/2/1049 4669/2/1049 4670/2/1049
f 3390/2/1050 3389/2/1050 6029/2/1050 6030/2/1050
f 6862/2/1051 6865/2/1051 5267/2/1051 5266/2/1051
f 6866/2/1052 6864/2/1052 4670/2/1052 4671/2/1052
f 3391/2/1053 3390/2/1053 6030/2/1053 6031/2/1053
f 6865/2/1054 6867/2/1054 5268/2/1054 5267/2/1054
f 6868/2/1055 6866/2/1055 4671/2/1055 3988/2/1055
f 3392/2/1056 3391/2/1056 6031/2/1056 6032/2/1056
f 6867/2/1057 6869/2/1057 5269/2/1057 5268/2/1057
f 6871/2/1058 6870/2/1058 3989/2/1058 4672/2/1058
f 3393/2/1059 3392/2/1059 6032/2/1059 6033/2/1059
f 6869/2/1060 6872/2/1060 5270/2/1060 5269/2/1060
f 6873/2/1061 6871/2/1061 4672/2/1061 4673/2/1061
f 3394/2/1062 3393/2/1062 6033/2/1062 6034/2/1062
f 6872/2/1063 6733/2/1063 4603/2/1063 5270/2/1063
f 6874/2/1064 6873/2/1064 4673/2/1064 4674/2/1064
f 3395/2/1065 3394/2/1065 6034/2/1065 6035/2/1065
f 6721/2/1066 6875/2/1066 5271/2/1066 4595/2/1066
f 6876/2/1067 6874/2/1067 4674/2/1067 4675/2/1067
f 3396/2/1068 3395/2/1068 6035/2/1068 6036/2/1068
f 6877/2/1069 6722/2/1069 4596/2/1069 5272/2/1069
f 6878/2/1070 6876/2/1070 4675/2/1070 4676/2/1070
f 3397/2/1071 3396/2/1071 6036/2/1071 6037/2/1071
f 6727/2/1072 6877/2/1072 5272/2/1072 4599/2/1072
f 6861/2/1073 6878/2/1073 4676/2/1073 4668/2/1073
f 3398/2/1074 3397/2/1074 6037/2/1074 6038/2/1074
f 6879/2/1075 6728/2/1075 4600/2/1075 5273/2/1075
f 6834/2/1076 6849/2/1076 4661/2/1076 4657/2/1076
f 3399/2/1077 3398/2/1077 6038/2/1077 6039/2/1077
f 6880/2/1078 6879/2/1078 5273/2/1078 5274/2/1078
f 6882/2/1079 6881/2/1079 4677/2/1079 3994/2/1079
f 3400/2/1080 3399/2/1080 6039/2/1080 6040/2/1080
f 6730/2/1081 6880/2/1081 5274/2/1081 4601/2/1081
f 6884/2/1082 6883/2/1082 3995/2/1082 4678/2/1082
f 3401/2/1083 3400/2/1083 6040/2/1083 6041/2/1083
f 6844/2/1084 6859/2/1084 5265/2/1084 5260/2/1084
f 6881/2/1085 6885/2/1085 4679/2/1085 4677/2/1085
f 3402/2/1086 3401/2/1086 6041/2/1086 6042/2/1086
f 6887/2/1087 6886/2/1087 5276/2/1087 5275/2/1087
f 6885/2/1088 6888/2/1088 4680/2/1088 4679/2/1088
f 3403/2/1089 3402/2/1089 6042/2/1089 6043/2/1089
f 6889/2/1090 6887/2/1090 5275/2/1090 5277/2/1090
f 6888/2/1091 6890/2/1091 4681/2/1091 4680/2/1091
f 3404/2/1092 3403/2/1092 6043/2/1092 6044/2/1092
f 6891/2/1093 6889/2/1093 5277/2/1093 5278/2/1093
f 6890/2/1094 6892/2/1094 4682/2/1094 4681/2/1094
f 3405/2/1095 3404/2/1095 6044/2/1095 6045/2/1095
f 6886/2/1096 6893/2/1096 5279/2/1096 5276/2/1096
f 6892/2/1097 6894/2/1097 4683/2/1097 4682/2/1097
f 3406/2/1098 3405/2/1098 6045/2/1098 6046/2/1098
f 6893/2/1099 6895/2/1099 5280/2/1099 5279/2/1099
f 6894/2/1100 6896/2/1100 4684/2/1100 4683/2/1100
f 3407/2/1101 3406/2/1101 6046/2/1101 6047/2/1101
f 6895/2/1102 6897/2/1102 5281/2/1102 5280/2/1102
f 6896/2/1103 6898/2/1103 4685/2/1103 4684/2/1103
f 3408/2/1104 3407/2/1104 6047/2/1104 6048/2/1104
f 6897/2/1105 6899/2/1105 5282/2/1105 5281/2/1105
f 6898/2/1106 6900/2/1106 4686/2/1106 4685/2/1106
f 3409/2/1107 3408/2/1107 6048/2/1107 6049/2/1107
f 6899/2/1108 6901/2/1108 5283/2/1108 5282/2/1108
f 6903/2/1109 6902/2/1109 4687/2/1109 4688/2/1109
f 3410/2/1110 3409/2/1110 6049/2/1110 6050/2/1110
f 6901/2/1111 6904/2/1111 5284/2/1111 5283/2/1111
f 6905/2/1112 6903/2/1112 4688/2/1112 4689/2/1112
f 3411/2/1113 3410/2/1113 6050/2/1113 6051/2/1113
f 6904/2/1114 6906/2/1114 5285/2/1114 5284/2/1114
f 6907/2/1115 6905/2/1115 4689/2/1115 4690/2/1115
f 3412/2/1116 3411/2/1116 6051/2/1116 6052/2/1116
f 6906/2/1117 6740/2/1117 4608/2/1117 5285/2/1117
f 6908/2/1118 6907/2/1118 4690/2/1118 3996/2/1118
f 3413/2/1119 3412/2/1119 6052/2/1119 6053/2/1119
f 6910/2/1120 6909/2/1120 5286/2/1120 5287/2/1120
f 6912/2/1121 6911/2/1121 3998/2/1121 3990/2/1121
f 3414/2/1122 3413/2/1122 6053/2/1122 6054/2/1122
f 6735/2/1123 6910/2/1123 5287/2/1123 4604/2/1123
f 6914/2/1124 6913/2/1124 3991/2/1124 4691/2/1124
f 3415/2/1125 3414/2/1125 6054/2/1125 6055/2/1125
f 6742/2/1126 6736/2/1126 4605/2/1126 4609/2/1126
f 6900/2/1127 6914/2/1127 4691/2/1127 4686/2/1127
f 3416/2/1128 3415/2/1128 6055/2/1128 6056/2/1128
f 6724/2/1129 6743/2/1129 4610/2/1129 4597/2/1129
f 6863/2/1130 6884/2/1130 4678/2/1130 4669/2/1130
f 3417/2/1131 3416/2/1131 6056/2/1131 6057/2/1131
f 6738/2/1132 6725/2/1132 4598/2/1132 4606/2/1132
f 6916/2/1133 6915/2/1133 4693/2/1133 4692/2/1133
f 3418/2/1134 3417/2/1134 6057/2/1134 6058/2/1134
f 6875/2/1135 6891/2/1135 5278/2/1135 5271/2/1135
f 6917/2/1136 6916/2/1136 4692/2/1136 4694/2/1136
f 3419/2/1137 3418/2/1137 6058/2/1137 6059/2/1137
f 6909/2/1138 6764/2/1138 4625/2/1138 5286/2/1138
f 6918/2/1139 6917/2/1139 4694/2/1139 4695/2/1139
f 3420/2/1140 3419/2/1140 6059/2/1140 6060/2/1140
f 2649/2/1141 2648/2/1141 5289/2/1141 5288/2/1141
f 6915/2/1142 6919/2/1142 4696/2/1142 4693/2/1142
f 3421/2/1143 3420/2/1143 6060/2/1143 6061/2/1143
f 2650/2/1144 2649/2/1144 5288/2/1144 5290/2/1144
f 6919/2/1145 6920/2/1145 4697/2/1145 4696/2/1145
f 3422/2/1146 3421/2/1146 6061/2/1146 6062/2/1146
f 2651/2/1147 2650/2/1147 5290/2/1147 5291/2/1147
f 6920/2/1148 6921/2/1148 3992/2/1148 4697/2/1148
f 3423/2/1149 3422/2/1149 6062/2/1149 6063/2/1149
f 2652/2/1150 2651/2/1150 5291/2/1150 5292/2/1150
f 6923/2/1151 6922/2/1151 4698/2/1151 3993/2/1151
f 3424/2/1152 3423/2/1152 6063/2/1152 6064/2/1152
f 2653/2/1153 2652/2/1153 5292/2/1153 5293/2/1153
f 6922/2/1154 6924/2/1154 4699/2/1154 4698/2/1154
f 3425/2/1155 3424/2/1155 6064/2/1155 6065/2/1155
f 2654/2/1156 2653/2/1156 5293/2/1156 5294/2/1156
f 6924/2/1157 6925/2/1157 4700/2/1157 4699/2/1157
f 3426/2/1158 3425/2/1158 6065/2/1158 6066/2/1158
f 2655/2/1159 2654/2/1159 5294/2/1159 5295/2/1159
f 6925/2/1160 6926/2/1160 4007/2/1160 4700/2/1160
f 3427/2/1161 3426/2/1161 6066/2/1161 6067/2/1161
f 2656/2/1162 2655/2/1162 5295/2/1162 5296/2/1162
f 6928/2/1163 6927/2/1163 4701/2/1163 4702/2/1163
f 3428/2/1164 3427/2/1164 6067/2/1164 6068/2/1164
f 2657/2/1165 2656/2/1165 5296/2/1165 5297/2/1165
f 6929/2/1166 6928/2/1166 4702/2/1166 3999/2/1166
f 3429/2/1167 3428/2/1167 6068/2/1167 6069/2/1167
f 2658/2/1168 2657/2/1168 5297/2/1168 5298/2/1168
f 6902/2/1169 6918/2/1169 4695/2/1169 4687/2/1169
f 3430/2/1170 3429/2/1170 6069/2/1170 6070/2/1170
f 2659/2/1171 2658/2/1171 5298/2/1171 5299/2/1171
f 6931/2/1172 6930/2/1172 4704/2/1172 4703/2/1172
f 3431/2/1173 3430/2/1173 6070/2/1173 6071/2/1173
f 2660/2/1174 2659/2/1174 5299/2/1174 5300/2/1174
f 6932/2/1175 6931/2/1175 4703/2/1175 4705/2/1175
f 3432/2/1176 3431/2/1176 6071/2/1176 6072/2/1176
f 2661/2/1177 2660/2/1177 5300/2/1177 5301/2/1177
f 6933/2/1178 6932/2/1178 4705/2/1178 4706/2/1178
f 3433/2/1179 3432/2/1179 6072/2/1179 6073/2/1179
f 2662/2/1180 2661/2/1180 5301/2/1180 5302/2/1180
f 6930/2/1181 6934/2/1181 4011/2/1181 4704/2/1181
f 3434/2/1182 3433/2/1182 6073/2/1182 6074/2/1182
f 2663/2/1183 2662/2/1183 5302/2/1183 5303/2/1183
f 6936/2/1184 6935/2/1184 4707/2/1184 4010/2/1184
f 3435/2/1185 3434/2/1185 6074/2/1185 6075/2/1185
f 2664/2/1186 2663/2/1186 5303/2/1186 5304/2/1186
f 6935/2/1187 6937/2/1187 4708/2/1187 4707/2/1187
f 3436/2/1188 3435/2/1188 6075/2/1188 6076/2/1188
f 2665/2/1189 2664/2/1189 5304/2/1189 5305/2/1189
f 6937/2/1190 6938/2/1190 4709/2/1190 4708/2/1190
f 3437/2/1191 3436/2/1191 6076/2/1191 6077/2/1191
f 2666/2/1192 2665/2/1192 5305/2/1192 5306/2/1192
f 6938/2/1193 6939/2/1193 4012/2/1193 4709/2/1193
f 3438/2/1194 3437/2/1194 6077/2/1194 6078/2/1194
f 2667/2/1195 2666/2/1195 5306/2/1195 5307/2/1195
f 6941/2/1196 6940/2/1196 4710/2/1196 4013/2/1196
f 3439/2/1197 3438/2/1197 6078/2/1197 6079/2/1197
f 2668/2/1198 2667/2/1198 5307/2/1198 5308/2/1198
f 6943/2/1199 6942/2/1199 4711/2/1199 4712/2/1199
f 3440/2/1200 3439/2/1200 6079/2/1200 6080/2/1200
f 2669/2/1201 2668/2/1201 5308/2/1201 5309/2/1201
f 6944/2/1202 6943/2/1202 4712/2/1202 4008/2/1202
f 3441/2/1203 3440/2/1203 6080/2/1203 6081/2/1203
f 2670/2/1204 2669/2/1204 5309/2/1204 5310/2/1204
f 6946/2/1205 6945/2/1205 4009/2/1205 4713/2/1205
f 3442/2/1206 3441/2/1206 6081/2/1206 6082/2/1206
f 2671/2/1207 2670/2/1207 5310/2/1207 5311/2/1207
f 6947/2/1208 6946/2/1208 4713/2/1208 4714/2/1208
f 3443/2/1209 3442/2/1209 6082/2/1209 6083/2/1209
f 2672/2/1210 2671/2/1210 5311/2/1210 5312/2/1210
f 6948/2/1211 6947/2/1211 4714/2/1211 4715/2/1211
f 3444/2/1212 3443/2/1212 6083/2/1212 6084/2/1212
f 2673/2/1213 2672/2/1213 5312/2/1213 5313/2/1213
f 6949/2/1214 6948/2/1214 4715/2/1214 4716/2/1214
f 3445/2/1215 3444/2/1215 6084/2/1215 6085/2/1215
f 2674/2/1216 2673/2/1216 5313/2/1216 5314/2/1216
f 6950/2/1217 6949/2/1217 4716/2/1217 4014/2/1217
f 3446/2/1218 3445/2/1218 6085/2/1218 6086/2/1218
f 2675/2/1219 2674/2/1219 5314/2/1219 5315/2/1219
f 6940/2/1220 6951/2/1220 4015/2/1220 4710/2/1220
f 3447/2/1221 3446/2/1221 6086/2/1221 6087/2/1221
f 2676/2/1222 2675/2/1222 5315/2/1222 5316/2/1222
f 6927/2/1223 6933/2/1223 4706/2/1223 4701/2/1223
f 3448/2/1224 3447/2/1224 6087/2/1224 6088/2/1224
f 2677/2/1225 2676/2/1225 5316/2/1225 5317/2/1225
f 6953/2/1226 6952/2/1226 4718/2/1226 4717/2/1226
f 3449/2/1227 3448/2/1227 6088/2/1227 6089/2/1227
f 2678/2/1228 2677/2/1228 5317/2/1228 5318/2/1228
f 6954/2/1229 6953/2/1229 4717/2/1229 4021/2/1229
f 3450/2/1230 3449/2/1230 6089/2/1230 6090/2/1230
f 2679/2/1231 2678/2/1231 5318/2/1231 5319/2/1231
f 6952/2/1232 6955/2/1232 4719/2/1232 4718/2/1232
f 3451/2/1233 3450/2/1233 6090/2/1233 6091/2/1233
f 2680/2/1234 2679/2/1234 5319/2/1234 5320/2/1234
f 6955/2/1235 6956/2/1235 4720/2/1235 4719/2/1235
f 3452/2/1236 3451/2/1236 6091/2/1236 6092/2/1236
f 2681/2/1237 2680/2/1237 5320/2/1237 5321/2/1237
f 6956/2/1238 6957/2/1238 4721/2/1238 4720/2/1238
f 3453/2/1239 3452/2/1239 6092/2/1239 6093/2/1239
f 2682/2/1240 2681/2/1240 5321/2/1240 5322/2/1240
f 6957/2/1241 6958/2/1241 4016/2/1241 4721/2/1241
f 3454/2/1242 3453/2/1242 6093/2/1242 6094/2/1242
f 2683/2/1243 2682/2/1243 5322/2/1243 5323/2/1243
f 6960/2/1244 6959/2/1244 4722/2/1244 4017/2/1244
f 3455/2/1245 3454/2/1245 6094/2/1245 6095/2/1245
f 2684/2/1246 2683/2/1246 5323/2/1246 5324/2/1246
f 6959/2/1247 6961/2/1247 4723/2/1247 4722/2/1247
f 3456/2/1248 3455/2/1248 6095/2/1248 6096/2/1248
f 2685/2/1249 2684/2/1249 5324/2/1249 5325/2/1249
f 6961/2/1250 6962/2/1250 4724/2/1250 4723/2/1250
f 3457/2/1251 3456/2/1251 6096/2/1251 6097/2/1251
f 2686/2/1252 2685/2/1252 5325/2/1252 5326/2/1252
f 6964/2/1253 6963/2/1253 4725/2/1253 4018/2/1253
f 3458/2/1254 3457/2/1254 6097/2/1254 6098/2/1254
f 2687/2/1255 2686/2/1255 5326/2/1255 5327/2/1255
f 6966/2/1256 6965/2/1256 4019/2/1256 4726/2/1256
f 3459/2/1257 3458/2/1257 6098/2/1257 6099/2/1257
f 2688/2/1258 2687/2/1258 5327/2/1258 5328/2/1258
f 6967/2/1259 6966/2/1259 4726/2/1259 4727/2/1259
f 3460/2/1260 3459/2/1260 6099/2/1260 6100/2/1260
f 2689/2/1261 2688/2/1261 5328/2/1261 5329/2/1261
f 6968/2/1262 6967/2/1262 4727/2/1262 4022/2/1262
f 3461/2/1263 3460/2/1263 6100/2/1263 6101/2/1263
f 2690/2/1264 2689/2/1264 5329/2/1264 5330/2/1264
f 6970/2/1265 6969/2/1265 4023/2/1265 4728/2/1265
f 3462/2/1266 3461/2/1266 6101/2/1266 6102/2/1266
f 2691/2/1267 2690/2/1267 5330/2/1267 5331/2/1267
f 6971/2/1268 6970/2/1268 4728/2/1268 4024/2/1268
f 3463/2/1269 3462/2/1269 6102/2/1269 6103/2/1269
f 2692/2/1270 2691/2/1270 5331/2/1270 5332/2/1270
f 6962/2/1271 6972/2/1271 4025/2/1271 4724/2/1271
f 3464/2/1272 3463/2/1272 6103/2/1272 6104/2/1272
f 2693/2/1273 2692/2/1273 5332/2/1273 5333/2/1273
f 6942/2/1274 6973/2/1274 4020/2/1274 4711/2/1274
f 3465/2/1275 3464/2/1275 6104/2/1275 6105/2/1275
f 2694/2/1276 2693/2/1276 5333/2/1276 5334/2/1276
f 6975/2/1277 6974/2/1277 4730/2/1277 4729/2/1277
f 3466/2/1278 3465/2/1278 6105/2/1278 6106/2/1278
f 2695/2/1279 2694/2/1279 5334/2/1279 5335/2/1279
f 6976/2/1280 6975/2/1280 4729/2/1280 4731/2/1280
f 3467/2/1281 3466/2/1281 6106/2/1281 6107/2/1281
f 2696/2/1282 2695/2/1282 5335/2/1282 5336/2/1282
f 6977/2/1283 6976/2/1283 4731/2/1283 4732/2/1283
f 3468/2/1284 3467/2/1284 6107/2/1284 6108/2/1284
f 2697/2/1285 2696/2/1285 5336/2/1285 5337/2/1285
f 6974/2/1286 6978/2/1286 4733/2/1286 4730/2/1286
f 3469/2/1287 3468/2/1287 6108/2/1287 6109/2/1287
f 2698/2/1288 2697/2/1288 5337/2/1288 5338/2/1288
f 6978/2/1289 6979/2/1289 4734/2/1289 4733/2/1289
f 3470/2/1290 3469/2/1290 6109/2/1290 6110/2/1290
f 2699/2/1291 2698/2/1291 5338/2/1291 5339/2/1291
f 6979/2/1292 6980/2/1292 4735/2/1292 4734/2/1292
f 3471/2/1293 3470/2/1293 6110/2/1293 6111/2/1293
f 2700/2/1294 2699/2/1294 5339/2/1294 5340/2/1294
f 6980/2/1295 6981/2/1295 4736/2/1295 4735/2/1295
f 3472/2/1296 3471/2/1296 6111/2/1296 6112/2/1296
f 2701/2/1297 2700/2/1297 5340/2/1297 5341/2/1297
f 6981/2/1298 6982/2/1298 4737/2/1298 4736/2/1298
f 3473/2/1299 3472/2/1299 6112/2/1299 6113/2/1299
f 2702/2/1300 2701/2/1300 5341/2/1300 5342/2/1300
f 6982/2/1301 6983/2/1301 4738/2/1301 4737/2/1301
f 3474/2/1302 3473/2/1302 6113/2/1302 6114/2/1302
f 2703/2/1303 2702/2/1303 5342/2/1303 5343/2/1303
f 6983/2/1304 6984/2/1304 4035/2/1304 4738/2/1304
f 3475/2/1305 3474/2/1305 6114/2/1305 6115/2/1305
f 2704/2/1306 2703/2/1306 5343/2/1306 5344/2/1306
f 6986/2/1307 6985/2/1307 4739/2/1307 4740/2/1307
f 3476/2/1308 3475/2/1308 6115/2/1308 6116/2/1308
f 2705/2/1309 2704/2/1309 5344/2/1309 5345/2/1309
f 6987/2/1310 6986/2/1310 4740/2/1310 4026/2/1310
f 3477/2/1311 3476/2/1311 6116/2/1311 6117/2/1311
f 2706/2/1312 2705/2/1312 5345/2/1312 5346/2/1312
f 6989/2/1313 6988/2/1313 4028/2/1313 4741/2/1313
f 3478/2/1314 3477/2/1314 6117/2/1314 6118/2/1314
f 2707/2/1315 2706/2/1315 5346/2/1315 5347/2/1315
f 6990/2/1316 6989/2/1316 4741/2/1316 4029/2/1316
f 3479/2/1317 3478/2/1317 6118/2/1317 6119/2/1317
f 2708/2/1318 2707/2/1318 5347/2/1318 5348/2/1318
f 6992/2/1319 6991/2/1319 4032/2/1319 4036/2/1319
f 3480/2/1320 3479/2/1320 6119/2/1320 6120/2/1320
f 2709/2/1321 2708/2/1321 5348/2/1321 5349/2/1321
f 6963/2/1322 6977/2/1322 4732/2/1322 4725/2/1322
f 3481/2/1323 3480/2/1323 6120/2/1323 6121/2/1323
f 2710/2/1324 2709/2/1324 5349/2/1324 5350/2/1324
f 6994/2/1325 6993/2/1325 4743/2/1325 4742/2/1325
f 3482/2/1326 3481/2/1326 6121/2/1326 6122/2/1326
f 2711/2/1327 2710/2/1327 5350/2/1327 5351/2/1327
f 6995/2/1328 6994/2/1328 4742/2/1328 4744/2/1328
f 3483/2/1329 3482/2/1329 6122/2/1329 6123/2/1329
f 2712/2/1330 2711/2/1330 5351/2/1330 5352/2/1330
f 6996/2/1331 6995/2/1331 4744/2/1331 4745/2/1331
f 3484/2/1332 3483/2/1332 6123/2/1332 6124/2/1332
f 2713/2/1333 2712/2/1333 5352/2/1333 5353/2/1333
f 6993/2/1334 6997/2/1334 4746/2/1334 4743/2/1334
f 3485/2/1335 3484/2/1335 6124/2/1335 6125/2/1335
f 2714/2/1336 2713/2/1336 5353/2/1336 5354/2/1336
f 6997/2/1337 6998/2/1337 4747/2/1337 4746/2/1337
f 3486/2/1338 3485/2/1338 6125/2/1338 6126/2/1338
f 2715/2/1339 2714/2/1339 5354/2/1339 5355/2/1339
f 6998/2/1340 6999/2/1340 4748/2/1340 4747/2/1340
f 3487/2/1341 3486/2/1341 6126/2/1341 6127/2/1341
f 2716/2/1342 2715/2/1342 5355/2/1342 5356/2/1342
f 6999/2/1343 7000/2/1343 4749/2/1343 4748/2/1343
f 3488/2/1344 3487/2/1344 6127/2/1344 6128/2/1344
f 2717/2/1345 2716/2/1345 5356/2/1345 5357/2/1345
f 7000/2/1346 7001/2/1346 4750/2/1346 4749/2/1346
f 3489/2/1347 3488/2/1347 6128/2/1347 6129/2/1347
f 2718/2/1348 2717/2/1348 5357/2/1348 5358/2/1348
f 7001/2/1349 7002/2/1349 4751/2/1349 4750/2/1349
f 3490/2/1350 3489/2/1350 6129/2/1350 6130/2/1350
f 2719/2/1351 2718/2/1351 5358/2/1351 5359/2/1351
f 7002/2/1352 7003/2/1352 4752/2/1352 4751/2/1352
f 3491/2/1353 3490/2/1353 6130/2/1353 6131/2/1353
f 2720/2/1354 2719/2/1354 5359/2/1354 5360/2/1354
f 7003/2/1355 7004/2/1355 4041/2/1355 4752/2/1355
f 3492/2/1356 3491/2/1356 6131/2/1356 6132/2/1356
f 2721/2/1357 2720/2/1357 5360/2/1357 5361/2/1357
f 7006/2/1358 7005/2/1358 4753/2/1358 4033/2/1358
f 3493/2/1359 3492/2/1359 6132/2/1359 6133/2/1359
f 2722/2/1360 2721/2/1360 5361/2/1360 5362/2/1360
f 7008/2/1361 7007/2/1361 4034/2/1361 4037/2/1361
f 3494/2/1362 3493/2/1362 6133/2/1362 6134/2/1362
f 2723/2/1363 2722/2/1363 5362/2/1363 5363/2/1363
f 7010/2/1364 7009/2/1364 4039/2/1364 4754/2/1364
f 3495/2/1365 3494/2/1365 6134/2/1365 6135/2/1365
f 2724/2/1366 2723/2/1366 5363/2/1366 5364/2/1366
f 7011/2/1367 7010/2/1367 4754/2/1367 4755/2/1367
f 3496/2/1368 3495/2/1368 6135/2/1368 6136/2/1368
f 2725/2/1369 2724/2/1369 5364/2/1369 5365/2/1369
f 7012/2/1370 7011/2/1370 4755/2/1370 4756/2/1370
f 3497/2/1371 3496/2/1371 6136/2/1371 6137/2/1371
f 2726/2/1372 2725/2/1372 5365/2/1372 5366/2/1372
f 7013/2/1373 7012/2/1373 4756/2/1373 4040/2/1373
f 3498/2/1374 3497/2/1374 6137/2/1374 6138/2/1374
f 2727/2/1375 2726/2/1375 5366/2/1375 5367/2/1375
f 6985/2/1376 6996/2/1376 4745/2/1376 4739/2/1376
f 3499/2/1377 3498/2/1377 6138/2/1377 6139/2/1377
f 2728/2/1378 2727/2/1378 5367/2/1378 5368/2/1378
f 7015/2/1379 7014/2/1379 4758/2/1379 4757/2/1379
f 3500/2/1380 3499/2/1380 6139/2/1380 6140/2/1380
f 2729/2/1381 2728/2/1381 5368/2/1381 5369/2/1381
f 7016/2/1382 7015/2/1382 4757/2/1382 4759/2/1382
f 3501/2/1383 3500/2/1383 6140/2/1383 6141/2/1383
f 2730/2/1384 2729/2/1384 5369/2/1384 5370/2/1384
f 7017/2/1385 7016/2/1385 4759/2/1385 4760/2/1385
f 3502/2/1386 3501/2/1386 6141/2/1386 6142/2/1386
f 2731/2/1387 2730/2/1387 5370/2/1387 5371/2/1387
f 7014/2/1388 7018/2/1388 4761/2/1388 4758/2/1388
f 3503/2/1389 3502/2/1389 6142/2/1389 6143/2/1389
f 2732/2/1390 2731/2/1390 5371/2/1390 5372/2/1390
f 7018/2/1391 7019/2/1391 4762/2/1391 4761/2/1391
f 3504/2/1392 3503/2/1392 6143/2/1392 6144/2/1392
f 2733/2/1393 2732/2/1393 5372/2/1393 5373/2/1393
f 7019/2/1394 7020/2/1394 4763/2/1394 4762/2/1394
f 3505/2/1395 3504/2/1395 6144/2/1395 6145/2/1395
f 2734/2/1396 2733/2/1396 5373/2/1396 5374/2/1396
f 7020/2/1397 7021/2/1397 4044/2/1397 4763/2/1397
f 3506/2/1398 3505/2/1398 6145/2/1398 6146/2/1398
f 2735/2/1399 2734/2/1399 5374/2/1399 5375/2/1399
f 7023/2/1400 7022/2/1400 4764/2/1400 4046/2/1400
f 3507/2/1401 3506/2/1401 6146/2/1401 6147/2/1401
f 2736/2/1402 2735/2/1402 5375/2/1402 5376/2/1402
f 7022/2/1403 7024/2/1403 4765/2/1403 4764/2/1403
f 3508/2/1404 3507/2/1404 6147/2/1404 6148/2/1404
f 2737/2/1405 2736/2/1405 5376/2/1405 5377/2/1405
f 7026/2/1406 7025/2/1406 4766/2/1406 4042/2/1406
f 3509/2/1407 3508/2/1407 6148/2/1407 6149/2/1407
f 2738/2/1408 2737/2/1408 5377/2/1408 5378/2/1408
f 7028/2/1409 7027/2/1409 4043/2/1409 4047/2/1409
f 3510/2/1410 3509/2/1410 6149/2/1410 6150/2/1410
f 2739/2/1411 2738/2/1411 5378/2/1411 5379/2/1411
f 7030/2/1412 7029/2/1412 4049/2/1412 4052/2/1412
f 3511/2/1413 3510/2/1413 6150/2/1413 6151/2/1413
f 2740/2/1414 2739/2/1414 5379/2/1414 5380/2/1414
f 7024/2/1415 7031/2/1415 4055/2/1415 4765/2/1415
f 3512/2/1416 3511/2/1416 6151/2/1416 6152/2/1416
f 2741/2/1417 2740/2/1417 5380/2/1417 5381/2/1417
f 7005/2/1418 7017/2/1418 4760/2/1418 4753/2/1418
f 3513/2/1419 3512/2/1419 6152/2/1419 6153/2/1419
f 2742/2/1420 2741/2/1420 5381/2/1420 5382/2/1420
f 7033/2/1421 7032/2/1421 4768/2/1421 4767/2/1421
f 3514/2/1422 3513/2/1422 6153/2/1422 6154/2/1422
f 2743/2/1423 2742/2/1423 5382/2/1423 5383/2/1423
f 7034/2/1424 7033/2/1424 4767/2/1424 4769/2/1424
f 3515/2/1425 3514/2/1425 6154/2/1425 6155/2/1425
f 2744/2/1426 2743/2/1426 5383/2/1426 5384/2/1426
f 7035/2/1427 7034/2/1427 4769/2/1427 4770/2/1427
f 3516/2/1428 3515/2/1428 6155/2/1428 6156/2/1428
f 2745/2/1429 2744/2/1429 5384/2/1429 5385/2/1429
f 7032/2/1430 7036/2/1430 4771/2/1430 4768/2/1430
f 3517/2/1431 3516/2/1431 6156/2/1431 6157/2/1431
f 2746/2/1432 2745/2/1432 5385/2/1432 5386/2/1432
f 7036/2/1433 7037/2/1433 4772/2/1433 4771/2/1433
f 3518/2/1434 3517/2/1434 6157/2/1434 6158/2/1434
f 2747/2/1435 2746/2/1435 5386/2/1435 5387/2/1435
f 7037/2/1436 7038/2/1436 4773/2/1436 4772/2/1436
f 3519/2/1437 3518/2/1437 6158/2/1437 6159/2/1437
f 2748/2/1438 2747/2/1438 5387/2/1438 5388/2/1438
f 7038/2/1439 7039/2/1439 4774/2/1439 4773/2/1439
f 3520/2/1440 3519/2/1440 6159/2/1440 6160/2/1440
f 2749/2/1441 2748/2/1441 5388/2/1441 5389/2/1441
f 7039/2/1442 7040/2/1442 4775/2/1442 4774/2/1442
f 3521/2/1443 3520/2/1443 6160/2/1443 6161/2/1443
f 2750/2/1444 2749/2/1444 5389/2/1444 5390/2/1444
f 7040/2/1445 7041/2/1445 4050/2/1445 4775/2/1445
f 3522/2/1446 3521/2/1446 6161/2/1446 6162/2/1446
f 2751/2/1447 2750/2/1447 5390/2/1447 5391/2/1447
f 7043/2/1448 7042/2/1448 4061/2/1448 4051/2/1448
f 3523/2/1449 3522/2/1449 6162/2/1449 6163/2/1449
f 2752/2/1450 2751/2/1450 5391/2/1450 5392/2/1450
f 7045/2/1451 7044/2/1451 4058/2/1451 4776/2/1451
f 3524/2/1452 3523/2/1452 6163/2/1452 6164/2/1452
f 2753/2/1453 2752/2/1453 5392/2/1453 5393/2/1453
f 7046/2/1454 7045/2/1454 4776/2/1454 4777/2/1454
f 3525/2/1455 3524/2/1455 6164/2/1455 6165/2/1455
f 2754/2/1456 2753/2/1456 5393/2/1456 5394/2/1456
f 7047/2/1457 7046/2/1457 4777/2/1457 4778/2/1457
f 3526/2/1458 3525/2/1458 6165/2/1458 6166/2/1458
f 2755/2/1459 2754/2/1459 5394/2/1459 5395/2/1459
f 7048/2/1460 7047/2/1460 4778/2/1460 4779/2/1460
f 3527/2/1461 3526/2/1461 6166/2/1461 6167/2/1461
f 2756/2/1462 2755/2/1462 5395/2/1462 5396/2/1462
f 7049/2/1463 7048/2/1463 4779/2/1463 4780/2/1463
f 3528/2/1464 3527/2/1464 6167/2/1464 6168/2/1464
f 2757/2/1465 2756/2/1465 5396/2/1465 5397/2/1465
f 7050/2/1466 7049/2/1466 4780/2/1466 4059/2/1466
f 3529/2/1467 3528/2/1467 6168/2/1467 6169/2/1467
f 2758/2/1468 2757/2/1468 5397/2/1468 5398/2/1468
f 7025/2/1469 7035/2/1469 4770/2/1469 4766/2/1469
f 3530/2/1470 3529/2/1470 6169/2/1470 6170/2/1470
f 2759/2/1471 2758/2/1471 5398/2/1471 5399/2/1471
f 7052/2/1472 7051/2/1472 4063/2/1472 4781/2/1472
f 3531/2/1473 3530/2/1473 6170/2/1473 6171/2/1473
f 2760/2/1474 2759/2/1474 5399/2/1474 5400/2/1474
f 7053/2/1475 7052/2/1475 4781/2/1475 4782/2/1475
f 3532/2/1476 3531/2/1476 6171/2/1476 6172/2/1476
f 2761/2/1477 2760/2/1477 5400/2/1477 5401/2/1477
f 7054/2/1478 7053/2/1478 4782/2/1478 4783/2/1478
f 3533/2/1479 3532/2/1479 6172/2/1479 6173/2/1479
f 2762/2/1480 2761/2/1480 5401/2/1480 5402/2/1480
f 7056/2/1481 7055/2/1481 4784/2/1481 4062/2/1481
f 3534/2/1482 3533/2/1482 6173/2/1482 6174/2/1482
f 2763/2/1483 2762/2/1483 5402/2/1483 5403/2/1483
f 7055/2/1484 7057/2/1484 4075/2/1484 4784/2/1484
f 3535/2/1485 3534/2/1485 6174/2/1485 6175/2/1485
f 2764/2/1486 2763/2/1486 5403/2/1486 5404/2/1486
f 7059/2/1487 7058/2/1487 4785/2/1487 4076/2/1487
f 3536/2/1488 3535/2/1488 6175/2/1488 6176/2/1488
f 2765/2/1489 2764/2/1489 5404/2/1489 5405/2/1489
f 7058/2/1490 7060/2/1490 4786/2/1490 4785/2/1490
f 3537/2/1491 3536/2/1491 6176/2/1491 6177/2/1491
f 2766/2/1492 2765/2/1492 5405/2/1492 5406/2/1492
f 7060/2/1493 7061/2/1493 4071/2/1493 4786/2/1493
f 3538/2/1494 3537/2/1494 6177/2/1494 6178/2/1494
f 2767/2/1495 2766/2/1495 5406/2/1495 5407/2/1495
f 7063/2/1496 7062/2/1496 4079/2/1496 4066/2/1496
f 3539/2/1497 3538/2/1497 6178/2/1497 6179/2/1497
f 2768/2/1498 2767/2/1498 5407/2/1498 5408/2/1498
f 7065/2/1499 7064/2/1499 4067/2/1499 4064/2/1499
f 3540/2/1500 3539/2/1500 6179/2/1500 6180/2/1500
f 2769/2/1501 2768/2/1501 5408/2/1501 5409/2/1501
f 7067/2/1502 7066/2/1502 4065/2/1502 4068/2/1502
f 3541/2/1503 3540/2/1503 6180/2/1503 6181/2/1503
f 2770/2/1504 2769/2/1504 5409/2/1504 5410/2/1504
f 7068/2/1505 7054/2/1505 4783/2/1505 4056/2/1505
f 3542/2/1506 3541/2/1506 6181/2/1506 6182/2/1506
f 2771/2/1507 2770/2/1507 5410/2/1507 5411/2/1507
f 7070/2/1508 7069/2/1508 4080/2/1508 4787/2/1508
f 3543/2/1509 3542/2/1509 6182/2/1509 6183/2/1509
f 2772/2/1510 2771/2/1510 5411/2/1510 5412/2/1510
f 7071/2/1511 7070/2/1511 4787/2/1511 4788/2/1511
f 3544/2/1512 3543/2/1512 6183/2/1512 6184/2/1512
f 2773/2/1513 2772/2/1513 5412/2/1513 5413/2/1513
f 7072/2/1514 7071/2/1514 4788/2/1514 4789/2/1514
f 3545/2/1515 3544/2/1515 6184/2/1515 6185/2/1515
f 2774/2/1516 2773/2/1516 5413/2/1516 5414/2/1516
f 7074/2/1517 7073/2/1517 4790/2/1517 4081/2/1517
f 3546/2/1518 3545/2/1518 6185/2/1518 6186/2/1518
f 2775/2/1519 2774/2/1519 5414/2/1519 5415/2/1519
f 7073/2/1520 7075/2/1520 4073/2/1520 4790/2/1520
f 3547/2/1521 3546/2/1521 6186/2/1521 6187/2/1521
f 2776/2/1522 2775/2/1522 5415/2/1522 5416/2/1522
f 7077/2/1523 7076/2/1523 4791/2/1523 4072/2/1523
f 3548/2/1524 3547/2/1524 6187/2/1524 6188/2/1524
f 2777/2/1525 2776/2/1525 5416/2/1525 5417/2/1525
f 7076/2/1526 7078/2/1526 4792/2/1526 4791/2/1526
f 3549/2/1527 3548/2/1527 6188/2/1527 6189/2/1527
f 2778/2/1528 2777/2/1528 5417/2/1528 5418/2/1528
f 7078/2/1529 7079/2/1529 4793/2/1529 4792/2/1529
f 3550/2/1530 3549/2/1530 6189/2/1530 6190/2/1530
f 2779/2/1531 2778/2/1531 5418/2/1531 5419/2/1531
f 7079/2/1532 7080/2/1532 4794/2/1532 4793/2/1532
f 3551/2/1533 3550/2/1533 6190/2/1533 6191/2/1533
f 2780/2/1534 2779/2/1534 5419/2/1534 5420/2/1534
f 7082/2/1535 7081/2/1535 4795/2/1535 4796/2/1535
f 3552/2/1536 3551/2/1536 6191/2/1536 6192/2/1536
f 2781/2/1537 2780/2/1537 5420/2/1537 5421/2/1537
f 7083/2/1538 7082/2/1538 4796/2/1538 4797/2/1538
f 3553/2/1539 3552/2/1539 6192/2/1539 6193/2/1539
f 2782/2/1540 2781/2/1540 5421/2/1540 5422/2/1540
f 7084/2/1541 7083/2/1541 4797/2/1541 4798/2/1541
f 3554/2/1542 3553/2/1542 6193/2/1542 6194/2/1542
f 2783/2/1543 2782/2/1543 5422/2/1543 5423/2/1543
f 7085/2/1544 7084/2/1544 4798/2/1544 4799/2/1544
f 3555/2/1545 3554/2/1545 6194/2/1545 6195/2/1545
f 2784/2/1546 2783/2/1546 5423/2/1546 5424/2/1546
f 7086/2/1547 7085/2/1547 4799/2/1547 4082/2/1547
f 3556/2/1548 3555/2/1548 6195/2/1548 6196/2/1548
f 2785/2/1549 2784/2/1549 5424/2/1549 5425/2/1549
f 7088/2/1550 7087/2/1550 4084/2/1550 4800/2/1550
f 3557/2/1551 3556/2/1551 6196/2/1551 6197/2/1551
f 2786/2/1552 2785/2/1552 5425/2/1552 5426/2/1552
f 7089/2/1553 7088/2/1553 4800/2/1553 4801/2/1553
f 3558/2/1554 3557/2/1554 6197/2/1554 6198/2/1554
f 2787/2/1555 2786/2/1555 5426/2/1555 5427/2/1555
f 7080/2/1556 7089/2/1556 4801/2/1556 4794/2/1556
f 3559/2/1557 3558/2/1557 6198/2/1557 6199/2/1557
f 2788/2/1558 2787/2/1558 5427/2/1558 5428/2/1558
f 7090/2/1559 7072/2/1559 4789/2/1559 4077/2/1559
f 3560/2/1560 3559/2/1560 6199/2/1560 6200/2/1560
f 2789/2/1561 2788/2/1561 5428/2/1561 5429/2/1561
f 7092/2/1562 7091/2/1562 4090/2/1562 4802/2/1562
f 3561/2/1563 3560/2/1563 6200/2/1563 6201/2/1563
f 2790/2/1564 2789/2/1564 5429/2/1564 5430/2/1564
f 7093/2/1565 7092/2/1565 4802/2/1565 4803/2/1565
f 3562/2/1566 3561/2/1566 6201/2/1566 6202/2/1566
f 2791/2/1567 2790/2/1567 5430/2/1567 5431/2/1567
f 7094/2/1568 7093/2/1568 4803/2/1568 4804/2/1568
f 3563/2/1569 3562/2/1569 6202/2/1569 6203/2/1569
f 2792/2/1570 2791/2/1570 5431/2/1570 5432/2/1570
f 7096/2/1571 7095/2/1571 4805/2/1571 4089/2/1571
f 3564/2/1572 3563/2/1572 6203/2/1572 6204/2/1572
f 2793/2/1573 2792/2/1573 5432/2/1573 5433/2/1573
f 7095/2/1574 7097/2/1574 4091/2/1574 4805/2/1574
f 3565/2/1575 3564/2/1575 6204/2/1575 6205/2/1575
f 2794/2/1576 2793/2/1576 5433/2/1576 5434/2/1576
f 7099/2/1577 7098/2/1577 4806/2/1577 4092/2/1577
f 3566/2/1578 3565/2/1578 6205/2/1578 6206/2/1578
f 2795/2/1579 2794/2/1579 5434/2/1579 5435/2/1579
f 7098/2/1580 7100/2/1580 4807/2/1580 4806/2/1580
f 3567/2/1581 3566/2/1581 6206/2/1581 6207/2/1581
f 2796/2/1582 2795/2/1582 5435/2/1582 5436/2/1582
f 7100/2/1583 7101/2/1583 4085/2/1583 4807/2/1583
f 3568/2/1584 3567/2/1584 6207/2/1584 6208/2/1584
f 2797/2/1585 2796/2/1585 5436/2/1585 5437/2/1585
f 7103/2/1586 7102/2/1586 4808/2/1586 4809/2/1586
f 3569/2/1587 3568/2/1587 6208/2/1587 6209/2/1587
f 2798/2/1588 2797/2/1588 5437/2/1588 5438/2/1588
f 7104/2/1589 7103/2/1589 4809/2/1589 4810/2/1589
f 3570/2/1590 3569/2/1590 6209/2/1590 6210/2/1590
f 2799/2/1591 2798/2/1591 5438/2/1591 5439/2/1591
f 7105/2/1592 7104/2/1592 4810/2/1592 4811/2/1592
f 3571/2/1593 3570/2/1593 6210/2/1593 6211/2/1593
f 2800/2/1594 2799/2/1594 5439/2/1594 5440/2/1594
f 7106/2/1595 7105/2/1595 4811/2/1595 4093/2/1595
f 3572/2/1596 3571/2/1596 6211/2/1596 6212/2/1596
f 2801/2/1597 2800/2/1597 5440/2/1597 5441/2/1597
f 7108/2/1598 7107/2/1598 4095/2/1598 4087/2/1598
f 3573/2/1599 3572/2/1599 6212/2/1599 6213/2/1599
f 2802/2/1600 2801/2/1600 5441/2/1600 5442/2/1600
f 7110/2/1601 7109/2/1601 4088/2/1601 4812/2/1601
f 3574/2/1602 3573/2/1602 6213/2/1602 6214/2/1602
f 2803/2/1603 2802/2/1603 5442/2/1603 5443/2/1603
f 7111/2/1604 7110/2/1604 4812/2/1604 4086/2/1604
f 3575/2/1605 3574/2/1605 6214/2/1605 6215/2/1605
f 2804/2/1606 2803/2/1606 5443/2/1606 5444/2/1606
f 7081/2/1607 7094/2/1607 4804/2/1607 4795/2/1607
f 3576/2/1608 3575/2/1608 6215/2/1608 6216/2/1608
f 2805/2/1609 2804/2/1609 5444/2/1609 5445/2/1609
f 7113/2/1610 7112/2/1610 4814/2/1610 4813/2/1610
f 3577/2/1611 3576/2/1611 6216/2/1611 6217/2/1611
f 2806/2/1612 2805/2/1612 5445/2/1612 5446/2/1612
f 7114/2/1613 7113/2/1613 4813/2/1613 4102/2/1613
f 3578/2/1614 3577/2/1614 6217/2/1614 6218/2/1614
f 2807/2/1615 2806/2/1615 5446/2/1615 5447/2/1615
f 7112/2/1616 7115/2/1616 4815/2/1616 4814/2/1616
f 3579/2/1617 3578/2/1617 6218/2/1617 6219/2/1617
f 2808/2/1618 2807/2/1618 5447/2/1618 5448/2/1618
f 7115/2/1619 7116/2/1619 4816/2/1619 4815/2/1619
f 3580/2/1620 3579/2/1620 6219/2/1620 6220/2/1620
f 2809/2/1621 2808/2/1621 5448/2/1621 5449/2/1621
f 7116/2/1622 7117/2/1622 4817/2/1622 4816/2/1622
f 3581/2/1623 3580/2/1623 6220/2/1623 6221/2/1623
f 2810/2/1624 2809/2/1624 5449/2/1624 5450/2/1624
f 7117/2/1625 7118/2/1625 4818/2/1625 4817/2/1625
f 3582/2/1626 3581/2/1626 6221/2/1626 6222/2/1626
f 2811/2/1627 2810/2/1627 5450/2/1627 5451/2/1627
f 7118/2/1628 7119/2/1628 4819/2/1628 4818/2/1628
f 3583/2/1629 3582/2/1629 6222/2/1629 6223/2/1629
f 2812/2/1630 2811/2/1630 5451/2/1630 5452/2/1630
f 7119/2/1631 7120/2/1631 4097/2/1631 4819/2/1631
f 3584/2/1632 3583/2/1632 6223/2/1632 6224/2/1632
f 2813/2/1633 2812/2/1633 5452/2/1633 5453/2/1633
f 7122/2/1634 7121/2/1634 4110/2/1634 4096/2/1634
f 3585/2/1635 3584/2/1635 6224/2/1635 6225/2/1635
f 2814/2/1636 2813/2/1636 5453/2/1636 5454/2/1636
f 7124/2/1637 7123/2/1637 4105/2/1637 4098/2/1637
f 3586/2/1638 3585/2/1638 6225/2/1638 6226/2/1638
f 2815/2/1639 2814/2/1639 5454/2/1639 5455/2/1639
f 7126/2/1640 7125/2/1640 4100/2/1640 4106/2/1640
f 3587/2/1641 3586/2/1641 6226/2/1641 6227/2/1641
f 2816/2/1642 2815/2/1642 5455/2/1642 5456/2/1642
f 7102/2/1643 7127/2/1643 4101/2/1643 4808/2/1643
f 3588/2/1644 3587/2/1644 6227/2/1644 6228/2/1644
f 2817/2/1645 2816/2/1645 5456/2/1645 5457/2/1645
f 7129/2/1646 7128/2/1646 4123/2/1646 4820/2/1646
f 3589/2/1647 3588/2/1647 6228/2/1647 6229/2/1647
f 2818/2/1648 2817/2/1648 5457/2/1648 5458/2/1648
f 7130/2/1649 7129/2/1649 4820/2/1649 4821/2/1649
f 3590/2/1650 3589/2/1650 6229/2/1650 6230/2/1650
f 2819/2/1651 2818/2/1651 5458/2/1651 5459/2/1651
f 7132/2/1652 7131/2/1652 4822/2/1652 4124/2/1652
f 3591/2/1653 3590/2/1653 6230/2/1653 6231/2/1653
f 2820/2/1654 2819/2/1654 5459/2/1654 5460/2/1654
f 7131/2/1655 7133/2/1655 4823/2/1655 4822/2/1655
f 3592/2/1656 3591/2/1656 6231/2/1656 6232/2/1656
f 2821/2/1657 2820/2/1657 5460/2/1657 5461/2/1657
f 7133/2/1658 7134/2/1658 4824/2/1658 4823/2/1658
f 3593/2/1659 3592/2/1659 6232/2/1659 6233/2/1659
f 2822/2/1660 2821/2/1660 5461/2/1660 5462/2/1660
f 7134/2/1661 7135/2/1661 4825/2/1661 4824/2/1661
f 3594/2/1662 3593/2/1662 6233/2/1662 6234/2/1662
f 2823/2/1663 2822/2/1663 5462/2/1663 5463/2/1663
f 7135/2/1664 7136/2/1664 4826/2/1664 4825/2/1664
f 3595/2/1665 3594/2/1665 6234/2/1665 6235/2/1665
f 2824/2/1666 2823/2/1666 5463/2/1666 5464/2/1666
f 7136/2/1667 7137/2/1667 4827/2/1667 4826/2/1667
f 3596/2/1668 3595/2/1668 6235/2/1668 6236/2/1668
f 2825/2/1669 2824/2/1669 5464/2/1669 5465/2/1669
f 7137/2/1670 7138/2/1670 4828/2/1670 4827/2/1670
f 3597/2/1671 3596/2/1671 6236/2/1671 6237/2/1671
f 2826/2/1672 2825/2/1672 5465/2/1672 5466/2/1672
f 7138/2/1673 7139/2/1673 4829/2/1673 4828/2/1673
f 3598/2/1674 3597/2/1674 6237/2/1674 6238/2/1674
f 2827/2/1675 2826/2/1675 5466/2/1675 5467/2/1675
f 7141/2/1676 7140/2/1676 4830/2/1676 4831/2/1676
f 3599/2/1677 3598/2/1677 6238/2/1677 6239/2/1677
f 2828/2/1678 2827/2/1678 5467/2/1678 5468/2/1678
f 7142/2/1679 7141/2/1679 4831/2/1679 4832/2/1679
f 3600/2/1680 3599/2/1680 6239/2/1680 6240/2/1680
f 2829/2/1681 2828/2/1681 5468/2/1681 5469/2/1681
f 7143/2/1682 7142/2/1682 4832/2/1682 4116/2/1682
f 3601/2/1683 3600/2/1683 6240/2/1683 6241/2/1683
f 2830/2/1684 2829/2/1684 5469/2/1684 5470/2/1684
f 7145/2/1685 7144/2/1685 4117/2/1685 4833/2/1685
f 3602/2/1686 3601/2/1686 6241/2/1686 6242/2/1686
f 2831/2/1687 2830/2/1687 5470/2/1687 5471/2/1687
f 7146/2/1688 7145/2/1688 4833/2/1688 4111/2/1688
f 3603/2/1689 3602/2/1689 6242/2/1689 6243/2/1689
f 2832/2/1690 2831/2/1690 5471/2/1690 5472/2/1690
f 7148/2/1691 7147/2/1691 4112/2/1691 4834/2/1691
f 3604/2/1692 3603/2/1692 6243/2/1692 6244/2/1692
f 2833/2/1693 2832/2/1693 5472/2/1693 5473/2/1693
f 7149/2/1694 7148/2/1694 4834/2/1694 4835/2/1694
f 3605/2/1695 3604/2/1695 6244/2/1695 6245/2/1695
f 2834/2/1696 2833/2/1696 5473/2/1696 5474/2/1696
f 7139/2/1697 7149/2/1697 4835/2/1697 4829/2/1697
f 3606/2/1698 3605/2/1698 6245/2/1698 6246/2/1698
f 2835/2/1699 2834/2/1699 5474/2/1699 5475/2/1699
f 7150/2/1700 7130/2/1700 4821/2/1700 4103/2/1700
f 3607/2/1701 3606/2/1701 6246/2/1701 6247/2/1701
f 2836/2/1702 2835/2/1702 5475/2/1702 5476/2/1702
f 7152/2/1703 7151/2/1703 4115/2/1703 4836/2/1703
f 3608/2/1704 3607/2/1704 6247/2/1704 6248/2/1704
f 2837/2/1705 2836/2/1705 5476/2/1705 5477/2/1705
f 7154/2/1706 7153/2/1706 4119/2/1706 4114/2/1706
f 3609/2/1707 3608/2/1707 6248/2/1707 6249/2/1707
f 2838/2/1708 2837/2/1708 5477/2/1708 5478/2/1708
f 7156/2/1709 7155/2/1709 4125/2/1709 4118/2/1709
f 3610/2/1710 3609/2/1710 6249/2/1710 6250/2/1710
f 2839/2/1711 2838/2/1711 5478/2/1711 5479/2/1711
f 7158/2/1712 7157/2/1712 4837/2/1712 4127/2/1712
f 3611/2/1713 3610/2/1713 6250/2/1713 6251/2/1713
f 2840/2/1714 2839/2/1714 5479/2/1714 5480/2/1714
f 7157/2/1715 7159/2/1715 4838/2/1715 4837/2/1715
f 3612/2/1716 3611/2/1716 6251/2/1716 6252/2/1716
f 2841/2/1717 2840/2/1717 5480/2/1717 5481/2/1717
f 7159/2/1718 7160/2/1718 4839/2/1718 4838/2/1718
f 3613/2/1719 3612/2/1719 6252/2/1719 6253/2/1719
f 2842/2/1720 2841/2/1720 5481/2/1720 5482/2/1720
f 7162/2/1721 7161/2/1721 4840/2/1721 4841/2/1721
f 3614/2/1722 3613/2/1722 6253/2/1722 6254/2/1722
f 2843/2/1723 2842/2/1723 5482/2/1723 5483/2/1723
f 7163/2/1724 7162/2/1724 4841/2/1724 4842/2/1724
f 3615/2/1725 3614/2/1725 6254/2/1725 6255/2/1725
f 2844/2/1726 2843/2/1726 5483/2/1726 5484/2/1726
f 7164/2/1727 7163/2/1727 4842/2/1727 4843/2/1727
f 3616/2/1728 3615/2/1728 6255/2/1728 6256/2/1728
f 2845/2/1729 2844/2/1729 5484/2/1729 5485/2/1729
f 7165/2/1730 7164/2/1730 4843/2/1730 4120/2/1730
f 3617/2/1731 3616/2/1731 6256/2/1731 6257/2/1731
f 2846/2/1732 2845/2/1732 5485/2/1732 5486/2/1732
f 7167/2/1733 7166/2/1733 4122/2/1733 4844/2/1733
f 3618/2/1734 3617/2/1734 6257/2/1734 6258/2/1734
f 2847/2/1735 2846/2/1735 5486/2/1735 5487/2/1735
f 7168/2/1736 7167/2/1736 4844/2/1736 4845/2/1736
f 3619/2/1737 3618/2/1737 6258/2/1737 6259/2/1737
f 2848/2/1738 2847/2/1738 5487/2/1738 5488/2/1738
f 7169/2/1739 7168/2/1739 4845/2/1739 4846/2/1739
f 3620/2/1740 3619/2/1740 6259/2/1740 6260/2/1740
f 2849/2/1741 2848/2/1741 5488/2/1741 5489/2/1741
f 7160/2/1742 7169/2/1742 4846/2/1742 4839/2/1742
f 3621/2/1743 3620/2/1743 6260/2/1743 6261/2/1743
f 2850/2/1744 2849/2/1744 5489/2/1744 5490/2/1744
f 7140/2/1745 7152/2/1745 4836/2/1745 4830/2/1745
f 3622/2/1746 3621/2/1746 6261/2/1746 6262/2/1746
f 2851/2/1747 2850/2/1747 5490/2/1747 5491/2/1747
f 7171/2/1748 7170/2/1748 4847/2/1748 4129/2/1748
f 3623/2/1749 3622/2/1749 6262/2/1749 6263/2/1749
f 2852/2/1750 2851/2/1750 5491/2/1750 5492/2/1750
f 7173/2/1751 7172/2/1751 4128/2/1751 4848/2/1751
f 3624/2/1752 3623/2/1752 6263/2/1752 6264/2/1752
f 2853/2/1753 2852/2/1753 5492/2/1753 5493/2/1753
f 7170/2/1754 7174/2/1754 4849/2/1754 4847/2/1754
f 3625/2/1755 3624/2/1755 6264/2/1755 6265/2/1755
f 2854/2/1756 2853/2/1756 5493/2/1756 5494/2/1756
f 7174/2/1757 7175/2/1757 4850/2/1757 4849/2/1757
f 3626/2/1758 3625/2/1758 6265/2/1758 6266/2/1758
f 2855/2/1759 2854/2/1759 5494/2/1759 5495/2/1759
f 7175/2/1760 7176/2/1760 4851/2/1760 4850/2/1760
f 3627/2/1761 3626/2/1761 6266/2/1761 6267/2/1761
f 2856/2/1762 2855/2/1762 5495/2/1762 5496/2/1762
f 7176/2/1763 7177/2/1763 4852/2/1763 4851/2/1763
f 3628/2/1764 3627/2/1764 6267/2/1764 6268/2/1764
f 2857/2/1765 2856/2/1765 5496/2/1765 5497/2/1765
f 7177/2/1766 7178/2/1766 4853/2/1766 4852/2/1766
f 3629/2/1767 3628/2/1767 6268/2/1767 6269/2/1767
f 2858/2/1768 2857/2/1768 5497/2/1768 5498/2/1768
f 7178/2/1769 7179/2/1769 4854/2/1769 4853/2/1769
f 3630/2/1770 3629/2/1770 6269/2/1770 6270/2/1770
f 2859/2/1771 2858/2/1771 5498/2/1771 5499/2/1771
f 7179/2/1772 7180/2/1772 4855/2/1772 4854/2/1772
f 3631/2/1773 3630/2/1773 6270/2/1773 6271/2/1773
f 2860/2/1774 2859/2/1774 5499/2/1774 5500/2/1774
f 7180/2/1775 7181/2/1775 4856/2/1775 4855/2/1775
f 3632/2/1776 3631/2/1776 6271/2/1776 6272/2/1776
f 2861/2/1777 2860/2/1777 5500/2/1777 5501/2/1777
f 7183/2/1778 7182/2/1778 4138/2/1778 4857/2/1778
f 3633/2/1779 3632/2/1779 6272/2/1779 6273/2/1779
f 2862/2/1780 2861/2/1780 5501/2/1780 5502/2/1780
f 7184/2/1781 7183/2/1781 4857/2/1781 4130/2/1781
f 3634/2/1782 3633/2/1782 6273/2/1782 6274/2/1782
f 2863/2/1783 2862/2/1783 5502/2/1783 5503/2/1783
f 7186/2/1784 7185/2/1784 4135/2/1784 4858/2/1784
f 3635/2/1785 3634/2/1785 6274/2/1785 6275/2/1785
f 2864/2/1786 2863/2/1786 5503/2/1786 5504/2/1786
f 7187/2/1787 7186/2/1787 4858/2/1787 4859/2/1787
f 3636/2/1788 3635/2/1788 6275/2/1788 6276/2/1788
f 2865/2/1789 2864/2/1789 5504/2/1789 5505/2/1789
f 7181/2/1790 7187/2/1790 4859/2/1790 4856/2/1790
f 3637/2/1791 3636/2/1791 6276/2/1791 6277/2/1791
f 2866/2/1792 2865/2/1792 5505/2/1792 5506/2/1792
f 7161/2/1793 7173/2/1793 4848/2/1793 4840/2/1793
f 3638/2/1794 3637/2/1794 6277/2/1794 6278/2/1794
f 2867/2/1795 2866/2/1795 5506/2/1795 5507/2/1795
f 7189/2/1796 7188/2/1796 4861/2/1796 4860/2/1796
f 3639/2/1797 3638/2/1797 6278/2/1797 6279/2/1797
f 2868/2/1798 2867/2/1798 5507/2/1798 5508/2/1798
f 7190/2/1799 7189/2/1799 4860/2/1799 4862/2/1799
f 3640/2/1800 3639/2/1800 6279/2/1800 6280/2/1800
f 2869/2/1801 2868/2/1801 5508/2/1801 5509/2/1801
f 7191/2/1802 7190/2/1802 4862/2/1802 4139/2/1802
f 3641/2/1803 3640/2/1803 6280/2/1803 6281/2/1803
f 2870/2/1804 2869/2/1804 5509/2/1804 5510/2/1804
f 7188/2/1805 7192/2/1805 4863/2/1805 4861/2/1805
f 3642/2/1806 3641/2/1806 6281/2/1806 6282/2/1806
f 2871/2/1807 2870/2/1807 5510/2/1807 5511/2/1807
f 7192/2/1808 7193/2/1808 4864/2/1808 4863/2/1808
f 3643/2/1809 3642/2/1809 6282/2/1809 6283/2/1809
f 2872/2/1810 2871/2/1810 5511/2/1810 5512/2/1810
f 7193/2/1811 7194/2/1811 4865/2/1811 4864/2/1811
f 3644/2/1812 3643/2/1812 6283/2/1812 6284/2/1812
f 2873/2/1813 2872/2/1813 5512/2/1813 5513/2/1813
f 7194/2/1814 7195/2/1814 4866/2/1814 4865/2/1814
f 3645/2/1815 3644/2/1815 6284/2/1815 6285/2/1815
f 2874/2/1816 2873/2/1816 5513/2/1816 5514/2/1816
f 7195/2/1817 7196/2/1817 4867/2/1817 4866/2/1817
f 3646/2/1818 3645/2/1818 6285/2/1818 6286/2/1818
f 2875/2/1819 2874/2/1819 5514/2/1819 5515/2/1819
f 7196/2/1820 7197/2/1820 4868/2/1820 4867/2/1820
f 3647/2/1821 3646/2/1821 6286/2/1821 6287/2/1821
f 2876/2/1822 2875/2/1822 5515/2/1822 5516/2/1822
f 7197/2/1823 7198/2/1823 4869/2/1823 4868/2/1823
f 3648/2/1824 3647/2/1824 6287/2/1824 6288/2/1824
f 2877/2/1825 2876/2/1825 5516/2/1825 5517/2/1825
f 7198/2/1826 7199/2/1826 4870/2/1826 4869/2/1826
f 3649/2/1827 3648/2/1827 6288/2/1827 6289/2/1827
f 2878/2/1828 2877/2/1828 5517/2/1828 5518/2/1828
f 7201/2/1829 7200/2/1829 4871/2/1829 4872/2/1829
f 3650/2/1830 3649/2/1830 6289/2/1830 6290/2/1830
f 2879/2/1831 2878/2/1831 5518/2/1831 5519/2/1831
f 7202/2/1832 7201/2/1832 4872/2/1832 4136/2/1832
f 3651/2/1833 3650/2/1833 6290/2/1833 6291/2/1833
f 2880/2/1834 2879/2/1834 5519/2/1834 5520/2/1834
f 7204/2/1835 7203/2/1835 4137/2/1835 4873/2/1835
f 3652/2/1836 3651/2/1836 6291/2/1836 6292/2/1836
f 2881/2/1837 2880/2/1837 5520/2/1837 5521/2/1837
f 7205/2/1838 7204/2/1838 4873/2/1838 4874/2/1838
f 3653/2/1839 3652/2/1839 6292/2/1839 6293/2/1839
f 2882/2/1840 2881/2/1840 5521/2/1840 5522/2/1840
f 7206/2/1841 7205/2/1841 4874/2/1841 4140/2/1841
f 3654/2/1842 3653/2/1842 6293/2/1842 6294/2/1842
f 2883/2/1843 2882/2/1843 5522/2/1843 5523/2/1843
f 7199/2/1844 7207/2/1844 4143/2/1844 4870/2/1844
f 3655/2/1845 3654/2/1845 6294/2/1845 6295/2/1845
f 2884/2/1846 2883/2/1846 5523/2/1846 5524/2/1846
f 7209/2/1847 7208/2/1847 4876/2/1847 4875/2/1847
f 3656/2/1848 3655/2/1848 6295/2/1848 6296/2/1848
f 2885/2/1849 2884/2/1849 5524/2/1849 5525/2/1849
f 7210/2/1850 7209/2/1850 4875/2/1850 4877/2/1850
f 3657/2/1851 3656/2/1851 6296/2/1851 6297/2/1851
f 2886/2/1852 2885/2/1852 5525/2/1852 5526/2/1852
f 7211/2/1853 7210/2/1853 4877/2/1853 4878/2/1853
f 3658/2/1854 3657/2/1854 6297/2/1854 6298/2/1854
f 2887/2/1855 2886/2/1855 5526/2/1855 5527/2/1855
f 7208/2/1856 7212/2/1856 4879/2/1856 4876/2/1856
f 3659/2/1857 3658/2/1857 6298/2/1857 6299/2/1857
f 2888/2/1858 2887/2/1858 5527/2/1858 5528/2/1858
f 7212/2/1859 7213/2/1859 4880/2/1859 4879/2/1859
f 3660/2/1860 3659/2/1860 6299/2/1860 6300/2/1860
f 2889/2/1861 2888/2/1861 5528/2/1861 5529/2/1861
f 7213/2/1862 7214/2/1862 4881/2/1862 4880/2/1862
f 3661/2/1863 3660/2/1863 6300/2/1863 6301/2/1863
f 2890/2/1864 2889/2/1864 5529/2/1864 5530/2/1864
f 7214/2/1865 7215/2/1865 4882/2/1865 4881/2/1865
f 3662/2/1866 3661/2/1866 6301/2/1866 6302/2/1866
f 2891/2/1867 2890/2/1867 5530/2/1867 5531/2/1867
f 7215/2/1868 7216/2/1868 4883/2/1868 4882/2/1868
f 3663/2/1869 3662/2/1869 6302/2/1869 6303/2/1869
f 2892/2/1870 2891/2/1870 5531/2/1870 5532/2/1870
f 7216/2/1871 7217/2/1871 4148/2/1871 4883/2/1871
f 3664/2/1872 3663/2/1872 6303/2/1872 6304/2/1872
f 2893/2/1873 2892/2/1873 5532/2/1873 5533/2/1873
f 7219/2/1874 7218/2/1874 4884/2/1874 4149/2/1874
f 3665/2/1875 3664/2/1875 6304/2/1875 6305/2/1875
f 2894/2/1876 2893/2/1876 5533/2/1876 5534/2/1876
f 7221/2/1877 7220/2/1877 4885/2/1877 4886/2/1877
f 3666/2/1878 3665/2/1878 6305/2/1878 6306/2/1878
f 2895/2/1879 2894/2/1879 5534/2/1879 5535/2/1879
f 7222/2/1880 7221/2/1880 4886/2/1880 4144/2/1880
f 3667/2/1881 3666/2/1881 6306/2/1881 6307/2/1881
f 2896/2/1882 2895/2/1882 5535/2/1882 5536/2/1882
f 7224/2/1883 7223/2/1883 4145/2/1883 4150/2/1883
f 3668/2/1884 3667/2/1884 6307/2/1884 6308/2/1884
f 2897/2/1885 2896/2/1885 5536/2/1885 5537/2/1885
f 7226/2/1886 7225/2/1886 4152/2/1886 4887/2/1886
f 3669/2/1887 3668/2/1887 6308/2/1887 6309/2/1887
f 2898/2/1888 2897/2/1888 5537/2/1888 5538/2/1888
f 7227/2/1889 7226/2/1889 4887/2/1889 4888/2/1889
f 3670/2/1890 3669/2/1890 6309/2/1890 6310/2/1890
f 2899/2/1891 2898/2/1891 5538/2/1891 5539/2/1891
f 7228/2/1892 7227/2/1892 4888/2/1892 4889/2/1892
f 3671/2/1893 3670/2/1893 6310/2/1893 6311/2/1893
f 2900/2/1894 2899/2/1894 5539/2/1894 5540/2/1894
f 7218/2/1895 7228/2/1895 4889/2/1895 4884/2/1895
f 3672/2/1896 3671/2/1896 6311/2/1896 6312/2/1896
f 2901/2/1897 2900/2/1897 5540/2/1897 5541/2/1897
f 7200/2/1898 7211/2/1898 4878/2/1898 4871/2/1898
f 3673/2/1899 3672/2/1899 6312/2/1899 6313/2/1899
f 2902/2/1900 2901/2/1900 5541/2/1900 5542/2/1900
f 7230/2/1901 7229/2/1901 4146/2/1901 4890/2/1901
f 3674/2/1902 3673/2/1902 6313/2/1902 6314/2/1902
f 2903/2/1903 2902/2/1903 5542/2/1903 5543/2/1903
f 7231/2/1904 7230/2/1904 4890/2/1904 4891/2/1904
f 3675/2/1905 3674/2/1905 6314/2/1905 6315/2/1905
f 2904/2/1906 2903/2/1906 5543/2/1906 5544/2/1906
f 7233/2/1907 7232/2/1907 4892/2/1907 4147/2/1907
f 3676/2/1908 3675/2/1908 6315/2/1908 6316/2/1908
f 2905/2/1909 2904/2/1909 5544/2/1909 5545/2/1909
f 7232/2/1910 7234/2/1910 4893/2/1910 4892/2/1910
f 3677/2/1911 3676/2/1911 6316/2/1911 6317/2/1911
f 2906/2/1912 2905/2/1912 5545/2/1912 5546/2/1912
f 7234/2/1913 7235/2/1913 4894/2/1913 4893/2/1913
f 3678/2/1914 3677/2/1914 6317/2/1914 6318/2/1914
f 2907/2/1915 2906/2/1915 5546/2/1915 5547/2/1915
f 7235/2/1916 7236/2/1916 4895/2/1916 4894/2/1916
f 3679/2/1917 3678/2/1917 6318/2/1917 6319/2/1917
f 2908/2/1918 2907/2/1918 5547/2/1918 5548/2/1918
f 7236/2/1919 7237/2/1919 4896/2/1919 4895/2/1919
f 3680/2/1920 3679/2/1920 6319/2/1920 6320/2/1920
f 2909/2/1921 2908/2/1921 5548/2/1921 5549/2/1921
f 7237/2/1922 7238/2/1922 4897/2/1922 4896/2/1922
f 3681/2/1923 3680/2/1923 6320/2/1923 6321/2/1923
f 2910/2/1924 2909/2/1924 5549/2/1924 5550/2/1924
f 7238/2/1925 7239/2/1925 4898/2/1925 4897/2/1925
f 3682/2/1926 3681/2/1926 6321/2/1926 6322/2/1926
f 2911/2/1927 2910/2/1927 5550/2/1927 5551/2/1927
f 7239/2/1928 7240/2/1928 4899/2/1928 4898/2/1928
f 3683/2/1929 3682/2/1929 6322/2/1929 6323/2/1929
f 2912/2/1930 2911/2/1930 5551/2/1930 5552/2/1930
f 7242/2/1931 7241/2/1931 4900/2/1931 4901/2/1931
f 3684/2/1932 3683/2/1932 6323/2/1932 6324/2/1932
f 2913/2/1933 2912/2/1933 5552/2/1933 5553/2/1933
f 7243/2/1934 7242/2/1934 4901/2/1934 4902/2/1934
f 3685/2/1935 3684/2/1935 6324/2/1935 6325/2/1935
f 2914/2/1936 2913/2/1936 5553/2/1936 5554/2/1936
f 7244/2/1937 7243/2/1937 4902/2/1937 4155/2/1937
f 3686/2/1938 3685/2/1938 6325/2/1938 6326/2/1938
f 2915/2/1939 2914/2/1939 5554/2/1939 5555/2/1939
f 7246/2/1940 7245/2/1940 4156/2/1940 4903/2/1940
f 3687/2/1941 3686/2/1941 6326/2/1941 6327/2/1941
f 2916/2/1942 2915/2/1942 5555/2/1942 5556/2/1942
f 7247/2/1943 7246/2/1943 4903/2/1943 4904/2/1943
f 3688/2/1944 3687/2/1944 6327/2/1944 6328/2/1944
f 2917/2/1945 2916/2/1945 5556/2/1945 5557/2/1945
f 7248/2/1946 7247/2/1946 4904/2/1946 4153/2/1946
f 3689/2/1947 3688/2/1947 6328/2/1947 6329/2/1947
f 2918/2/1948 2917/2/1948 5557/2/1948 5558/2/1948
f 7250/2/1949 7249/2/1949 4154/2/1949 4905/2/1949
f 3690/2/1950 3689/2/1950 6329/2/1950 6330/2/1950
f 2919/2/1951 2918/2/1951 5558/2/1951 5559/2/1951
f 7240/2/1952 7250/2/1952 4905/2/1952 4899/2/1952
f 3691/2/1953 3690/2/1953 6330/2/1953 6331/2/1953
f 2920/2/1954 2919/2/1954 5559/2/1954 5560/2/1954
f 7220/2/1955 7231/2/1955 4891/2/1955 4885/2/1955
f 3692/2/1956 3691/2/1956 6331/2/1956 6332/2/1956
f 2921/2/1957 2920/2/1957 5560/2/1957 5561/2/1957
f 7252/2/1958 7251/2/1958 4907/2/1958 4906/2/1958
f 3693/2/1959 3692/2/1959 6332/2/1959 6333/2/1959
f 2922/2/1960 2921/2/1960 5561/2/1960 5562/2/1960
f 7253/2/1961 7252/2/1961 4906/2/1961 4908/2/1961
f 3694/2/1962 3693/2/1962 6333/2/1962 6334/2/1962
f 2923/2/1963 2922/2/1963 5562/2/1963 5563/2/1963
f 7254/2/1964 7253/2/1964 4908/2/1964 4909/2/1964
f 3695/2/1965 3694/2/1965 6334/2/1965 6335/2/1965
f 2924/2/1966 2923/2/1966 5563/2/1966 5564/2/1966
f 7251/2/1967 7255/2/1967 4910/2/1967 4907/2/1967
f 3696/2/1968 3695/2/1968 6335/2/1968 6336/2/1968
f 2925/2/1969 2924/2/1969 5564/2/1969 5565/2/1969
f 7255/2/1970 7256/2/1970 4911/2/1970 4910/2/1970
f 3697/2/1971 3696/2/1971 6336/2/1971 6337/2/1971
f 2926/2/1972 2925/2/1972 5565/2/1972 5566/2/1972
f 7256/2/1973 7257/2/1973 4912/2/1973 4911/2/1973
f 3698/2/1974 3697/2/1974 6337/2/1974 6338/2/1974
f 2927/2/1975 2926/2/1975 5566/2/1975 5567/2/1975
f 7257/2/1976 7258/2/1976 4913/2/1976 4912/2/1976
f 3699/2/1977 3698/2/1977 6338/2/1977 6339/2/1977
f 2928/2/1978 2927/2/1978 5567/2/1978 5568/2/1978
f 7258/2/1979 7259/2/1979 4914/2/1979 4913/2/1979
f 3700/2/1980 3699/2/1980 6339/2/1980 6340/2/1980
f 2929/2/1981 2928/2/1981 5568/2/1981 5569/2/1981
f 7259/2/1982 7260/2/1982 4915/2/1982 4914/2/1982
f 3701/2/1983 3700/2/1983 6340/2/1983 6341/2/1983
f 2930/2/1984 2929/2/1984 5569/2/1984 5570/2/1984
f 7260/2/1985 7261/2/1985 4916/2/1985 4915/2/1985
f 3702/2/1986 3701/2/1986 6341/2/1986 6342/2/1986
f 2931/2/1987 2930/2/1987 5570/2/1987 5571/2/1987
f 7261/2/1988 7262/2/1988 4165/2/1988 4916/2/1988
f 3703/2/1989 3702/2/1989 6342/2/1989 6343/2/1989
f 2932/2/1990 2931/2/1990 5571/2/1990 5572/2/1990
f 7264/2/1991 7263/2/1991 4917/2/1991 4918/2/1991
f 3704/2/1992 3703/2/1992 6343/2/1992 6344/2/1992
f 2933/2/1993 2932/2/1993 5572/2/1993 5573/2/1993
f 7265/2/1994 7264/2/1994 4918/2/1994 4919/2/1994
f 3705/2/1995 3704/2/1995 6344/2/1995 6345/2/1995
f 2934/2/1996 2933/2/1996 5573/2/1996 5574/2/1996
f 7266/2/1997 7265/2/1997 4919/2/1997 4920/2/1997
f 3706/2/1998 3705/2/1998 6345/2/1998 6346/2/1998
f 2935/2/1999 2934/2/1999 5574/2/1999 5575/2/1999
f 7267/2/2000 7266/2/2000 4920/2/2000 4161/2/2000
f 3707/2/2001 3706/2/2001 6346/2/2001 6347/2/2001
f 2936/2/2002 2935/2/2002 5575/2/2002 5576/2/2002
f 7269/2/2003 7268/2/2003 4163/2/2003 4157/2/2003
f 3708/2/2004 3707/2/2004 6347/2/2004 6348/2/2004
f 2937/2/2005 2936/2/2005 5576/2/2005 5577/2/2005
f 7271/2/2006 7270/2/2006 4158/2/2006 4164/2/2006
f 3709/2/2007 3708/2/2007 6348/2/2007 6349/2/2007
f 2938/2/2008 2937/2/2008 5577/2/2008 5578/2/2008
f 7241/2/2009 7254/2/2009 4909/2/2009 4900/2/2009
f 3710/2/2010 3709/2/2010 6349/2/2010 6350/2/2010
f 2939/2/2011 2938/2/2011 5578/2/2011 5579/2/2011
f 7273/2/2012 7272/2/2012 4922/2/2012 4921/2/2012
f 3711/2/2013 3710/2/2013 6350/2/2013 6351/2/2013
f 2940/2/2014 2939/2/2014 5579/2/2014 5580/2/2014
f 7274/2/2015 7273/2/2015 4921/2/2015 4923/2/2015
f 3712/2/2016 3711/2/2016 6351/2/2016 6352/2/2016
f 2941/2/2017 2940/2/2017 5580/2/2017 5581/2/2017
f 7275/2/2018 7274/2/2018 4923/2/2018 4924/2/2018
f 3713/2/2019 3712/2/2019 6352/2/2019 6353/2/2019
f 2942/2/2020 2941/2/2020 5581/2/2020 5582/2/2020
f 7272/2/2021 7276/2/2021 4167/2/2021 4922/2/2021
f 3714/2/2022 3713/2/2022 6353/2/2022 6354/2/2022
f 2943/2/2023 2942/2/2023 5582/2/2023 5583/2/2023
f 7278/2/2024 7277/2/2024 4925/2/2024 4166/2/2024
f 3715/2/2025 3714/2/2025 6354/2/2025 6355/2/2025
f 2944/2/2026 2943/2/2026 5583/2/2026 5584/2/2026
f 7277/2/2027 7279/2/2027 4926/2/2027 4925/2/2027
f 3716/2/2028 3715/2/2028 6355/2/2028 6356/2/2028
f 2945/2/2029 2944/2/2029 5584/2/2029 5585/2/2029
f 7279/2/2030 7280/2/2030 4927/2/2030 4926/2/2030
f 3717/2/2031 3716/2/2031 6356/2/2031 6357/2/2031
f 2946/2/2032 2945/2/2032 5585/2/2032 5586/2/2032
f 7280/2/2033 7281/2/2033 4159/2/2033 4927/2/2033
f 3718/2/2034 3717/2/2034 6357/2/2034 6358/2/2034
f 2947/2/2035 2946/2/2035 5586/2/2035 5587/2/2035
f 7283/2/2036 7282/2/2036 4928/2/2036 4160/2/2036
f 3719/2/2037 3718/2/2037 6358/2/2037 6359/2/2037
f 2948/2/2038 2947/2/2038 5587/2/2038 5588/2/2038
f 7285/2/2039 7284/2/2039 4929/2/2039 4930/2/2039
f 3720/2/2040 3719/2/2040 6359/2/2040 6360/2/2040
f 2949/2/2041 2948/2/2041 5588/2/2041 5589/2/2041
f 7286/2/2042 7285/2/2042 4930/2/2042 4931/2/2042
f 3721/2/2043 3720/2/2043 6360/2/2043 6361/2/2043
f 2950/2/2044 2949/2/2044 5589/2/2044 5590/2/2044
f 7287/2/2045 7286/2/2045 4931/2/2045 4168/2/2045
f 3722/2/2046 3721/2/2046 6361/2/2046 6362/2/2046
f 2951/2/2047 2950/2/2047 5590/2/2047 5591/2/2047
f 7289/2/2048 7288/2/2048 4169/2/2048 4932/2/2048
f 3723/2/2049 3722/2/2049 6362/2/2049 6363/2/2049
f 2952/2/2050 2951/2/2050 5591/2/2050 5592/2/2050
f 7290/2/2051 7289/2/2051 4932/2/2051 4170/2/2051
f 3724/2/2052 3723/2/2052 6363/2/2052 6364/2/2052
f 2953/2/2053 2952/2/2053 5592/2/2053 5593/2/2053
f 7292/2/2054 7291/2/2054 4171/2/2054 4933/2/2054
f 3725/2/2055 3724/2/2055 6364/2/2055 6365/2/2055
f 2954/2/2056 2953/2/2056 5593/2/2056 5594/2/2056
f 7293/2/2057 7292/2/2057 4933/2/2057 4934/2/2057
f 3726/2/2058 3725/2/2058 6365/2/2058 6366/2/2058
f 2955/2/2059 2954/2/2059 5594/2/2059 5595/2/2059
f 7282/2/2060 7293/2/2060 4934/2/2060 4928/2/2060
f 3727/2/2061 3726/2/2061 6366/2/2061 6367/2/2061
f 2956/2/2062 2955/2/2062 5595/2/2062 5596/2/2062
f 7263/2/2063 7275/2/2063 4924/2/2063 4917/2/2063
f 3728/2/2064 3727/2/2064 6367/2/2064 6368/2/2064
f 2957/2/2065 2956/2/2065 5596/2/2065 5597/2/2065
f 7295/2/2066 7294/2/2066 4936/2/2066 4935/2/2066
f 3729/2/2067 3728/2/2067 6368/2/2067 6369/2/2067
f 2958/2/2068 2957/2/2068 5597/2/2068 5598/2/2068
f 7296/2/2069 7295/2/2069 4935/2/2069 4937/2/2069
f 3730/2/2070 3729/2/2070 6369/2/2070 6370/2/2070
f 2959/2/2071 2958/2/2071 5598/2/2071 5599/2/2071
f 7297/2/2072 7296/2/2072 4937/2/2072 4938/2/2072
f 3731/2/2073 3730/2/2073 6370/2/2073 6371/2/2073
f 2960/2/2074 2959/2/2074 5599/2/2074 5600/2/2074
f 7294/2/2075 7298/2/2075 4939/2/2075 4936/2/2075
f 3732/2/2076 3731/2/2076 6371/2/2076 6372/2/2076
f 2961/2/2077 2960/2/2077 5600/2/2077 5601/2/2077
f 7298/2/2078 7299/2/2078 4940/2/2078 4939/2/2078
f 3733/2/2079 3732/2/2079 6372/2/2079 6373/2/2079
f 2962/2/2080 2961/2/2080 5601/2/2080 5602/2/2080
f 7299/2/2081 7300/2/2081 4172/2/2081 4940/2/2081
f 3734/2/2082 3733/2/2082 6373/2/2082 6374/2/2082
f 2963/2/2083 2962/2/2083 5602/2/2083 5603/2/2083
f 7302/2/2084 7301/2/2084 4941/2/2084 4174/2/2084
f 3735/2/2085 3734/2/2085 6374/2/2085 6375/2/2085
f 2964/2/2086 2963/2/2086 5603/2/2086 5604/2/2086
f 7301/2/2087 7303/2/2087 4942/2/2087 4941/2/2087
f 3736/2/2088 3735/2/2088 6375/2/2088 6376/2/2088
f 2965/2/2089 2964/2/2089 5604/2/2089 5605/2/2089
f 7303/2/2090 7304/2/2090 4183/2/2090 4942/2/2090
f 3737/2/2091 3736/2/2091 6376/2/2091 6377/2/2091
f 2966/2/2092 2965/2/2092 5605/2/2092 5606/2/2092
f 7306/2/2093 7305/2/2093 4176/2/2093 4943/2/2093
f 3738/2/2094 3737/2/2094 6377/2/2094 6378/2/2094
f 7307/2/2095 7306/2/2095 4943/2/2095 4177/2/2095
f 3739/2/2096 3738/2/2096 6378/2/2096 6379/2/2096
f 6803/2/2097 6807/2/2097 3969/2/2097 3968/2/2097
f 7309/2/2098 7308/2/2098 4178/2/2098 4944/2/2098
f 3740/2/2099 3739/2/2099 6379/2/2099 6380/2/2099
f 6802/2/2100 6804/2/2100 3971/2/2100 3970/2/2100
f 7310/2/2101 7309/2/2101 4944/2/2101 4179/2/2101
f 3741/2/2102 3740/2/2102 6380/2/2102 6381/2/2102
f 6808/2/2103 6843/2/2103 3972/2/2103 3973/2/2103
f 7284/2/2104 7297/2/2104 4938/2/2104 4929/2/2104
f 3742/2/2105 3741/2/2105 6381/2/2105 6382/2/2105
f 7311/2/2106 6810/2/2106 3974/2/2106 3975/2/2106
f 7313/2/2107 7312/2/2107 4193/2/2107 4945/2/2107
f 3743/2/2108 3742/2/2108 6382/2/2108 6383/2/2108
f 6811/2/2109 7311/2/2109 3975/2/2109 3976/2/2109
f 7314/2/2110 7313/2/2110 4945/2/2110 4946/2/2110
f 3744/2/2111 3743/2/2111 6383/2/2111 6384/2/2111
f 7315/2/2112 6841/2/2112 3977/2/2112 3978/2/2112
f 7317/2/2113 7316/2/2113 4196/2/2113 4194/2/2113
f 3745/2/2114 3744/2/2114 6384/2/2114 6385/2/2114
f 7318/2/2115 7315/2/2115 3978/2/2115 3979/2/2115
f 7320/2/2116 7319/2/2116 4947/2/2116 4195/2/2116
f 3746/2/2117 3745/2/2117 6385/2/2117 6386/2/2117
f 7321/2/2118 7318/2/2118 3979/2/2118 3980/2/2118
f 7319/2/2119 7322/2/2119 4184/2/2119 4947/2/2119
f 3747/2/2120 3746/2/2120 6386/2/2120 6387/2/2120
f 6833/2/2121 7321/2/2121 3980/2/2121 3981/2/2121
f 7324/2/2122 7323/2/2122 4948/2/2122 4186/2/2122
f 3748/2/2123 3747/2/2123 6387/2/2123 6388/2/2123
f 6826/2/2124 6828/2/2124 3983/2/2124 3982/2/2124
f 7323/2/2125 7325/2/2125 4198/2/2125 4948/2/2125
f 3749/2/2126 3748/2/2126 6388/2/2126 6389/2/2126
f 6837/2/2127 6835/2/2127 3984/2/2127 3985/2/2127
f 7327/2/2128 7326/2/2128 4189/2/2128 4949/2/2128
f 3750/2/2129 3749/2/2129 6389/2/2129 6390/2/2129
f 6845/2/2130 6851/2/2130 3986/2/2130 3987/2/2130
f 7328/2/2131 7327/2/2131 4949/2/2131 4190/2/2131
f 3751/2/2132 3750/2/2132 6390/2/2132 6391/2/2132
f 6870/2/2133 6868/2/2133 3988/2/2133 3989/2/2133
f 7330/2/2134 7329/2/2134 4192/2/2134 4950/2/2134
f 3752/2/2135 3751/2/2135 6391/2/2135 6392/2/2135
f 6913/2/2136 6912/2/2136 3990/2/2136 3991/2/2136
f 7331/2/2137 7330/2/2137 4950/2/2137 4951/2/2137
f 3753/2/2138 3752/2/2138 6392/2/2138 6393/2/2138
f 6921/2/2139 6923/2/2139 3993/2/2139 3992/2/2139
f 7332/2/2140 7331/2/2140 4951/2/2140 4197/2/2140
f 3754/2/2141 3753/2/2141 6393/2/2141 6394/2/2141
f 6883/2/2142 6882/2/2142 3994/2/2142 3995/2/2142
f 7333/2/2143 7314/2/2143 4946/2/2143 4175/2/2143
f 3755/2/2144 3754/2/2144 6394/2/2144 6395/2/2144
f 7334/2/2145 6908/2/2145 3996/2/2145 3997/2/2145
f 7336/2/2146 7335/2/2146 4213/2/2146 4952/2/2146
f 3756/2/2147 3755/2/2147 6395/2/2147 6396/2/2147
f 6911/2/2148 7334/2/2148 3997/2/2148 3998/2/2148
f 7337/2/2149 7336/2/2149 4952/2/2149 4953/2/2149
f 3757/2/2150 3756/2/2150 6396/2/2150 6397/2/2150
f 7338/2/2151 6929/2/2151 3999/2/2151 4000/2/2151
f 7340/2/2152 7339/2/2152 4954/2/2152 4214/2/2152
f 3758/2/2153 3757/2/2153 6397/2/2153 6398/2/2153
f 7341/2/2154 7338/2/2154 4000/2/2154 4001/2/2154
f 7339/2/2155 7342/2/2155 4955/2/2155 4954/2/2155
f 3759/2/2156 3758/2/2156 6398/2/2156 6399/2/2156
f 7343/2/2157 7341/2/2157 4001/2/2157 4002/2/2157
f 7342/2/2158 7344/2/2158 4199/2/2158 4955/2/2158
f 3760/2/2159 3759/2/2159 6399/2/2159 6400/2/2159
f 7345/2/2160 7343/2/2160 4002/2/2160 4003/2/2160
f 7347/2/2161 7346/2/2161 4956/2/2161 4200/2/2161
f 3761/2/2162 3760/2/2162 6400/2/2162 6401/2/2162
f 7348/2/2163 7345/2/2163 4003/2/2163 4004/2/2163
f 7346/2/2164 7349/2/2164 4957/2/2164 4956/2/2164
f 3762/2/2165 3761/2/2165 6401/2/2165 6402/2/2165
f 7350/2/2166 7348/2/2166 4004/2/2166 4005/2/2166
f 7349/2/2167 7351/2/2167 4958/2/2167 4957/2/2167
f 3763/2/2168 3762/2/2168 6402/2/2168 6403/2/2168
f 7352/2/2169 7350/2/2169 4005/2/2169 4006/2/2169
f 7351/2/2170 7353/2/2170 4216/2/2170 4958/2/2170
f 3764/2/2171 3763/2/2171 6403/2/2171 6404/2/2171
f 6926/2/2172 7352/2/2172 4006/2/2172 4007/2/2172
f 7355/2/2173 7354/2/2173 4209/2/2173 4959/2/2173
f 3765/2/2174 3764/2/2174 6404/2/2174 6405/2/2174
f 6945/2/2175 6944/2/2175 4008/2/2175 4009/2/2175
f 7356/2/2176 7355/2/2176 4959/2/2176 4960/2/2176
f 3766/2/2177 3765/2/2177 6405/2/2177 6406/2/2177
f 6934/2/2178 6936/2/2178 4010/2/2178 4011/2/2178
f 7357/2/2179 7356/2/2179 4960/2/2179 4961/2/2179
f 3767/2/2180 3766/2/2180 6406/2/2180 6407/2/2180
f 6939/2/2181 6941/2/2181 4013/2/2181 4012/2/2181
f 7358/2/2182 7357/2/2182 4961/2/2182 4215/2/2182
f 3768/2/2183 3767/2/2183 6407/2/2183 6408/2/2183
f 6951/2/2184 6950/2/2184 4014/2/2184 4015/2/2184
f 7359/2/2185 7337/2/2185 4953/2/2185 4187/2/2185
f 3769/2/2186 3768/2/2186 6408/2/2186 6409/2/2186
f 6958/2/2187 6960/2/2187 4017/2/2187 4016/2/2187
f 7361/2/2188 7360/2/2188 4203/2/2188 4962/2/2188
f 3770/2/2189 3769/2/2189 6409/2/2189 6410/2/2189
f 6965/2/2190 6964/2/2190 4018/2/2190 4019/2/2190
f 7363/2/2191 7362/2/2191 4963/2/2191 4202/2/2191
f 3771/2/2192 3770/2/2192 6410/2/2192 6411/2/2192
f 6973/2/2193 6954/2/2193 4021/2/2193 4020/2/2193
f 7362/2/2194 7364/2/2194 4222/2/2194 4963/2/2194
f 3772/2/2195 3771/2/2195 6411/2/2195 6412/2/2195
f 6969/2/2196 6968/2/2196 4022/2/2196 4023/2/2196
f 7366/2/2197 7365/2/2197 4964/2/2197 4223/2/2197
f 3773/2/2198 3772/2/2198 6412/2/2198 6413/2/2198
f 6972/2/2199 6971/2/2199 4024/2/2199 4025/2/2199
f 7365/2/2200 7367/2/2200 4965/2/2200 4964/2/2200
f 3774/2/2201 3773/2/2201 6413/2/2201 6414/2/2201
f 7368/2/2202 6987/2/2202 4026/2/2202 4027/2/2202
f 7367/2/2203 7369/2/2203 4210/2/2203 4965/2/2203
f 3775/2/2204 3774/2/2204 6414/2/2204 6415/2/2204
f 6988/2/2205 7368/2/2205 4027/2/2205 4028/2/2205
f 7371/2/2206 7370/2/2206 4218/2/2206 4966/2/2206
f 3776/2/2207 3775/2/2207 6415/2/2207 6416/2/2207
f 7372/2/2208 6990/2/2208 4029/2/2208 4030/2/2208
f 7373/2/2209 7371/2/2209 4966/2/2209 4224/2/2209
f 3777/2/2210 3776/2/2210 6416/2/2210 6417/2/2210
f 7374/2/2211 7372/2/2211 4030/2/2211 4031/2/2211
f 7376/2/2212 7375/2/2212 4225/2/2212 4967/2/2212
f 3778/2/2213 3777/2/2213 6417/2/2213 6418/2/2213
f 6991/2/2214 7374/2/2214 4031/2/2214 4032/2/2214
f 7377/2/2215 7376/2/2215 4967/2/2215 4219/2/2215
f 3779/2/2216 3778/2/2216 6418/2/2216 6419/2/2216
f 7007/2/2217 7006/2/2217 4033/2/2217 4034/2/2217
f 7379/2/2218 7378/2/2218 4221/2/2218 4968/2/2218
f 3780/2/2219 3779/2/2219 6419/2/2219 6420/2/2219
f 6984/2/2220 6992/2/2220 4036/2/2220 4035/2/2220
f 7380/2/2221 7379/2/2221 4968/2/2221 4212/2/2221
f 3781/2/2222 3780/2/2222 6420/2/2222 6421/2/2222
f 7381/2/2223 7008/2/2223 4037/2/2223 4038/2/2223
f 7382/2/2224 7361/2/2224 4962/2/2224 4204/2/2224
f 3782/2/2225 3781/2/2225 6421/2/2225 6422/2/2225
f 7009/2/2226 7381/2/2226 4038/2/2226 4039/2/2226
f 7384/2/2227 7383/2/2227 4969/2/2227 4254/2/2227
f 3783/2/2228 3782/2/2228 6422/2/2228 6423/2/2228
f 7004/2/2229 7013/2/2229 4040/2/2229 4041/2/2229
f 7386/2/2230 7385/2/2230 4255/2/2230 4970/2/2230
f 3784/2/2231 3783/2/2231 6423/2/2231 6424/2/2231
f 7027/2/2232 7026/2/2232 4042/2/2232 4043/2/2232
f 7383/2/2233 7387/2/2233 4226/2/2233 4969/2/2233
f 3785/2/2234 3784/2/2234 6424/2/2234 6425/2/2234
f 7021/2/2235 7388/2/2235 4045/2/2235 4044/2/2235
f 7390/2/2236 7389/2/2236 4971/2/2236 4228/2/2236
f 3786/2/2237 3785/2/2237 6425/2/2237 6426/2/2237
f 7388/2/2238 7023/2/2238 4046/2/2238 4045/2/2238
f 2967/2/2239 2966/2/2239 5606/2/2239 5607/2/2239
f 7389/2/2240 7391/2/2240 4972/2/2240 4971/2/2240
f 3787/2/2241 3786/2/2241 6426/2/2241 6427/2/2241
f 7392/2/2242 7028/2/2242 4047/2/2242 4048/2/2242
f 2968/2/2243 2967/2/2243 5607/2/2243 5608/2/2243
f 7391/2/2244 7393/2/2244 4973/2/2244 4972/2/2244
f 3788/2/2245 3787/2/2245 6427/2/2245 6428/2/2245
f 7029/2/2246 7392/2/2246 4048/2/2246 4049/2/2246
f 2969/2/2247 2968/2/2247 5608/2/2247 5609/2/2247
f 7393/2/2248 7394/2/2248 4974/2/2248 4973/2/2248
f 3789/2/2249 3788/2/2249 6428/2/2249 6429/2/2249
f 7041/2/2250 7043/2/2250 4051/2/2250 4050/2/2250
f 2970/2/2251 2969/2/2251 5609/2/2251 5610/2/2251
f 7394/2/2252 7395/2/2252 4232/2/2252 4974/2/2252
f 3790/2/2253 3789/2/2253 6429/2/2253 6430/2/2253
f 7396/2/2254 7030/2/2254 4052/2/2254 4053/2/2254
f 2971/2/2255 2970/2/2255 5610/2/2255 5611/2/2255
f 7398/2/2256 7397/2/2256 4975/2/2256 4976/2/2256
f 3791/2/2257 3790/2/2257 6430/2/2257 6431/2/2257
f 7399/2/2258 7396/2/2258 4053/2/2258 4054/2/2258
f 2972/2/2259 2971/2/2259 5611/2/2259 5612/2/2259
f 7400/2/2260 7398/2/2260 4976/2/2260 4977/2/2260
f 3792/2/2261 3791/2/2261 6431/2/2261 6432/2/2261
f 7031/2/2262 7399/2/2262 4054/2/2262 4055/2/2262
f 2973/2/2263 2972/2/2263 5612/2/2263 5613/2/2263
f 7401/2/2264 7400/2/2264 4977/2/2264 4978/2/2264
f 3793/2/2265 3792/2/2265 6432/2/2265 6433/2/2265
f 7402/2/2266 7068/2/2266 4056/2/2266 4057/2/2266
f 2974/2/2267 2973/2/2267 5613/2/2267 5614/2/2267
f 7403/2/2268 7401/2/2268 4978/2/2268 4229/2/2268
f 3794/2/2269 3793/2/2269 6433/2/2269 6434/2/2269
f 7044/2/2270 7402/2/2270 4057/2/2270 4058/2/2270
f 2975/2/2271 2974/2/2271 5614/2/2271 5615/2/2271
f 7405/2/2272 7404/2/2272 4230/2/2272 4236/2/2272
f 3795/2/2273 3794/2/2273 6434/2/2273 6435/2/2273
f 7406/2/2274 7050/2/2274 4059/2/2274 4060/2/2274
f 2976/2/2275 2975/2/2275 5615/2/2275 5616/2/2275
f 7408/2/2276 7407/2/2276 4238/2/2276 4231/2/2276
f 3796/2/2277 3795/2/2277 6435/2/2277 6436/2/2277
f 7042/2/2278 7406/2/2278 4060/2/2278 4061/2/2278
f 2977/2/2279 2976/2/2279 5616/2/2279 5617/2/2279
f 7409/2/2280 7386/2/2280 4970/2/2280 4217/2/2280
f 3797/2/2281 3796/2/2281 6436/2/2281 6437/2/2281
f 7051/2/2282 7056/2/2282 4062/2/2282 4063/2/2282
f 2978/2/2283 2977/2/2283 5617/2/2283 5618/2/2283
f 7411/2/2284 7410/2/2284 4253/2/2284 4246/2/2284
f 3798/2/2285 3797/2/2285 6437/2/2285 6438/2/2285
f 7066/2/2286 7065/2/2286 4064/2/2286 4065/2/2286
f 2979/2/2287 2978/2/2287 5618/2/2287 5619/2/2287
f 7413/2/2288 7412/2/2288 4249/2/2288 4256/2/2288
f 3799/2/2289 3798/2/2289 6438/2/2289 6439/2/2289
f 7064/2/2290 7063/2/2290 4066/2/2290 4067/2/2290
f 2980/2/2291 2979/2/2291 5619/2/2291 5620/2/2291
f 7415/2/2292 7414/2/2292 4258/2/2292 4250/2/2292
f 3800/2/2293 3799/2/2293 6439/2/2293 6440/2/2293
f 7416/2/2294 7067/2/2294 4068/2/2294 4069/2/2294
f 2981/2/2295 2980/2/2295 5620/2/2295 5621/2/2295
f 7418/2/2296 7417/2/2296 4251/2/2296 4979/2/2296
f 3801/2/2297 3800/2/2297 6440/2/2297 6441/2/2297
f 7419/2/2298 7416/2/2298 4069/2/2298 4070/2/2298
f 2982/2/2299 2981/2/2299 5621/2/2299 5622/2/2299
f 7420/2/2300 7418/2/2300 4979/2/2300 4252/2/2300
f 3802/2/2301 3801/2/2301 6441/2/2301 6442/2/2301
f 7061/2/2302 7419/2/2302 4070/2/2302 4071/2/2302
f 2983/2/2303 2982/2/2303 5622/2/2303 5623/2/2303
f 7397/2/2304 7421/2/2304 4235/2/2304 4975/2/2304
f 3803/2/2305 3802/2/2305 6442/2/2305 6443/2/2305
f 7075/2/2306 7077/2/2306 4072/2/2306 4073/2/2306
f 2984/2/2307 2983/2/2307 5623/2/2307 5624/2/2307
f 7423/2/2308 7422/2/2308 4981/2/2308 4980/2/2308
f 3804/2/2309 3803/2/2309 6443/2/2309 6444/2/2309
f 7057/2/2310 7424/2/2310 4074/2/2310 4075/2/2310
f 2985/2/2311 2984/2/2311 5624/2/2311 5625/2/2311
f 7425/2/2312 7423/2/2312 4980/2/2312 4982/2/2312
f 3805/2/2313 3804/2/2313 6444/2/2313 6445/2/2313
f 7424/2/2314 7059/2/2314 4076/2/2314 4074/2/2314
f 2986/2/2315 2985/2/2315 5625/2/2315 5626/2/2315
f 7426/2/2316 7425/2/2316 4982/2/2316 4983/2/2316
f 3806/2/2317 3805/2/2317 6445/2/2317 6446/2/2317
f 7427/2/2318 7090/2/2318 4077/2/2318 4078/2/2318
f 2987/2/2319 2986/2/2319 5626/2/2319 5627/2/2319
f 7422/2/2320 7428/2/2320 4266/2/2320 4981/2/2320
f 3807/2/2321 3806/2/2321 6446/2/2321 6447/2/2321
f 7062/2/2322 7427/2/2322 4078/2/2322 4079/2/2322
f 2988/2/2323 2987/2/2323 5627/2/2323 5628/2/2323
f 7430/2/2324 7429/2/2324 4984/2/2324 4265/2/2324
f 3808/2/2325 3807/2/2325 6447/2/2325 6448/2/2325
f 7069/2/2326 7074/2/2326 4081/2/2326 4080/2/2326
f 2989/2/2327 2988/2/2327 5628/2/2327 5629/2/2327
f 7429/2/2328 7431/2/2328 4268/2/2328 4984/2/2328
f 3809/2/2329 3808/2/2329 6448/2/2329 6449/2/2329
f 7432/2/2330 7086/2/2330 4082/2/2330 4083/2/2330
f 2990/2/2331 2989/2/2331 5629/2/2331 5630/2/2331
f 7434/2/2332 7433/2/2332 4985/2/2332 4269/2/2332
f 3810/2/2333 3809/2/2333 6449/2/2333 6450/2/2333
f 7087/2/2334 7432/2/2334 4083/2/2334 4084/2/2334
f 2991/2/2335 2990/2/2335 5630/2/2335 5631/2/2335
f 7433/2/2336 7435/2/2336 4260/2/2336 4985/2/2336
f 3811/2/2337 3810/2/2337 6450/2/2337 6451/2/2337
f 7101/2/2338 7111/2/2338 4086/2/2338 4085/2/2338
f 2992/2/2339 2991/2/2339 5631/2/2339 5632/2/2339
f 7437/2/2340 7436/2/2340 4986/2/2340 4987/2/2340
f 3812/2/2341 3811/2/2341 6451/2/2341 6452/2/2341
f 7109/2/2342 7108/2/2342 4087/2/2342 4088/2/2342
f 2993/2/2343 2992/2/2343 5632/2/2343 5633/2/2343
f 7438/2/2344 7437/2/2344 4987/2/2344 4261/2/2344
f 3813/2/2345 3812/2/2345 6452/2/2345 6453/2/2345
f 7091/2/2346 7096/2/2346 4089/2/2346 4090/2/2346
f 2994/2/2347 2993/2/2347 5633/2/2347 5634/2/2347
f 7440/2/2348 7439/2/2348 4262/2/2348 4270/2/2348
f 3814/2/2349 3813/2/2349 6453/2/2349 6454/2/2349
f 7097/2/2350 7099/2/2350 4092/2/2350 4091/2/2350
f 2995/2/2351 2994/2/2351 5634/2/2351 5635/2/2351
f 7442/2/2352 7441/2/2352 4271/2/2352 4988/2/2352
f 3815/2/2353 3814/2/2353 6454/2/2353 6455/2/2353
f 7443/2/2354 7106/2/2354 4093/2/2354 4094/2/2354
f 2996/2/2355 2995/2/2355 5635/2/2355 5636/2/2355
f 7444/2/2356 7442/2/2356 4988/2/2356 4272/2/2356
f 3816/2/2357 3815/2/2357 6455/2/2357 6456/2/2357
f 7107/2/2358 7443/2/2358 4094/2/2358 4095/2/2358
f 2997/2/2359 2996/2/2359 5636/2/2359 5637/2/2359
f 7446/2/2360 7445/2/2360 4273/2/2360 4259/2/2360
f 3817/2/2361 3816/2/2361 6456/2/2361 6457/2/2361
f 7120/2/2362 7122/2/2362 4096/2/2362 4097/2/2362
f 2998/2/2363 2997/2/2363 5637/2/2363 5638/2/2363
f 7447/2/2364 7426/2/2364 4983/2/2364 4247/2/2364
f 3818/2/2365 3817/2/2365 6457/2/2365 6458/2/2365
f 7448/2/2366 7124/2/2366 4098/2/2366 4099/2/2366
f 2999/2/2367 2998/2/2367 5638/2/2367 5639/2/2367
f 7450/2/2368 7449/2/2368 4990/2/2368 4989/2/2368
f 3819/2/2369 3818/2/2369 6458/2/2369 6459/2/2369
f 7125/2/2370 7448/2/2370 4099/2/2370 4100/2/2370
f 3000/2/2371 2999/2/2371 5639/2/2371 5640/2/2371
f 7451/2/2372 7450/2/2372 4989/2/2372 4991/2/2372
f 3820/2/2373 3819/2/2373 6459/2/2373 6460/2/2373
f 7127/2/2374 7114/2/2374 4102/2/2374 4101/2/2374
f 3001/2/2375 3000/2/2375 5640/2/2375 5641/2/2375
f 7452/2/2376 7451/2/2376 4991/2/2376 4992/2/2376
f 3821/2/2377 3820/2/2377 6460/2/2377 6461/2/2377
f 7453/2/2378 7150/2/2378 4103/2/2378 4104/2/2378
f 3002/2/2379 3001/2/2379 5641/2/2379 5642/2/2379
f 7449/2/2380 7454/2/2380 4993/2/2380 4990/2/2380
f 3822/2/2381 3821/2/2381 6461/2/2381 6462/2/2381
f 7123/2/2382 7453/2/2382 4104/2/2382 4105/2/2382
f 3003/2/2383 3002/2/2383 5642/2/2383 5643/2/2383
f 7454/2/2384 7455/2/2384 4994/2/2384 4993/2/2384
f 3823/2/2385 3822/2/2385 6462/2/2385 6463/2/2385
f 7456/2/2386 7126/2/2386 4106/2/2386 4107/2/2386
f 3004/2/2387 3003/2/2387 5643/2/2387 5644/2/2387
f 7455/2/2388 7457/2/2388 4995/2/2388 4994/2/2388
f 3824/2/2389 3823/2/2389 6463/2/2389 6464/2/2389
f 7458/2/2390 7456/2/2390 4107/2/2390 4108/2/2390
f 3005/2/2391 3004/2/2391 5644/2/2391 5645/2/2391
f 7457/2/2392 7459/2/2392 4996/2/2392 4995/2/2392
f 3825/2/2393 3824/2/2393 6464/2/2393 6465/2/2393
f 7460/2/2394 7458/2/2394 4108/2/2394 4109/2/2394
f 3006/2/2395 3005/2/2395 5645/2/2395 5646/2/2395
f 7459/2/2396 7461/2/2396 4997/2/2396 4996/2/2396
f 3826/2/2397 3825/2/2397 6465/2/2397 6466/2/2397
f 7121/2/2398 7460/2/2398 4109/2/2398 4110/2/2398
f 3007/2/2399 3006/2/2399 5646/2/2399 5647/2/2399
f 7461/2/2400 7462/2/2400 4998/2/2400 4997/2/2400
f 3827/2/2401 3826/2/2401 6466/2/2401 6467/2/2401
f 7147/2/2402 7146/2/2402 4111/2/2402 4112/2/2402
f 3008/2/2403 3007/2/2403 5647/2/2403 5648/2/2403
f 7462/2/2404 7463/2/2404 4276/2/2404 4998/2/2404
f 3828/2/2405 3827/2/2405 6467/2/2405 6468/2/2405
f 7464/2/2406 7154/2/2406 4114/2/2406 4113/2/2406
f 3009/2/2407 3008/2/2407 5648/2/2407 5649/2/2407
f 7466/2/2408 7465/2/2408 4999/2/2408 4278/2/2408
f 3829/2/2409 3828/2/2409 6468/2/2409 6469/2/2409
f 7151/2/2410 7464/2/2410 4113/2/2410 4115/2/2410
f 3010/2/2411 3009/2/2411 5649/2/2411 5650/2/2411
f 7468/2/2412 7467/2/2412 4279/2/2412 4274/2/2412
f 3830/2/2413 3829/2/2413 6469/2/2413 6470/2/2413
f 7144/2/2414 7143/2/2414 4116/2/2414 4117/2/2414
f 3011/2/2415 3010/2/2415 5650/2/2415 5651/2/2415
f 7470/2/2416 7469/2/2416 4275/2/2416 5000/2/2416
f 3831/2/2417 3830/2/2417 6470/2/2417 6471/2/2417
f 7153/2/2418 7156/2/2418 4118/2/2418 4119/2/2418
f 3012/2/2419 3011/2/2419 5651/2/2419 5652/2/2419
f 7471/2/2420 7470/2/2420 5000/2/2420 5001/2/2420
f 3832/2/2421 3831/2/2421 6471/2/2421 6472/2/2421
f 7472/2/2422 7165/2/2422 4120/2/2422 4121/2/2422
f 3013/2/2423 3012/2/2423 5652/2/2423 5653/2/2423
f 7473/2/2424 7471/2/2424 5001/2/2424 5002/2/2424
f 3833/2/2425 3832/2/2425 6472/2/2425 6473/2/2425
f 7166/2/2426 7472/2/2426 4121/2/2426 4122/2/2426
f 3014/2/2427 3013/2/2427 5653/2/2427 5654/2/2427
f 7474/2/2428 7473/2/2428 5002/2/2428 4263/2/2428
f 3834/2/2429 3833/2/2429 6473/2/2429 6474/2/2429
f 7128/2/2430 7132/2/2430 4124/2/2430 4123/2/2430
f 3015/2/2431 3014/2/2431 5654/2/2431 5655/2/2431
f 7476/2/2432 7475/2/2432 4264/2/2432 4277/2/2432
f 3835/2/2433 3834/2/2433 6474/2/2433 6475/2/2433
f 7155/2/2434 7477/2/2434 4126/2/2434 4125/2/2434
f 3016/2/2435 3015/2/2435 5655/2/2435 5656/2/2435
f 7436/2/2436 7452/2/2436 4992/2/2436 4986/2/2436
f 3836/2/2437 3835/2/2437 6475/2/2437 6476/2/2437
f 7477/2/2438 7158/2/2438 4127/2/2438 4126/2/2438
f 3017/2/2439 3016/2/2439 5656/2/2439 5657/2/2439
f 7479/2/2440 7478/2/2440 5003/2/2440 4286/2/2440
f 3837/2/2441 3836/2/2441 6476/2/2441 6477/2/2441
f 7172/2/2442 7171/2/2442 4129/2/2442 4128/2/2442
f 3018/2/2443 3017/2/2443 5657/2/2443 5658/2/2443
f 7478/2/2444 7480/2/2444 5004/2/2444 5003/2/2444
f 3838/2/2445 3837/2/2445 6477/2/2445 6478/2/2445
f 7481/2/2446 7184/2/2446 4130/2/2446 4131/2/2446
f 3019/2/2447 3018/2/2447 5658/2/2447 5659/2/2447
f 7480/2/2448 7482/2/2448 5005/2/2448 5004/2/2448
f 3839/2/2449 3838/2/2449 6478/2/2449 6479/2/2449
f 7483/2/2450 7481/2/2450 4131/2/2450 4132/2/2450
f 3020/2/2451 3019/2/2451 5659/2/2451 5660/2/2451
f 7482/2/2452 7484/2/2452 5006/2/2452 5005/2/2452
f 3840/2/2453 3839/2/2453 6479/2/2453 6480/2/2453
f 7485/2/2454 7483/2/2454 4132/2/2454 4133/2/2454
f 3021/2/2455 3020/2/2455 5660/2/2455 5661/2/2455
f 7484/2/2456 7486/2/2456 5007/2/2456 5006/2/2456
f 3841/2/2457 3840/2/2457 6480/2/2457 6481/2/2457
f 7487/2/2458 7485/2/2458 4133/2/2458 4134/2/2458
f 3022/2/2459 3021/2/2459 5661/2/2459 5662/2/2459
f 7486/2/2460 7488/2/2460 5008/2/2460 5007/2/2460
f 3842/2/2461 3841/2/2461 6481/2/2461 6482/2/2461
f 7185/2/2462 7487/2/2462 4134/2/2462 4135/2/2462
f 3023/2/2463 3022/2/2463 5662/2/2463 5663/2/2463
f 7488/2/2464 7489/2/2464 5009/2/2464 5008/2/2464
f 3843/2/2465 3842/2/2465 6482/2/2465 6483/2/2465
f 7203/2/2466 7202/2/2466 4136/2/2466 4137/2/2466
f 3024/2/2467 3023/2/2467 5663/2/2467 5664/2/2467
f 7489/2/2468 7490/2/2468 4280/2/2468 5009/2/2468
f 3844/2/2469 3843/2/2469 6483/2/2469 6484/2/2469
f 7182/2/2470 7191/2/2470 4139/2/2470 4138/2/2470
f 3025/2/2471 3024/2/2471 5664/2/2471 5665/2/2471
f 7492/2/2472 7491/2/2472 4283/2/2472 5010/2/2472
f 3845/2/2473 3844/2/2473 6484/2/2473 6485/2/2473
f 7493/2/2474 7206/2/2474 4140/2/2474 4141/2/2474
f 3026/2/2475 3025/2/2475 5665/2/2475 5666/2/2475
f 7494/2/2476 7492/2/2476 5010/2/2476 5011/2/2476
f 3846/2/2477 3845/2/2477 6485/2/2477 6486/2/2477
f 7495/2/2478 7493/2/2478 4141/2/2478 4142/2/2478
f 3027/2/2479 3026/2/2479 5666/2/2479 5667/2/2479
f 7496/2/2480 7494/2/2480 5011/2/2480 5012/2/2480
f 3847/2/2481 3846/2/2481 6486/2/2481 6487/2/2481
f 7207/2/2482 7495/2/2482 4142/2/2482 4143/2/2482
f 3028/2/2483 3027/2/2483 5667/2/2483 5668/2/2483
f 7497/2/2484 7496/2/2484 5012/2/2484 5013/2/2484
f 3848/2/2485 3847/2/2485 6487/2/2485 6488/2/2485
f 7223/2/2486 7222/2/2486 4144/2/2486 4145/2/2486
f 3029/2/2487 3028/2/2487 5668/2/2487 5669/2/2487
f 7498/2/2488 7497/2/2488 5013/2/2488 5014/2/2488
f 3849/2/2489 3848/2/2489 6488/2/2489 6489/2/2489
f 7229/2/2490 7233/2/2490 4147/2/2490 4146/2/2490
f 3030/2/2491 3029/2/2491 5669/2/2491 5670/2/2491
f 7499/2/2492 7498/2/2492 5014/2/2492 5015/2/2492
f 3850/2/2493 3849/2/2493 6489/2/2493 6490/2/2493
f 7217/2/2494 7219/2/2494 4149/2/2494 4148/2/2494
f 3031/2/2495 3030/2/2495 5670/2/2495 5671/2/2495
f 7500/2/2496 7499/2/2496 5015/2/2496 4287/2/2496
f 3851/2/2497 3850/2/2497 6490/2/2497 6491/2/2497
f 7501/2/2498 7224/2/2498 4150/2/2498 4151/2/2498
f 3032/2/2499 3031/2/2499 5671/2/2499 5672/2/2499
f 7503/2/2500 7502/2/2500 4288/2/2500 4281/2/2500
f 3852/2/2501 3851/2/2501 6491/2/2501 6492/2/2501
f 7225/2/2502 7501/2/2502 4151/2/2502 4152/2/2502
f 3033/2/2503 3032/2/2503 5672/2/2503 5673/2/2503
f 7465/2/2504 7504/2/2504 4284/2/2504 4999/2/2504
f 3853/2/2505 3852/2/2505 6492/2/2505 6493/2/2505
f 7249/2/2506 7248/2/2506 4153/2/2506 4154/2/2506
f 3034/2/2507 3033/2/2507 5673/2/2507 5674/2/2507
f 7506/2/2508 7505/2/2508 4290/2/2508 5016/2/2508
f 3854/2/2509 3853/2/2509 6493/2/2509 6494/2/2509
f 7245/2/2510 7244/2/2510 4155/2/2510 4156/2/2510
f 3035/2/2511 3034/2/2511 5674/2/2511 5675/2/2511
f 7507/2/2512 7506/2/2512 5016/2/2512 5017/2/2512
f 3855/2/2513 3854/2/2513 6494/2/2513 6495/2/2513
f 7270/2/2514 7269/2/2514 4157/2/2514 4158/2/2514
f 3036/2/2515 3035/2/2515 5675/2/2515 5676/2/2515
f 7508/2/2516 7507/2/2516 5017/2/2516 5018/2/2516
f 3856/2/2517 3855/2/2517 6495/2/2517 6496/2/2517
f 7281/2/2518 7283/2/2518 4160/2/2518 4159/2/2518
f 3037/2/2519 3036/2/2519 5676/2/2519 5677/2/2519
f 7510/2/2520 7509/2/2520 5019/2/2520 4291/2/2520
f 3857/2/2521 3856/2/2521 6496/2/2521 6497/2/2521
f 7511/2/2522 7267/2/2522 4161/2/2522 4162/2/2522
f 3038/2/2523 3037/2/2523 5677/2/2523 5678/2/2523
f 7509/2/2524 7512/2/2524 5020/2/2524 5019/2/2524
f 3858/2/2525 3857/2/2525 6497/2/2525 6498/2/2525
f 7268/2/2526 7511/2/2526 4162/2/2526 4163/2/2526
f 3039/2/2527 3038/2/2527 5678/2/2527 5679/2/2527
f 7512/2/2528 7513/2/2528 5021/2/2528 5020/2/2528
f 3859/2/2529 3858/2/2529 6498/2/2529 6499/2/2529
f 7262/2/2530 7271/2/2530 4164/2/2530 4165/2/2530
f 3040/2/2531 3039/2/2531 5679/2/2531 5680/2/2531
f 7513/2/2532 7514/2/2532 5022/2/2532 5021/2/2532
f 3860/2/2533 3859/2/2533 6499/2/2533 6500/2/2533
f 7276/2/2534 7278/2/2534 4166/2/2534 4167/2/2534
f 3041/2/2535 3040/2/2535 5680/2/2535 5681/2/2535
f 7514/2/2536 7515/2/2536 5023/2/2536 5022/2/2536
f 3861/2/2537 3860/2/2537 6500/2/2537 6501/2/2537
f 7288/2/2538 7287/2/2538 4168/2/2538 4169/2/2538
f 3042/2/2539 3041/2/2539 5681/2/2539 5682/2/2539
f 7515/2/2540 7516/2/2540 5024/2/2540 5023/2/2540
f 3862/2/2541 3861/2/2541 6501/2/2541 6502/2/2541
f 7291/2/2542 7290/2/2542 4170/2/2542 4171/2/2542
f 3043/2/2543 3042/2/2543 5682/2/2543 5683/2/2543
f 7518/2/2544 7517/2/2544 4295/2/2544 4298/2/2544
f 3863/2/2545 3862/2/2545 6502/2/2545 6503/2/2545
f 7300/2/2546 7519/2/2546 4173/2/2546 4172/2/2546
f 3044/2/2547 3043/2/2547 5683/2/2547 5684/2/2547
f 7521/2/2548 7520/2/2548 4299/2/2548 5025/2/2548
f 3864/2/2549 3863/2/2549 6503/2/2549 6504/2/2549
f 7519/2/2550 7302/2/2550 4174/2/2550 4173/2/2550
f 3045/2/2551 3044/2/2551 5684/2/2551 5685/2/2551
f 7522/2/2552 7521/2/2552 5025/2/2552 5026/2/2552
f 3865/2/2553 3864/2/2553 6504/2/2553 6505/2/2553
f 7305/2/2554 7333/2/2554 4175/2/2554 4176/2/2554
f 3046/2/2555 3045/2/2555 5685/2/2555 5686/2/2555
f 7523/2/2556 7522/2/2556 5026/2/2556 4296/2/2556
f 3866/2/2557 3865/2/2557 6505/2/2557 6506/2/2557
f 7308/2/2558 7307/2/2558 4177/2/2558 4178/2/2558
f 3047/2/2559 3046/2/2559 5686/2/2559 5687/2/2559
f 7516/2/2560 7524/2/2560 4297/2/2560 5024/2/2560
f 3867/2/2561 3866/2/2561 6506/2/2561 6507/2/2561
f 7525/2/2562 7310/2/2562 4179/2/2562 4180/2/2562
f 3048/2/2563 3047/2/2563 5687/2/2563 5688/2/2563
f 7526/2/2564 7508/2/2564 5018/2/2564 4282/2/2564
f 3868/2/2565 3867/2/2565 6507/2/2565 6508/2/2565
f 7527/2/2566 7525/2/2566 4180/2/2566 4181/2/2566
f 3049/2/2567 3048/2/2567 5688/2/2567 5689/2/2567
f 7529/2/2568 7528/2/2568 5028/2/2568 5027/2/2568
f 3869/2/2569 3868/2/2569 6508/2/2569 6509/2/2569
f 7530/2/2570 7527/2/2570 4181/2/2570 4182/2/2570
f 3050/2/2571 3049/2/2571 5689/2/2571 5690/2/2571
f 7531/2/2572 7529/2/2572 5027/2/2572 5029/2/2572
f 3870/2/2573 3869/2/2573 6509/2/2573 6510/2/2573
f 7304/2/2574 7530/2/2574 4182/2/2574 4183/2/2574
f 3051/2/2575 3050/2/2575 5690/2/2575 5691/2/2575
f 7532/2/2576 7531/2/2576 5029/2/2576 5030/2/2576
f 3871/2/2577 3870/2/2577 6510/2/2577 6511/2/2577
f 7322/2/2578 7533/2/2578 4185/2/2578 4184/2/2578
f 3052/2/2579 3051/2/2579 5691/2/2579 5692/2/2579
f 7528/2/2580 7534/2/2580 4311/2/2580 5028/2/2580
f 3872/2/2581 3871/2/2581 6511/2/2581 6512/2/2581
f 7533/2/2582 7324/2/2582 4186/2/2582 4185/2/2582
f 3053/2/2583 3052/2/2583 5692/2/2583 5693/2/2583
f 7536/2/2584 7535/2/2584 5031/2/2584 4312/2/2584
f 3873/2/2585 3872/2/2585 6512/2/2585 6513/2/2585
f 7537/2/2586 7359/2/2586 4187/2/2586 4188/2/2586
f 3054/2/2587 3053/2/2587 5693/2/2587 5694/2/2587
f 7535/2/2588 7538/2/2588 5032/2/2588 5031/2/2588
f 3874/2/2589 3873/2/2589 6513/2/2589 6514/2/2589
f 7326/2/2590 7537/2/2590 4188/2/2590 4189/2/2590
f 3055/2/2591 3054/2/2591 5694/2/2591 5695/2/2591
f 7538/2/2592 7539/2/2592 4314/2/2592 5032/2/2592
f 3875/2/2593 3874/2/2593 6514/2/2593 6515/2/2593
f 7540/2/2594 7328/2/2594 4190/2/2594 4191/2/2594
f 3056/2/2595 3055/2/2595 5695/2/2595 5696/2/2595
f 7542/2/2596 7541/2/2596 4300/2/2596 4313/2/2596
f 3876/2/2597 3875/2/2597 6515/2/2597 6516/2/2597
f 7329/2/2598 7540/2/2598 4191/2/2598 4192/2/2598
f 3057/2/2599 3056/2/2599 5696/2/2599 5697/2/2599
f 7544/2/2600 7543/2/2600 5033/2/2600 4302/2/2600
f 3877/2/2601 3876/2/2601 6516/2/2601 6517/2/2601
f 7312/2/2602 7317/2/2602 4194/2/2602 4193/2/2602
f 3058/2/2603 3057/2/2603 5697/2/2603 5698/2/2603
f 7545/2/2604 7532/2/2604 5030/2/2604 4292/2/2604
f 3878/2/2605 3877/2/2605 6517/2/2605 6518/2/2605
f 7316/2/2606 7320/2/2606 4195/2/2606 4196/2/2606
f 3059/2/2607 3058/2/2607 5698/2/2607 5699/2/2607
f 7547/2/2608 7546/2/2608 5035/2/2608 5034/2/2608
f 3879/2/2609 3878/2/2609 6518/2/2609 6519/2/2609
f 7325/2/2610 7332/2/2610 4197/2/2610 4198/2/2610
f 3060/2/2611 3059/2/2611 5699/2/2611 5700/2/2611
f 7548/2/2612 7547/2/2612 5034/2/2612 4318/2/2612
f 3880/2/2613 3879/2/2613 6519/2/2613 6520/2/2613
f 7344/2/2614 7347/2/2614 4200/2/2614 4199/2/2614
f 3061/2/2615 3060/2/2615 5700/2/2615 5701/2/2615
f 7546/2/2616 7549/2/2616 5036/2/2616 5035/2/2616
f 3881/2/2617 3880/2/2617 6520/2/2617 6521/2/2617
f 7550/2/2618 7363/2/2618 4202/2/2618 4201/2/2618
f 3062/2/2619 3061/2/2619 5701/2/2619 5702/2/2619
f 7549/2/2620 7551/2/2620 5037/2/2620 5036/2/2620
f 3882/2/2621 3881/2/2621 6521/2/2621 6522/2/2621
f 7360/2/2622 7550/2/2622 4201/2/2622 4203/2/2622
f 3063/2/2623 3062/2/2623 5702/2/2623 5703/2/2623
f 7551/2/2624 7552/2/2624 4327/2/2624 5037/2/2624
f 3883/2/2625 3882/2/2625 6522/2/2625 6523/2/2625
f 7553/2/2626 7382/2/2626 4204/2/2626 4205/2/2626
f 3064/2/2627 3063/2/2627 5703/2/2627 5704/2/2627
f 7555/2/2628 7554/2/2628 4320/2/2628 4328/2/2628
f 3884/2/2629 3883/2/2629 6523/2/2629 6524/2/2629
f 7556/2/2630 7553/2/2630 4205/2/2630 4206/2/2630
f 3065/2/2631 3064/2/2631 5704/2/2631 5705/2/2631
f 7558/2/2632 7557/2/2632 5038/2/2632 4321/2/2632
f 3885/2/2633 3884/2/2633 6524/2/2633 6525/2/2633
f 7559/2/2634 7556/2/2634 4206/2/2634 4207/2/2634
f 3066/2/2635 3065/2/2635 5705/2/2635 5706/2/2635
f 7557/2/2636 7560/2/2636 5039/2/2636 5038/2/2636
f 3886/2/2637 3885/2/2637 6525/2/2637 6526/2/2637
f 7561/2/2638 7559/2/2638 4207/2/2638 4208/2/2638
f 3067/2/2639 3066/2/2639 5706/2/2639 5707/2/2639
f 7563/2/2640 7562/2/2640 5040/2/2640 5041/2/2640
f 3887/2/2641 3886/2/2641 6526/2/2641 6527/2/2641
f 7354/2/2642 7561/2/2642 4208/2/2642 4209/2/2642
f 3068/2/2643 3067/2/2643 5707/2/2643 5708/2/2643
f 7564/2/2644 7563/2/2644 5041/2/2644 4315/2/2644
f 3888/2/2645 3887/2/2645 6527/2/2645 6528/2/2645
f 7369/2/2646 7565/2/2646 4211/2/2646 4210/2/2646
f 3069/2/2647 3068/2/2647 5708/2/2647 5709/2/2647
f 7567/2/2648 7566/2/2648 4317/2/2648 4322/2/2648
f 3889/2/2649 3888/2/2649 6528/2/2649 6529/2/2649
f 7565/2/2650 7380/2/2650 4212/2/2650 4211/2/2650
f 3070/2/2651 3069/2/2651 5709/2/2651 5710/2/2651
f 7560/2/2652 7568/2/2652 4326/2/2652 5039/2/2652
f 3890/2/2653 3889/2/2653 6529/2/2653 6530/2/2653
f 7335/2/2654 7340/2/2654 4214/2/2654 4213/2/2654
f 3071/2/2655 3070/2/2655 5710/2/2655 5711/2/2655
f 7543/2/2656 7569/2/2656 4319/2/2656 5033/2/2656
f 3891/2/2657 3890/2/2657 6530/2/2657 6531/2/2657
f 7353/2/2658 7358/2/2658 4215/2/2658 4216/2/2658
f 3072/2/2659 3071/2/2659 5711/2/2659 5712/2/2659
f 7571/2/2660 7570/2/2660 5043/2/2660 5042/2/2660
f 3892/2/2661 3891/2/2661 6531/2/2661 6532/2/2661
f 7370/2/2662 7409/2/2662 4217/2/2662 4218/2/2662
f 3073/2/2663 3072/2/2663 5712/2/2663 5713/2/2663
f 7572/2/2664 7571/2/2664 5042/2/2664 5044/2/2664
f 3893/2/2665 3892/2/2665 6532/2/2665 6533/2/2665
f 7573/2/2666 7377/2/2666 4219/2/2666 4220/2/2666
f 3074/2/2667 3073/2/2667 5713/2/2667 5714/2/2667
f 7574/2/2668 7572/2/2668 5044/2/2668 5045/2/2668
f 3894/2/2669 3893/2/2669 6533/2/2669 6534/2/2669
f 7378/2/2670 7573/2/2670 4220/2/2670 4221/2/2670
f 3075/2/2671 3074/2/2671 5714/2/2671 5715/2/2671
f 7570/2/2672 7575/2/2672 5046/2/2672 5043/2/2672
f 3895/2/2673 3894/2/2673 6534/2/2673 6535/2/2673
f 7364/2/2674 7366/2/2674 4223/2/2674 4222/2/2674
f 3076/2/2675 3075/2/2675 5715/2/2675 5716/2/2675
f 7575/2/2676 7576/2/2676 5047/2/2676 5046/2/2676
f 3896/2/2677 3895/2/2677 6535/2/2677 6536/2/2677
f 7375/2/2678 7373/2/2678 4224/2/2678 4225/2/2678
f 3077/2/2679 3076/2/2679 5716/2/2679 5717/2/2679
f 7576/2/2680 7577/2/2680 5048/2/2680 5047/2/2680
f 3897/2/2681 3896/2/2681 6536/2/2681 6537/2/2681
f 7387/2/2682 7578/2/2682 4227/2/2682 4226/2/2682
f 3078/2/2683 3077/2/2683 5717/2/2683 5718/2/2683
f 7577/2/2684 7579/2/2684 4342/2/2684 5048/2/2684
f 3898/2/2685 3897/2/2685 6537/2/2685 6538/2/2685
f 7578/2/2686 7390/2/2686 4228/2/2686 4227/2/2686
f 3079/2/2687 3078/2/2687 5718/2/2687 5719/2/2687
f 7581/2/2688 7580/2/2688 5049/2/2688 4341/2/2688
f 3899/2/2689 3898/2/2689 6538/2/2689 6539/2/2689
f 7404/2/2690 7403/2/2690 4229/2/2690 4230/2/2690
f 3080/2/2691 3079/2/2691 5719/2/2691 5720/2/2691
f 7580/2/2692 7582/2/2692 5050/2/2692 5049/2/2692
f 3900/2/2693 3899/2/2693 6539/2/2693 6540/2/2693
f 7395/2/2694 7408/2/2694 4231/2/2694 4232/2/2694
f 3081/2/2695 3080/2/2695 5720/2/2695 5721/2/2695
f 7582/2/2696 7583/2/2696 5051/2/2696 5050/2/2696
f 3901/2/2697 3900/2/2697 6540/2/2697 6541/2/2697
f 7585/2/2698 7584/2/2698 4233/2/2698 4234/2/2698
f 3082/2/2699 3081/2/2699 5721/2/2699 5722/2/2699
f 7587/2/2700 7586/2/2700 5052/2/2700 4329/2/2700
f 3902/2/2701 3901/2/2701 6541/2/2701 6542/2/2701
f 7421/2/2702 7585/2/2702 4234/2/2702 4235/2/2702
f 3083/2/2703 3082/2/2703 5722/2/2703 5723/2/2703
f 7589/2/2704 7588/2/2704 4330/2/2704 5053/2/2704
f 3903/2/2705 3902/2/2705 6542/2/2705 6543/2/2705
f 7590/2/2706 7405/2/2706 4236/2/2706 4237/2/2706
f 3084/2/2707 3083/2/2707 5723/2/2707 5724/2/2707
f 7591/2/2708 7589/2/2708 5053/2/2708 5054/2/2708
f 3904/2/2709 3903/2/2709 6543/2/2709 6544/2/2709
f 7407/2/2710 7590/2/2710 4237/2/2710 4238/2/2710
f 3085/2/2711 3084/2/2711 5724/2/2711 5725/2/2711
f 7592/2/2712 7591/2/2712 5054/2/2712 4343/2/2712
f 3905/2/2713 3904/2/2713 6544/2/2713 6545/2/2713
f 7584/2/2714 7593/2/2714 4239/2/2714 4233/2/2714
f 3086/2/2715 3085/2/2715 5725/2/2715 5726/2/2715
f 7595/2/2716 7594/2/2716 4344/2/2716 4331/2/2716
f 3906/2/2717 3905/2/2717 6545/2/2717 6546/2/2717
f 7593/2/2718 7596/2/2718 4240/2/2718 4239/2/2718
f 3087/2/2719 3086/2/2719 5726/2/2719 5727/2/2719
f 7598/2/2720 7597/2/2720 4332/2/2720 5055/2/2720
f 3907/2/2721 3906/2/2721 6546/2/2721 6547/2/2721
f 7596/2/2722 7599/2/2722 4241/2/2722 4240/2/2722
f 3088/2/2723 3087/2/2723 5727/2/2723 5728/2/2723
f 7583/2/2724 7598/2/2724 5055/2/2724 5051/2/2724
f 3908/2/2725 3907/2/2725 6547/2/2725 6548/2/2725
f 7599/2/2726 7600/2/2726 4242/2/2726 4241/2/2726
f 3089/2/2727 3088/2/2727 5728/2/2727 5729/2/2727
f 7562/2/2728 7574/2/2728 5045/2/2728 5040/2/2728
f 3909/2/2729 3908/2/2729 6548/2/2729 6549/2/2729
f 7600/2/2730 7601/2/2730 4243/2/2730 4242/2/2730
f 3090/2/2731 3089/2/2731 5729/2/2731 5730/2/2731
f 7603/2/2732 7602/2/2732 4334/2/2732 5056/2/2732
f 3910/2/2733 3909/2/2733 6549/2/2733 6550/2/2733
f 7601/2/2734 7604/2/2734 4244/2/2734 4243/2/2734
f 3091/2/2735 3090/2/2735 5730/2/2735 5731/2/2735
f 7605/2/2736 7603/2/2736 5056/2/2736 5057/2/2736
f 3911/2/2737 3910/2/2737 6550/2/2737 6551/2/2737
f 7604/2/2738 7606/2/2738 4245/2/2738 4244/2/2738
f 3092/2/2739 3091/2/2739 5731/2/2739 5732/2/2739
f 7607/2/2740 7605/2/2740 5057/2/2740 5058/2/2740
f 3912/2/2741 3911/2/2741 6551/2/2741 6552/2/2741
f 7606/2/2742 7411/2/2742 4246/2/2742 4245/2/2742
f 3093/2/2743 3092/2/2743 5732/2/2743 5733/2/2743
f 7609/2/2744 7608/2/2744 4345/2/2744 4333/2/2744
f 3913/2/2745 3912/2/2745 6552/2/2745 6553/2/2745
f 7610/2/2746 7447/2/2746 4247/2/2746 4248/2/2746
f 3094/2/2747 3093/2/2747 5733/2/2747 5734/2/2747
f 7612/2/2748 7611/2/2748 5059/2/2748 4346/2/2748
f 3914/2/2749 3913/2/2749 6553/2/2749 6554/2/2749
f 7412/2/2750 7610/2/2750 4248/2/2750 4249/2/2750
f 3095/2/2751 3094/2/2751 5734/2/2751 5735/2/2751
f 7611/2/2752 7613/2/2752 5060/2/2752 5059/2/2752
f 3915/2/2753 3914/2/2753 6554/2/2753 6555/2/2753
f 7417/2/2754 7415/2/2754 4250/2/2754 4251/2/2754
f 3096/2/2755 3095/2/2755 5735/2/2755 5736/2/2755
f 7613/2/2756 7614/2/2756 5061/2/2756 5060/2/2756
f 3916/2/2757 3915/2/2757 6555/2/2757 6556/2/2757
f 7410/2/2758 7420/2/2758 4252/2/2758 4253/2/2758
f 3097/2/2759 3096/2/2759 5736/2/2759 5737/2/2759
f 7614/2/2760 7615/2/2760 5062/2/2760 5061/2/2760
f 3917/2/2761 3916/2/2761 6556/2/2761 6557/2/2761
f 7385/2/2762 7384/2/2762 4254/2/2762 4255/2/2762
f 3098/2/2763 3097/2/2763 5737/2/2763 5738/2/2763
f 7615/2/2764 7616/2/2764 4349/2/2764 5062/2/2764
f 3918/2/2765 3917/2/2765 6557/2/2765 6558/2/2765
f 7617/2/2766 7413/2/2766 4256/2/2766 4257/2/2766
f 3099/2/2767 3098/2/2767 5738/2/2767 5739/2/2767
f 7619/2/2768 7618/2/2768 4336/2/2768 5063/2/2768
f 3919/2/2769 3918/2/2769 6558/2/2769 6559/2/2769
f 7414/2/2770 7617/2/2770 4257/2/2770 4258/2/2770
f 3100/2/2771 3099/2/2771 5739/2/2771 5740/2/2771
f 7620/2/2772 7619/2/2772 5063/2/2772 5064/2/2772
f 3920/2/2773 3919/2/2773 6559/2/2773 6560/2/2773
f 7435/2/2774 7446/2/2774 4259/2/2774 4260/2/2774
f 3101/2/2775 3100/2/2775 5740/2/2775 5741/2/2775
f 7621/2/2776 7620/2/2776 5064/2/2776 4337/2/2776
f 3921/2/2777 3920/2/2777 6560/2/2777 6561/2/2777
f 7439/2/2778 7438/2/2778 4261/2/2778 4262/2/2778
f 3102/2/2779 3101/2/2779 5741/2/2779 5742/2/2779
f 7623/2/2780 7622/2/2780 4340/2/2780 4347/2/2780
f 3922/2/2781 3921/2/2781 6561/2/2781 6562/2/2781
f 7475/2/2782 7474/2/2782 4263/2/2782 4264/2/2782
f 3103/2/2783 3102/2/2783 5742/2/2783 5743/2/2783
f 7586/2/2784 7607/2/2784 5058/2/2784 5052/2/2784
f 3923/2/2785 3922/2/2785 6562/2/2785 6563/2/2785
f 7428/2/2786 7430/2/2786 4265/2/2786 4266/2/2786
f 3104/2/2787 3103/2/2787 5743/2/2787 5744/2/2787
f 7625/2/2788 7624/2/2788 5065/2/2788 4359/2/2788
f 3924/2/2789 3923/2/2789 6563/2/2789 6564/2/2789
f 7431/2/2790 7626/2/2790 4267/2/2790 4268/2/2790
f 3105/2/2791 3104/2/2791 5744/2/2791 5745/2/2791
f 7628/2/2792 7627/2/2792 4360/2/2792 5066/2/2792
f 3925/2/2793 3924/2/2793 6564/2/2793 6565/2/2793
f 7626/2/2794 7434/2/2794 4269/2/2794 4267/2/2794
f 3106/2/2795 3105/2/2795 5745/2/2795 5746/2/2795
f 7624/2/2796 7629/2/2796 5067/2/2796 5065/2/2796
f 3926/2/2797 3925/2/2797 6565/2/2797 6566/2/2797
f 7441/2/2798 7440/2/2798 4270/2/2798 4271/2/2798
f 3107/2/2799 3106/2/2799 5746/2/2799 5747/2/2799
f 7629/2/2800 7630/2/2800 4351/2/2800 5067/2/2800
f 3927/2/2801 3926/2/2801 6566/2/2801 6567/2/2801
f 7445/2/2802 7444/2/2802 4272/2/2802 4273/2/2802
f 3108/2/2803 3107/2/2803 5747/2/2803 5748/2/2803
f 7632/2/2804 7631/2/2804 5068/2/2804 4350/2/2804
f 3928/2/2805 3927/2/2805 6567/2/2805 6568/2/2805
f 7469/2/2806 7468/2/2806 4274/2/2806 4275/2/2806
f 3109/2/2807 3108/2/2807 5748/2/2807 5749/2/2807
f 7631/2/2808 7633/2/2808 5069/2/2808 5068/2/2808
f 3929/2/2809 3928/2/2809 6568/2/2809 6569/2/2809
f 7463/2/2810 7476/2/2810 4277/2/2810 4276/2/2810
f 3110/2/2811 3109/2/2811 5749/2/2811 5750/2/2811
f 7633/2/2812 7634/2/2812 5070/2/2812 5069/2/2812
f 3930/2/2813 3929/2/2813 6569/2/2813 6570/2/2813
f 7467/2/2814 7466/2/2814 4278/2/2814 4279/2/2814
f 3111/2/2815 3110/2/2815 5750/2/2815 5751/2/2815
f 7634/2/2816 7635/2/2816 5071/2/2816 5070/2/2816
f 3931/2/2817 3930/2/2817 6570/2/2817 6571/2/2817
f 7490/2/2818 7503/2/2818 4281/2/2818 4280/2/2818
f 3112/2/2819 3111/2/2819 5751/2/2819 5752/2/2819
f 7635/2/2820 7636/2/2820 4358/2/2820 5071/2/2820
f 3932/2/2821 3931/2/2821 6571/2/2821 6572/2/2821
f 7491/2/2822 7526/2/2822 4282/2/2822 4283/2/2822
f 3113/2/2823 3112/2/2823 5752/2/2823 5753/2/2823
f 7638/2/2824 7637/2/2824 4353/2/2824 4361/2/2824
f 3933/2/2825 3932/2/2825 6572/2/2825 6573/2/2825
f 7504/2/2826 7639/2/2826 4285/2/2826 4284/2/2826
f 3114/2/2827 3113/2/2827 5753/2/2827 5754/2/2827
f 7641/2/2828 7640/2/2828 4363/2/2828 4354/2/2828
f 3934/2/2829 3933/2/2829 6573/2/2829 6574/2/2829
f 7639/2/2830 7479/2/2830 4286/2/2830 4285/2/2830
f 3115/2/2831 3114/2/2831 5754/2/2831 5755/2/2831
f 7643/2/2832 7642/2/2832 4355/2/2832 5072/2/2832
f 3935/2/2833 3934/2/2833 6574/2/2833 6575/2/2833
f 7502/2/2834 7500/2/2834 4287/2/2834 4288/2/2834
f 3116/2/2835 3115/2/2835 5755/2/2835 5756/2/2835
f 7644/2/2836 7643/2/2836 5072/2/2836 4356/2/2836
f 3936/2/2837 3935/2/2837 6575/2/2837 6576/2/2837
f 7505/2/2838 7645/2/2838 4289/2/2838 4290/2/2838
f 3117/2/2839 3116/2/2839 5756/2/2839 5757/2/2839
f 7646/2/2840 7628/2/2840 5066/2/2840 4335/2/2840
f 3937/2/2841 3936/2/2841 6576/2/2841 6577/2/2841
f 7645/2/2842 7510/2/2842 4291/2/2842 4289/2/2842
f 3118/2/2843 3117/2/2843 5757/2/2843 5758/2/2843
f 7648/2/2844 7647/2/2844 4365/2/2844 5073/2/2844
f 3938/2/2845 3937/2/2845 6577/2/2845 6578/2/2845
f 7649/2/2846 7545/2/2846 4292/2/2846 4293/2/2846
f 3119/2/2847 3118/2/2847 5758/2/2847 5759/2/2847
f 7650/2/2848 7648/2/2848 5073/2/2848 5074/2/2848
f 3939/2/2849 3938/2/2849 6578/2/2849 6579/2/2849
f 7651/2/2850 7649/2/2850 4293/2/2850 4294/2/2850
f 3120/2/2851 3119/2/2851 5759/2/2851 5760/2/2851
f 7653/2/2852 7652/2/2852 5075/2/2852 4372/2/2852
f 3940/2/2853 3939/2/2853 6579/2/2853 6580/2/2853
f 7517/2/2854 7651/2/2854 4294/2/2854 4295/2/2854
f 3121/2/2855 3120/2/2855 5760/2/2855 5761/2/2855
f 7655/2/2856 7654/2/2856 5076/2/2856 4373/2/2856
f 3941/2/2857 3940/2/2857 6580/2/2857 6581/2/2857
f 7524/2/2858 7523/2/2858 4296/2/2858 4297/2/2858
f 3122/2/2859 3121/2/2859 5761/2/2859 5762/2/2859
f 7657/2/2860 7656/2/2860 4377/2/2860 5077/2/2860
f 3942/2/2861 3941/2/2861 6581/2/2861 6582/2/2861
f 7520/2/2862 7518/2/2862 4298/2/2862 4299/2/2862
f 3123/2/2863 3122/2/2863 5762/2/2863 5763/2/2863
f 7658/2/2864 7657/2/2864 5077/2/2864 5078/2/2864
f 3943/2/2865 3942/2/2865 6582/2/2865 6583/2/2865
f 7541/2/2866 7659/2/2866 4301/2/2866 4300/2/2866
f 3124/2/2867 3123/2/2867 5763/2/2867 5764/2/2867
f 7660/2/2868 7658/2/2868 5078/2/2868 4380/2/2868
f 3944/2/2869 3943/2/2869 6583/2/2869 6584/2/2869
f 7661/2/2870 7544/2/2870 4302/2/2870 4303/2/2870
f 3125/2/2871 3124/2/2871 5764/2/2871 5765/2/2871
f 7652/2/2872 7662/2/2872 4381/2/2872 5075/2/2872
f 3945/2/2873 3944/2/2873 6584/2/2873 6585/2/2873
f 7663/2/2874 7661/2/2874 4303/2/2874 4304/2/2874
f 3126/2/2875 3125/2/2875 5765/2/2875 5766/2/2875
f 7664/2/2876 7650/2/2876 5074/2/2876 4352/2/2876
f 3946/2/2877 3945/2/2877 6585/2/2877 6586/2/2877
f 7665/2/2878 7663/2/2878 4304/2/2878 4305/2/2878
f 3127/2/2879 3126/2/2879 5766/2/2879 5767/2/2879
f 7667/2/2880 7666/2/2880 5079/2/2880 4378/2/2880
f 3947/2/2881 3946/2/2881 6586/2/2881 6587/2/2881
f 7668/2/2882 7665/2/2882 4305/2/2882 4306/2/2882
f 3128/2/2883 3127/2/2883 5767/2/2883 5768/2/2883
f 7670/2/2884 7669/2/2884 4379/2/2884 5080/2/2884
f 3948/2/2885 3947/2/2885 6587/2/2885 6588/2/2885
f 7671/2/2886 7668/2/2886 4306/2/2886 4307/2/2886
f 3129/2/2887 3128/2/2887 5768/2/2887 5769/2/2887
f 7666/2/2888 7672/2/2888 4383/2/2888 5079/2/2888
f 3949/2/2889 3948/2/2889 6588/2/2889 6589/2/2889
f 7673/2/2890 7671/2/2890 4307/2/2890 4308/2/2890
f 3130/2/2891 3129/2/2891 5769/2/2891 5770/2/2891
f 7675/2/2892 7674/2/2892 5081/2/2892 4382/2/2892
f 3950/2/2893 3949/2/2893 6589/2/2893 6590/2/2893
f 7676/2/2894 7673/2/2894 4308/2/2894 4309/2/2894
f 3131/2/2895 3130/2/2895 5770/2/2895 5771/2/2895
f 7674/2/2896 7677/2/2896 5082/2/2896 5081/2/2896
f 3951/2/2897 3950/2/2897 6590/2/2897 6591/2/2897
f 7678/2/2898 7676/2/2898 4309/2/2898 4310/2/2898
f 3132/2/2899 3131/2/2899 5771/2/2899 5772/2/2899
f 7677/2/2900 7679/2/2900 5083/2/2900 5082/2/2900
f 3952/2/2901 3951/2/2901 6591/2/2901 6592/2/2901
f 7659/2/2902 7678/2/2902 4310/2/2902 4301/2/2902
f 3133/2/2903 3132/2/2903 5772/2/2903 5773/2/2903
f 7679/2/2904 7680/2/2904 5084/2/2904 5083/2/2904
f 3953/2/2905 3952/2/2905 6592/2/2905 6593/2/2905
f 7534/2/2906 7536/2/2906 4312/2/2906 4311/2/2906
f 3134/2/2907 3133/2/2907 5773/2/2907 5774/2/2907
f 7680/2/2908 7681/2/2908 5085/2/2908 5084/2/2908
f 3954/2/2909 3953/2/2909 6593/2/2909 6594/2/2909
f 7539/2/2910 7542/2/2910 4313/2/2910 4314/2/2910
f 3135/2/2911 3134/2/2911 5774/2/2911 5775/2/2911
f 7681/2/2912 7682/2/2912 4385/2/2912 5085/2/2912
f 3955/2/2913 3954/2/2913 6594/2/2913 6595/2/2913
f 7683/2/2914 7564/2/2914 4315/2/2914 4316/2/2914
f 3136/2/2915 3135/2/2915 5775/2/2915 5776/2/2915
f 7685/2/2916 7684/2/2916 4393/2/2916 5086/2/2916
f 3956/2/2917 3955/2/2917 6595/2/2917 6596/2/2917
f 7566/2/2918 7683/2/2918 4316/2/2918 4317/2/2918
f 3137/2/2919 3136/2/2919 5776/2/2919 5777/2/2919
f 7686/2/2920 7685/2/2920 5086/2/2920 5087/2/2920
f 3957/2/2921 3956/2/2921 6596/2/2921 6597/2/2921
f 7569/2/2922 7548/2/2922 4318/2/2922 4319/2/2922
f 3138/2/2923 3137/2/2923 5777/2/2923 5778/2/2923
f 7687/2/2924 7686/2/2924 5087/2/2924 5088/2/2924
f 3958/2/2925 3957/2/2925 6597/2/2925 6598/2/2925
f 7554/2/2926 7558/2/2926 4321/2/2926 4320/2/2926
f 3139/2/2927 3138/2/2927 5778/2/2927 5779/2/2927
f 7688/2/2928 7687/2/2928 5088/2/2928 4384/2/2928
f 3959/2/2929 3958/2/2929 6598/2/2929 6599/2/2929
f 7689/2/2930 7567/2/2930 4322/2/2930 4323/2/2930
f 3140/2/2931 3139/2/2931 5779/2/2931 5780/2/2931
f 7654/2/2932 7670/2/2932 5080/2/2932 5076/2/2932
f 3960/2/2933 3959/2/2933 6599/2/2933 6600/2/2933
f 7690/2/2934 7689/2/2934 4323/2/2934 4324/2/2934
f 3141/2/2935 3140/2/2935 5780/2/2935 5781/2/2935
f 7692/2/2936 7691/2/2936 5090/2/2936 5089/2/2936
f 3961/2/2937 3960/2/2937 6600/2/2937 6601/2/2937
f 7693/2/2938 7690/2/2938 4324/2/2938 4325/2/2938
f 3142/2/2939 3141/2/2939 5781/2/2939 5782/2/2939
f 7694/2/2940 7692/2/2940 5089/2/2940 5091/2/2940
f 3962/2/2941 3961/2/2941 6601/2/2941 6602/2/2941
f 7568/2/2942 7693/2/2942 4325/2/2942 4326/2/2942
f 3143/2/2943 3142/2/2943 5782/2/2943 5783/2/2943
f 7695/2/2944 7694/2/2944 5091/2/2944 5092/2/2944
f 3963/2/2945 3962/2/2945 6602/2/2945 6603/2/2945
f 7552/2/2946 7555/2/2946 4328/2/2946 4327/2/2946
f 3144/2/2947 3143/2/2947 5783/2/2947 5784/2/2947
f 7691/2/2948 7696/2/2948 5093/2/2948 5090/2/2948
f 3964/2/2949 3963/2/2949 6603/2/2949 6604/2/2949
f 7588/2/2950 7587/2/2950 4329/2/2950 4330/2/2950
f 3145/2/2951 3144/2/2951 5784/2/2951 5785/2/2951
f 7696/2/2952 7697/2/2952 4386/2/2952 5093/2/2952
f 3965/2/2953 3964/2/2953 6604/2/2953 6605/2/2953
f 7597/2/2954 7595/2/2954 4331/2/2954 4332/2/2954
f 3146/2/2955 3145/2/2955 5785/2/2955 5786/2/2955
f 7699/2/2956 7698/2/2956 4394/2/2956 4387/2/2956
f 3966/2/2957 3965/2/2957 6605/2/2957 6606/2/2957
f 7602/2/2958 7609/2/2958 4333/2/2958 4334/2/2958
f 3147/2/2959 3146/2/2959 5786/2/2959 5787/2/2959
f 7701/2/2960 7700/2/2960 5094/2/2960 4395/2/2960
f 3967/2/2961 3966/2/2961 6606/2/2961 6607/2/2961
f 7618/2/2962 7646/2/2962 4335/2/2962 4336/2/2962
f 3148/2/2963 3147/2/2963 5787/2/2963 5788/2/2963
f 7700/2/2964 7702/2/2964 5095/2/2964 5094/2/2964
f 2648/2/2965 3967/2/2965 6607/2/2965 5289/2/2965
f 7703/2/2966 7621/2/2966 4337/2/2966 4338/2/2966
f 3149/2/2967 3148/2/2967 5788/2/2967 5789/2/2967
f 7702/2/2968 7704/2/2968 4405/2/2968 5095/2/2968
f 7705/2/2969 7703/2/2969 4338/2/2969 4339/2/2969
f 3150/2/2970 3149/2/2970 5789/2/2970 5790/2/2970
f 7707/2/2971 7706/2/2971 4397/2/2971 4402/2/2971
f 7622/2/2972 7705/2/2972 4339/2/2972 4340/2/2972
f 3151/2/2973 3150/2/2973 5790/2/2973 5791/2/2973
f 7709/2/2974 7708/2/2974 4403/2/2974 4398/2/2974
f 7579/2/2975 7581/2/2975 4341/2/2975 4342/2/2975
f 3152/2/2976 3151/2/2976 5791/2/2976 5792/2/2976
f 7711/2/2977 7710/2/2977 4399/2/2977 5096/2/2977
f 7594/2/2978 7592/2/2978 4343/2/2978 4344/2/2978
f 3153/2/2979 3152/2/2979 5792/2/2979 5793/2/2979
f 7712/2/2980 7711/2/2980 5096/2/2980 5097/2/2980
f 7608/2/2981 7612/2/2981 4346/2/2981 4345/2/2981
f 3154/2/2982 3153/2/2982 5793/2/2982 5794/2/2982
f 7713/2/2983 7712/2/2983 5097/2/2983 5098/2/2983
f 7714/2/2984 7623/2/2984 4347/2/2984 4348/2/2984
f 3155/2/2985 3154/2/2985 5794/2/2985 5795/2/2985
f 7715/2/2986 7713/2/2986 5098/2/2986 4404/2/2986
f 7616/2/2987 7714/2/2987 4348/2/2987 4349/2/2987
f 3156/2/2988 3155/2/2988 5795/2/2988 5796/2/2988
f 7716/2/2989 7695/2/2989 5092/2/2989 4388/2/2989
f 7630/2/2990 7632/2/2990 4350/2/2990 4351/2/2990
f 3157/2/2991 3156/2/2991 5796/2/2991 5797/2/2991
f 7718/2/2992 7717/2/2992 5100/2/2992 5099/2/2992
f 7637/2/2993 7664/2/2993 4352/2/2993 4353/2/2993
f 3158/2/2994 3157/2/2994 5797/2/2994 5798/2/2994
f 7719/2/2995 7718/2/2995 5099/2/2995 4401/2/2995
f 7642/2/2996 7641/2/2996 4354/2/2996 4355/2/2996
f 3159/2/2997 3158/2/2997 5798/2/2997 5799/2/2997
f 7717/2/2998 7720/2/2998 5101/2/2998 5100/2/2998
f 7721/2/2999 7644/2/2999 4356/2/2999 4357/2/2999
f 3160/2/3000 3159/2/3000 5799/2/3000 5800/2/3000
f 7720/2/3001 7722/2/3001 5102/2/3001 5101/2/3001
f 7636/2/3002 7721/2/3002 4357/2/3002 4358/2/3002
f 3161/2/3003 3160/2/3003 5800/2/3003 5801/2/3003
f 7722/2/3004 7723/2/3004 5103/2/3004 5102/2/3004
f 7627/2/3005 7625/2/3005 4359/2/3005 4360/2/3005
f 3162/2/3006 3161/2/3006 5801/2/3006 5802/2/3006
f 7723/2/3007 7724/2/3007 5104/2/3007 5103/2/3007
f 7725/2/3008 7638/2/3008 4361/2/3008 4362/2/3008
f 3163/2/3009 3162/2/3009 5802/2/3009 5803/2/3009
f 7724/2/3010 7726/2/3010 5105/2/3010 5104/2/3010
f 7640/2/3011 7725/2/3011 4362/2/3011 4363/2/3011
f 3164/2/3012 3163/2/3012 5803/2/3012 5804/2/3012
f 7726/2/3013 7727/2/3013 4421/2/3013 5105/2/3013
f 7647/2/3014 7728/2/3014 4364/2/3014 4365/2/3014
f 3165/2/3015 3164/2/3015 5804/2/3015 5805/2/3015
f 7730/2/3016 7729/2/3016 5106/2/3016 4420/2/3016
f 7728/2/3017 7731/2/3017 4366/2/3017 4364/2/3017
f 3166/2/3018 3165/2/3018 5805/2/3018 5806/2/3018
f 7733/2/3019 7732/2/3019 5107/2/3019 5108/2/3019
f 7731/2/3020 7734/2/3020 4367/2/3020 4366/2/3020
f 3167/2/3021 3166/2/3021 5806/2/3021 5807/2/3021
f 7735/2/3022 7733/2/3022 5108/2/3022 5109/2/3022
f 7734/2/3023 7736/2/3023 4368/2/3023 4367/2/3023
f 3168/2/3024 3167/2/3024 5807/2/3024 5808/2/3024
f 7737/2/3025 7735/2/3025 5109/2/3025 4410/2/3025
f 7736/2/3026 7738/2/3026 4369/2/3026 4368/2/3026
f 3169/2/3027 3168/2/3027 5808/2/3027 5809/2/3027
f 7740/2/3028 7739/2/3028 4411/2/3028 4406/2/3028
f 7738/2/3029 7741/2/3029 4370/2/3029 4369/2/3029
f 3170/2/3030 3169/2/3030 5809/2/3030 5810/2/3030
f 7743/2/3031 7742/2/3031 4407/2/3031 5110/2/3031
f 7741/2/3032 7744/2/3032 4371/2/3032 4370/2/3032
f 3171/2/3033 3170/2/3033 5810/2/3033 5811/2/3033
f 7745/2/3034 7743/2/3034 5110/2/3034 5111/2/3034
f 7744/2/3035 7653/2/3035 4372/2/3035 4371/2/3035
f 3172/2/3036 3171/2/3036 5811/2/3036 5812/2/3036
f 7746/2/3037 7745/2/3037 5111/2/3037 5112/2/3037
f 7747/2/3038 7655/2/3038 4373/2/3038 4374/2/3038
f 3173/2/3039 3172/2/3039 5812/2/3039 5813/2/3039
f 7729/2/3040 7746/2/3040 5112/2/3040 5106/2/3040
f 7748/2/3041 7747/2/3041 4374/2/3041 4375/2/3041
f 3174/2/3042 3173/2/3042 5813/2/3042 5814/2/3042
f 7750/2/3043 7749/2/3043 4400/2/3043 4396/2/3043
f 7751/2/3044 7748/2/3044 4375/2/3044 4376/2/3044
f 3175/2/3045 3174/2/3045 5814/2/3045 5815/2/3045
f 7753/2/3046 7752/2/3046 4408/2/3046 5113/2/3046
f 7656/2/3047 7751/2/3047 4376/2/3047 4377/2/3047
f 3176/2/3048 3175/2/3048 5815/2/3048 5816/2/3048
f 7754/2/3049 7753/2/3049 5113/2/3049 5114/2/3049
f 7669/2/3050 7667/2/3050 4378/2/3050 4379/2/3050
f 3177/2/3051 3176/2/3051 5816/2/3051 5817/2/3051
f 7756/2/3052 7755/2/3052 5115/2/3052 4409/2/3052
f 7662/2/3053 7660/2/3053 4380/2/3053 4381/2/3053
f 3178/2/3054 3177/2/3054 5817/2/3054 5818/2/3054
f 7755/2/3055 7757/2/3055 4423/2/3055 5115/2/3055
f 7672/2/3056 7675/2/3056 4382/2/3056 4383/2/3056
f 3179/2/3057 3178/2/3057 5818/2/3057 5819/2/3057
f 7759/2/3058 7758/2/3058 4413/2/3058 4422/2/3058
f 7682/2/3059 7688/2/3059 4384/2/3059 4385/2/3059
f 3180/2/3060 3179/2/3060 5819/2/3060 5820/2/3060
f 7761/2/3061 7760/2/3061 4414/2/3061 4412/2/3061
f 7697/2/3062 7699/2/3062 4387/2/3062 4386/2/3062
f 3181/2/3063 3180/2/3063 5820/2/3063 5821/2/3063
f 7763/2/3064 7762/2/3064 5116/2/3064 4424/2/3064
f 7764/2/3065 7716/2/3065 4388/2/3065 4389/2/3065
f 3182/2/3066 3181/2/3066 5821/2/3066 5822/2/3066
f 7766/2/3067 7765/2/3067 4426/2/3067 5117/2/3067
f 7767/2/3068 7764/2/3068 4389/2/3068 4390/2/3068
f 3183/2/3069 3182/2/3069 5822/2/3069 5823/2/3069
f 7768/2/3070 7766/2/3070 5117/2/3070 5118/2/3070
f 7769/2/3071 7767/2/3071 4390/2/3071 4391/2/3071
f 3184/2/3072 3183/2/3072 5823/2/3072 5824/2/3072
f 7770/2/3073 7768/2/3073 5118/2/3073 5119/2/3073
f 7771/2/3074 7769/2/3074 4391/2/3074 4392/2/3074
f 3185/2/3075 3184/2/3075 5824/2/3075 5825/2/3075
f 7772/2/3076 7770/2/3076 5119/2/3076 4417/2/3076
f 7684/2/3077 7771/2/3077 4392/2/3077 4393/2/3077
f 3186/2/3078 3185/2/3078 5825/2/3078 5826/2/3078
f 7732/2/3079 7754/2/3079 5114/2/3079 5107/2/3079
f 7698/2/3080 7701/2/3080 4395/2/3080 4394/2/3080
f 3187/2/3081 3186/2/3081 5826/2/3081 5827/2/3081
f 7774/2/3082 7773/2/3082 5121/2/3082 5120/2/3082
f 7706/2/3083 7750/2/3083 4396/2/3083 4397/2/3083
f 3188/2/3084 3187/2/3084 5827/2/3084 5828/2/3084
f 7775/2/3085 7774/2/3085 5120/2/3085 5122/2/3085
f 7710/2/3086 7709/2/3086 4398/2/3086 4399/2/3086
f 3189/2/3087 3188/2/3087 5828/2/3087 5829/2/3087
f 7776/2/3088 7775/2/3088 5122/2/3088 5123/2/3088
f 7749/2/3089 7719/2/3089 4401/2/3089 4400/2/3089
f 3190/2/3090 3189/2/3090 5829/2/3090 5830/2/3090
f 7773/2/3091 7777/2/3091 5124/2/3091 5121/2/3091
f 7708/2/3092 7707/2/3092 4402/2/3092 4403/2/3092
f 3191/2/3093 3190/2/3093 5830/2/3093 5831/2/3093
f 7777/2/3094 7778/2/3094 5125/2/3094 5124/2/3094
f 7704/2/3095 7715/2/3095 4404/2/3095 4405/2/3095
f 3192/2/3096 3191/2/3096 5831/2/3096 5832/2/3096
f 7778/2/3097 7779/2/3097 4431/2/3097 5125/2/3097
f 7742/2/3098 7740/2/3098 4406/2/3098 4407/2/3098
f 3193/2/3099 3192/2/3099 5832/2/3099 5833/2/3099
f 7781/2/3100 7780/2/3100 5126/2/3100 4432/2/3100
f 7752/2/3101 7756/2/3101 4409/2/3101 4408/2/3101
f 3194/2/3102 3193/2/3102 5833/2/3102 5834/2/3102
f 7780/2/3103 7782/2/3103 5127/2/3103 5126/2/3103
f 7739/2/3104 7737/2/3104 4410/2/3104 4411/2/3104
f 3195/2/3105 3194/2/3105 5834/2/3105 5835/2/3105
f 7782/2/3106 7783/2/3106 4440/2/3106 5127/2/3106
f 7758/2/3107 7761/2/3107 4412/2/3107 4413/2/3107
f 3196/2/3108 3195/2/3108 5835/2/3108 5836/2/3108
f 7785/2/3109 7784/2/3109 4429/2/3109 5128/2/3109
f 7760/2/3110 7786/2/3110 4415/2/3110 4414/2/3110
f 3197/2/3111 3196/2/3111 5836/2/3111 5837/2/3111
f 7787/2/3112 7785/2/3112 5128/2/3112 5129/2/3112
f 7786/2/3113 7788/2/3113 4416/2/3113 4415/2/3113
f 3198/2/3114 3197/2/3114 5837/2/3114 5838/2/3114
f 7789/2/3115 7787/2/3115 5129/2/3115 4435/2/3115
f 7790/2/3116 7772/2/3116 4417/2/3116 4418/2/3116
f 3199/2/3117 3198/2/3117 5838/2/3117 5839/2/3117
f 7762/2/3118 7776/2/3118 5123/2/3118 5116/2/3118
f 7791/2/3119 7790/2/3119 4418/2/3119 4419/2/3119
f 3200/2/3120 3199/2/3120 5839/2/3120 5840/2/3120
f 7793/2/3121 7792/2/3121 4448/2/3121 4434/2/3121
f 7788/2/3122 7791/2/3122 4419/2/3122 4416/2/3122
f 3201/2/3123 3200/2/3123 5840/2/3123 5841/2/3123
f 7795/2/3124 7794/2/3124 4441/2/3124 4447/2/3124
f 7727/2/3125 7730/2/3125 4420/2/3125 4421/2/3125
f 3202/2/3126 3201/2/3126 5841/2/3126 5842/2/3126
f 7797/2/3127 7796/2/3127 4444/2/3127 4442/2/3127
f 7757/2/3128 7759/2/3128 4422/2/3128 4423/2/3128
f 3203/2/3129 3202/2/3129 5842/2/3129 5843/2/3129
f 7799/2/3130 7798/2/3130 5130/2/3130 4446/2/3130
f 7800/2/3131 7763/2/3131 4424/2/3131 4425/2/3131
f 3204/2/3132 3203/2/3132 5843/2/3132 5844/2/3132
f 7798/2/3133 7801/2/3133 4457/2/3133 5130/2/3133
f 7765/2/3134 7800/2/3134 4425/2/3134 4426/2/3134
f 3205/2/3135 3204/2/3135 5844/2/3135 5845/2/3135
f 7803/2/3136 7802/2/3136 5131/2/3136 4449/2/3136
f 7805/2/3137 7804/2/3137 4427/2/3137 4428/2/3137
f 3206/2/3138 3205/2/3138 5845/2/3138 5846/2/3138
f 7807/2/3139 7806/2/3139 4452/2/3139 5132/2/3139
f 7784/2/3140 7805/2/3140 4428/2/3140 4429/2/3140
f 3207/2/3141 3206/2/3141 5846/2/3141 5847/2/3141
f 7808/2/3142 7807/2/3142 5132/2/3142 4453/2/3142
f 7779/2/3143 7809/2/3143 4430/2/3143 4431/2/3143
f 3208/2/3144 3207/2/3144 5847/2/3144 5848/2/3144
f 7804/2/3145 7810/2/3145 4433/2/3145 4427/2/3145
f 7809/2/3146 7781/2/3146 4432/2/3146 4430/2/3146
f 3209/2/3147 3208/2/3147 5848/2/3147 5849/2/3147
f 7812/2/3148 7811/2/3148 5134/2/3148 5133/2/3148
f 7810/2/3149 7793/2/3149 4434/2/3149 4433/2/3149
f 3210/2/3150 3209/2/3150 5849/2/3150 5850/2/3150
f 7813/2/3151 7812/2/3151 5133/2/3151 5135/2/3151
f 7814/2/3152 7789/2/3152 4435/2/3152 4436/2/3152
f 3211/2/3153 3210/2/3153 5850/2/3153 5851/2/3153
f 7815/2/3154 7813/2/3154 5135/2/3154 5136/2/3154
f 7816/2/3155 7814/2/3155 4436/2/3155 4437/2/3155
f 3212/2/3156 3211/2/3156 5851/2/3156 5852/2/3156
f 7811/2/3157 7817/2/3157 5137/2/3157 5134/2/3157
f 7818/2/3158 7816/2/3158 4437/2/3158 4438/2/3158
f 3213/2/3159 3212/2/3159 5852/2/3159 5853/2/3159
f 7817/2/3160 7819/2/3160 5138/2/3160 5137/2/3160
f 7820/2/3161 7818/2/3161 4438/2/3161 4439/2/3161
f 3214/2/3162 3213/2/3162 5853/2/3162 5854/2/3162
f 7819/2/3163 7821/2/3163 5139/2/3163 5138/2/3163
f 7783/2/3164 7820/2/3164 4439/2/3164 4440/2/3164
f 3215/2/3165 3214/2/3165 5854/2/3165 5855/2/3165
f 7821/2/3166 7822/2/3166 5140/2/3166 5139/2/3166
f 7794/2/3167 7797/2/3167 4442/2/3167 4441/2/3167
f 3216/2/3168 3215/2/3168 5855/2/3168 5856/2/3168
f 7822/2/3169 7823/2/3169 4459/2/3169 5140/2/3169
f 7796/2/3170 7824/2/3170 4443/2/3170 4444/2/3170
f 3217/2/3171 3216/2/3171 5856/2/3171 5857/2/3171
f 7826/2/3172 7825/2/3172 5141/2/3172 4458/2/3172
f 7824/2/3173 7827/2/3173 4445/2/3173 4443/2/3173
f 3218/2/3174 3217/2/3174 5857/2/3174 5858/2/3174
f 7825/2/3175 7828/2/3175 5142/2/3175 5141/2/3175
f 7827/2/3176 7799/2/3176 4446/2/3176 4445/2/3176
f 3219/2/3177 3218/2/3177 5858/2/3177 5859/2/3177
f 7830/2/3178 7829/2/3178 5143/2/3178 5144/2/3178
f 7792/2/3179 7795/2/3179 4447/2/3179 4448/2/3179
f 3220/2/3180 3219/2/3180 5859/2/3180 5860/2/3180
f 7831/2/3181 7830/2/3181 5144/2/3181 5145/2/3181
f 7832/2/3182 7803/2/3182 4449/2/3182 4450/2/3182
f 3221/2/3183 3220/2/3183 5860/2/3183 5861/2/3183
f 7833/2/3184 7831/2/3184 5145/2/3184 4460/2/3184
f 7834/2/3185 7832/2/3185 4450/2/3185 4451/2/3185
f 3222/2/3186 3221/2/3186 5861/2/3186 5862/2/3186
f 7836/2/3187 7835/2/3187 4462/2/3187 5146/2/3187
f 7806/2/3188 7834/2/3188 4451/2/3188 4452/2/3188
f 3223/2/3189 3222/2/3189 5862/2/3189 5863/2/3189
f 7837/2/3190 7836/2/3190 5146/2/3190 5147/2/3190
f 7838/2/3191 7808/2/3191 4453/2/3191 4454/2/3191
f 3224/2/3192 3223/2/3192 5863/2/3192 5864/2/3192
f 7839/2/3193 7837/2/3193 5147/2/3193 4463/2/3193
f 7840/2/3194 7838/2/3194 4454/2/3194 4455/2/3194
f 3225/2/3195 3224/2/3195 5864/2/3195 5865/2/3195
f 7828/2/3196 7841/2/3196 4464/2/3196 5142/2/3196
f 7842/2/3197 7840/2/3197 4455/2/3197 4456/2/3197
f 3226/2/3198 3225/2/3198 5865/2/3198 5866/2/3198
f 7802/2/3199 7815/2/3199 5136/2/3199 5131/2/3199
f 7801/2/3200 7842/2/3200 4456/2/3200 4457/2/3200
f 3227/2/3201 3226/2/3201 5866/2/3201 5867/2/3201
f 7844/2/3202 7843/2/3202 5148/2/3202 4468/2/3202
f 7823/2/3203 7826/2/3203 4458/2/3203 4459/2/3203
f 3228/2/3204 3227/2/3204 5867/2/3204 5868/2/3204
f 7846/2/3205 7845/2/3205 4467/2/3205 5149/2/3205
f 7847/2/3206 7833/2/3206 4460/2/3206 4461/2/3206
f 3229/2/3207 3228/2/3207 5868/2/3207 5869/2/3207
f 7843/2/3208 7848/2/3208 5150/2/3208 5148/2/3208
f 7835/2/3209 7847/2/3209 4461/2/3209 4462/2/3209
f 3230/2/3210 3229/2/3210 5869/2/3210 5870/2/3210
f 7848/2/3211 7849/2/3211 5151/2/3211 5150/2/3211
f 7841/2/3212 7839/2/3212 4463/2/3212 4464/2/3212
f 3231/2/3213 3230/2/3213 5870/2/3213 5871/2/3213
f 7849/2/3214 7850/2/3214 4465/2/3214 5151/2/3214
f 7850/2/3215 7851/2/3215 4466/2/3215 4465/2/3215
f 3232/2/3216 3231/2/3216 5871/2/3216 5872/2/3216
f 7851/2/3217 7852/2/3217 5152/2/3217 4466/2/3217
f 7845/2/3218 7844/2/3218 4468/2/3218 4467/2/3218
f 3233/2/3219 3232/2/3219 5872/2/3219 5873/2/3219
f 7852/2/3220 7853/2/3220 5153/2/3220 5152/2/3220
f 7855/2/3221 7854/2/3221 4469/2/3221 4470/2/3221
f 3234/2/3222 3233/2/3222 5873/2/3222 5874/2/3222
f 7853/2/3223 7856/2/3223 5154/2/3223 5153/2/3223
f 7857/2/3224 7855/2/3224 4470/2/3224 4471/2/3224
f 3235/2/3225 3234/2/3225 5874/2/3225 5875/2/3225
f 7856/2/3226 7858/2/3226 5155/2/3226 5154/2/3226
f 7859/2/3227 7857/2/3227 4471/2/3227 4472/2/3227
f 3236/2/3228 3235/2/3228 5875/2/3228 5876/2/3228
f 7861/2/3229 7860/2/3229 4475/2/3229 5156/2/3229
f 7862/2/3230 7859/2/3230 4472/2/3230 4473/2/3230
f 3237/2/3231 3236/2/3231 5876/2/3231 5877/2/3231
f 7863/2/3232 7861/2/3232 5156/2/3232 5157/2/3232
f 7864/2/3233 7862/2/3233 4473/2/3233 4474/2/3233
f 3238/2/3234 3237/2/3234 5877/2/3234 5878/2/3234
f 7865/2/3235 7863/2/3235 5157/2/3235 5158/2/3235
f 7860/2/3236 7864/2/3236 4474/2/3236 4475/2/3236
f 3239/2/3237 3238/2/3237 5878/2/3237 5879/2/3237
f 7858/2/3238 7865/2/3238 5158/2/3238 5155/2/3238
f 7867/2/3239 7866/2/3239 4476/2/3239 4477/2/3239
f 3240/2/3240 3239/2/3240 5879/2/3240 5880/2/3240
f 7829/2/3241 7846/2/3241 5149/2/3241 5143/2/3241
f 7869/2/3242 7868/2/3242 4478/2/3242 4479/2/3242
f 3241/2/3243 3240/2/3243 5880/2/3243 5881/2/3243
f 7871/2/3244 7870/2/3244 4481/2/3244 5159/2/3244
f 7854/2/3245 7872/2/3245 4480/2/3245 4469/2/3245
f 3242/2/3246 3241/2/3246 5881/2/3246 5882/2/3246
f 7873/2/3247 7871/2/3247 5159/2/3247 5160/2/3247
f 7870/2/3248 7874/2/3248 4482/2/3248 4481/2/3248
f 3243/2/3249 3242/2/3249 5882/2/3249 5883/2/3249
f 7872/2/3250 7873/2/3250 5160/2/3250 4480/2/3250
f 7876/2/3251 7875/2/3251 4483/2/3251 4484/2/3251
f 3244/2/3252 3243/2/3252 5883/2/3252 5884/2/3252
f 7874/2/3253 7877/2/3253 5161/2/3253 4482/2/3253
f 7879/2/3254 7878/2/3254 4486/2/3254 4485/2/3254
f 3245/2/3255 3244/2/3255 5884/2/3255 5885/2/3255
f 7877/2/3256 7880/2/3256 5162/2/3256 5161/2/3256
f 7881/2/3257 7879/2/3257 4485/2/3257 4487/2/3257
f 3246/2/3258 3245/2/3258 5885/2/3258 5886/2/3258
f 7880/2/3259 7867/2/3259 4477/2/3259 5162/2/3259
f 7882/2/3260 7881/2/3260 4487/2/3260 4488/2/3260
f 3247/2/3261 3246/2/3261 5886/2/3261 5887/2/3261
f 7866/2/3262 7876/2/3262 4484/2/3262 4476/2/3262
f 7884/2/3263 7883/2/3263 4489/2/3263 4490/2/3263
f 3248/2/3264 3247/2/3264 5887/2/3264 5888/2/3264
f 7875/2/3265 7869/2/3265 4479/2/3265 4483/2/3265
f 7885/2/3266 7884/2/3266 4490/2/3266 4491/2/3266
f 3249/2/3267 3248/2/3267 5888/2/3267 5889/2/3267
f 7868/2/3268 7886/2/3268 4497/2/3268 4478/2/3268
f 7887/2/3269 7885/2/3269 4491/2/3269 4492/2/3269
f 3250/2/3270 3249/2/3270 5889/2/3270 5890/2/3270
f 7878/2/3271 7888/2/3271 4499/2/3271 4486/2/3271
f 7889/2/3272 7887/2/3272 4492/2/3272 4493/2/3272
f 3251/2/3273 3250/2/3273 5890/2/3273 5891/2/3273
f 7891/2/3274 7890/2/3274 5163/2/3274 4500/2/3274
f 7892/2/3275 7889/2/3275 4493/2/3275 4494/2/3275
f 3252/2/3276 3251/2/3276 5891/2/3276 5892/2/3276
f 7890/2/3277 7893/2/3277 4502/2/3277 5163/2/3277
f 7894/2/3278 7892/2/3278 4494/2/3278 4495/2/3278
f 3253/2/3279 3252/2/3279 5892/2/3279 5893/2/3279
f 7896/2/3280 7895/2/3280 5164/2/3280 4503/2/3280
f 7897/2/3281 7894/2/3281 4495/2/3281 4496/2/3281
f 3254/2/3282 3253/2/3282 5893/2/3282 5894/2/3282
f 7898/2/3283 6615/2/3283 5165/2/3283 5166/2/3283
f 7886/2/3284 7897/2/3284 4496/2/3284 4497/2/3284
f 3255/2/3285 3254/2/3285 5894/2/3285 5895/2/3285
f 7899/2/3286 7898/2/3286 5166/2/3286 5167/2/3286
f 7888/2/3287 7900/2/3287 4498/2/3287 4499/2/3287
f 3256/2/3288 3255/2/3288 5895/2/3288 5896/2/3288
f 7901/2/3289 7899/2/3289 5167/2/3289 4504/2/3289
f 7900/2/3290 7891/2/3290 4500/2/3290 4498/2/3290
f 3257/2/3291 3256/2/3291 5896/2/3291 5897/2/3291
f 7903/2/3292 7902/2/3292 4505/2/3292 4506/2/3292
f 7893/2/3293 7904/2/3293 4501/2/3293 4502/2/3293
f 3258/2/3294 3257/2/3294 5897/2/3294 5898/2/3294
f 7906/2/3295 7905/2/3295 4508/2/3295 5168/2/3295
f 7904/2/3296 7896/2/3296 4503/2/3296 4501/2/3296
f 3259/2/3297 3258/2/3297 5898/2/3297 5899/2/3297
f 7907/2/3298 7906/2/3298 5168/2/3298 5169/2/3298
f 7902/2/3299 7901/2/3299 4504/2/3299 4505/2/3299
f 3260/2/3300 3259/2/3300 5899/2/3300 5900/2/3300
f 7895/2/3301 7907/2/3301 5169/2/3301 5164/2/3301
f 7883/2/3302 7882/2/3302 4488/2/3302 4489/2/3302
f 3261/2/3303 3260/2/3303 5900/2/3303 5901/2/3303
f 7909/2/3304 7908/2/3304 5171/2/3304 5170/2/3304
f 7910/2/3305 7903/2/3305 4506/2/3305 4507/2/3305
f 3262/2/3306 3261/2/3306 5901/2/3306 5902/2/3306
f 7911/2/3307 7909/2/3307 5170/2/3307 5172/2/3307
f 7905/2/3308 7910/2/3308 4507/2/3308 4508/2/3308
f 3263/2/3309 3262/2/3309 5902/2/3309 5903/2/3309
f 6614/2/3310 7911/2/3310 5172/2/3310 5173/2/3310
f 7913/2/3311 7912/2/3311 4509/2/3311 4510/2/3311
f 3264/2/3312 3263/2/3312 5903/2/3312 5904/2/3312
f 7908/2/3313 7914/2/3313 5174/2/3313 5171/2/3313
f 7912/2/3314 7915/2/3314 4511/2/3314 4509/2/3314
f 3265/2/3315 3264/2/3315 5904/2/3315 5905/2/3315
f 7914/2/3316 7913/2/3316 4510/2/3316 5174/2/3316
f 7915/2/3317 7916/2/3317 4512/2/3317 4511/2/3317
f 3266/2/3318 3265/2/3318 5905/2/3318 5906/2/3318
f 7916/2/3319 7917/2/3319 5175/2/3319 4512/2/3319
f 7919/2/3320 7918/2/3320 4513/2/3320 4514/2/3320
f 3267/2/3321 3266/2/3321 5906/2/3321 5907/2/3321
f 7917/2/3322 7920/2/3322 5176/2/3322 5175/2/3322
f 7921/2/3323 6654/2/3323 4515/2/3323 4516/2/3323
f 3268/2/3324 3267/2/3324 5907/2/3324 5908/2/3324
f 7920/2/3325 6611/2/3325 5177/2/3325 5176/2/3325
f 6657/2/3326 7921/2/3326 4516/2/3326 4517/2/3326
f 3269/2/3327 3268/2/3327 5908/2/3327 5909/2/3327
f 7922/2/3328 6669/2/3328 5178/2/3328 5179/2/3328
f 7924/2/3329 7923/2/3329 4518/2/3329 4519/2/3329
f 3270/2/3330 3269/2/3330 5909/2/3330 5910/2/3330
f 7918/2/3331 7922/2/3331 5179/2/3331 4513/2/3331
f 7926/2/3332 7925/2/3332 4520/2/3332 4521/2/3332
f 3271/2/3333 3270/2/3333 5910/2/3333 5911/2/3333
f 7923/2/3334 7919/2/3334 4514/2/3334 4518/2/3334
f 6628/2/3335 6632/2/3335 4523/2/3335 4522/2/3335
f 3272/2/3336 3271/2/3336 5911/2/3336 5912/2/3336
f 7927/2/3337 7924/2/3337 4519/2/3337 5180/2/3337
f 6699/2/3338 6697/2/3338 4524/2/3338 4525/2/3338
f 3273/2/3339 3272/2/3339 5912/2/3339 5913/2/3339
f 7925/2/3340 7927/2/3340 5180/2/3340 4520/2/3340
f 6676/2/3341 6673/2/3341 4526/2/3341 4527/2/3341
f 3274/2/3342 3273/2/3342 5913/2/3342 5914/2/3342
f 6610/2/3343 7926/2/3343 4521/2/3343 5181/2/3343
f 2397/2/3343 2416/2/3343 7926/2/3343 6610/2/3343
f 2438/2/3341 2439/2/3341 6673/2/3341 6676/2/3341
f 2415/2/3340 2403/2/3340 7927/2/3340 7925/2/3340
f 2435/2/3338 2434/2/3338 6697/2/3338 6699/2/3338
f 2403/2/3337 2414/2/3337 7924/2/3337 7927/2/3337
f 2419/2/3335 2420/2/3335 6632/2/3335 6628/2/3335
f 2413/2/3334 2396/2/3334 7919/2/3334 7923/2/3334
f 2416/2/3332 2415/2/3332 7925/2/3332 7926/2/3332
f 2395/2/3331 2412/2/3331 7922/2/3331 7918/2/3331
f 2414/2/3329 2413/2/3329 7923/2/3329 7924/2/3329
f 2412/2/3328 2394/2/3328 6669/2/3328 7922/2/3328
f 2408/2/3326 2407/2/3326 7921/2/3326 6657/2/3326
f 2399/2/3325 2417/2/3325 6611/2/3325 7920/2/3325
f 2407/2/3323 2406/2/3323 6654/2/3323 7921/2/3323
f 2393/2/3322 2399/2/3322 7920/2/3322 7917/2/3322
f 2396/2/3320 2395/2/3320 7918/2/3320 7919/2/3320
f 2382/2/3319 2393/2/3319 7917/2/3319 7916/2/3319
f 2383/2/3317 2382/2/3317 7916/2/3317 7915/2/3317
f 2401/2/3316 2385/2/3316 7913/2/3316 7914/2/3316
f 2384/2/3314 2383/2/3314 7915/2/3314 7912/2/3314
f 2398/2/3313 2401/2/3313 7914/2/3313 7908/2/3313
f 2385/2/3311 2384/2/3311 7912/2/3311 7913/2/3311
f 2400/2/3310 2386/2/3310 7911/2/3310 6614/2/3310
f 2390/2/3308 2389/2/3308 7910/2/3308 7905/2/3308
f 2386/2/3307 2392/2/3307 7909/2/3307 7911/2/3307
f 2389/2/3305 2388/2/3305 7903/2/3305 7910/2/3305
f 2392/2/3304 2398/2/3304 7908/2/3304 7909/2/3304
f 2362/2/3302 2371/2/3302 7882/2/3302 7883/2/3302
f 2381/2/3301 2391/2/3301 7907/2/3301 7895/2/3301
f 2378/2/3299 2377/2/3299 7901/2/3299 7902/2/3299
f 2391/2/3298 2380/2/3298 7906/2/3298 7907/2/3298
f 2357/2/3296 2356/2/3296 7896/2/3296 7904/2/3296
f 2380/2/3295 2390/2/3295 7905/2/3295 7906/2/3295
f 2358/2/3293 2357/2/3293 7904/2/3293 7893/2/3293
f 2388/2/3292 2378/2/3292 7902/2/3292 7903/2/3292
f 2360/2/3290 2359/2/3290 7891/2/3290 7900/2/3290
f 2377/2/3289 2387/2/3289 7899/2/3289 7901/2/3289
f 2361/2/3287 2360/2/3287 7900/2/3287 7888/2/3287
f 2387/2/3286 2379/2/3286 7898/2/3286 7899/2/3286
f 2370/2/3284 2369/2/3284 7897/2/3284 7886/2/3284
f 2379/2/3283 2376/2/3283 6615/2/3283 7898/2/3283
f 2369/2/3281 2368/2/3281 7894/2/3281 7897/2/3281
f 2356/2/3280 2381/2/3280 7895/2/3280 7896/2/3280
f 2368/2/3278 2367/2/3278 7892/2/3278 7894/2/3278
f 2375/2/3277 2358/2/3277 7893/2/3277 7890/2/3277
f 2367/2/3275 2366/2/3275 7889/2/3275 7892/2/3275
f 2359/2/3274 2375/2/3274 7890/2/3274 7891/2/3274
f 2366/2/3272 2365/2/3272 7887/2/3272 7889/2/3272
f 2374/2/3271 2361/2/3271 7888/2/3271 7878/2/3271
f 2365/2/3269 2364/2/3269 7885/2/3269 7887/2/3269
f 2348/2/3268 2370/2/3268 7886/2/3268 7868/2/3268
f 2364/2/3266 2363/2/3266 7884/2/3266 7885/2/3266
f 2353/2/3265 2349/2/3265 7869/2/3265 7875/2/3265
f 2363/2/3263 2362/2/3263 7883/2/3263 7884/2/3263
f 2335/2/3262 2352/2/3262 7876/2/3262 7866/2/3262
f 2371/2/3260 2372/2/3260 7881/2/3260 7882/2/3260
f 2351/2/3259 2336/2/3259 7867/2/3259 7880/2/3259
f 2372/2/3257 2373/2/3257 7879/2/3257 7881/2/3257
f 2347/2/3256 2351/2/3256 7880/2/3256 7877/2/3256
f 2373/2/3254 2374/2/3254 7878/2/3254 7879/2/3254
f 2355/2/3253 2347/2/3253 7877/2/3253 7874/2/3253
f 2352/2/3251 2353/2/3251 7875/2/3251 7876/2/3251
f 2346/2/3250 2350/2/3250 7873/2/3250 7872/2/3250
f 2354/2/3248 2355/2/3248 7874/2/3248 7870/2/3248
f 2350/2/3247 2337/2/3247 7871/2/3247 7873/2/3247
f 2338/2/3245 2346/2/3245 7872/2/3245 7854/2/3245
f 2337/2/3244 2354/2/3244 7870/2/3244 7871/2/3244
f 2349/2/3242 2348/2/3242 7868/2/3242 7869/2/3242
f 2314/2/3241 2330/2/3241 7846/2/3241 7829/2/3241
f 2336/2/3239 2335/2/3239 7866/2/3239 7867/2/3239
f 2345/2/3238 2329/2/3238 7865/2/3238 7858/2/3238
f 2344/2/3236 2343/2/3236 7864/2/3236 7860/2/3236
f 2329/2/3235 2318/2/3235 7863/2/3235 7865/2/3235
f 2343/2/3233 2342/2/3233 7862/2/3233 7864/2/3233
f 2318/2/3232 2328/2/3232 7861/2/3232 7863/2/3232
f 2342/2/3230 2341/2/3230 7859/2/3230 7862/2/3230
f 2328/2/3229 2344/2/3229 7860/2/3229 7861/2/3229
f 2341/2/3227 2340/2/3227 7857/2/3227 7859/2/3227
f 2327/2/3226 2345/2/3226 7858/2/3226 7856/2/3226
f 2340/2/3224 2339/2/3224 7855/2/3224 7857/2/3224
f 2334/2/3223 2327/2/3223 7856/2/3223 7853/2/3223
f 2339/2/3221 2338/2/3221 7854/2/3221 7855/2/3221
f 2331/2/3220 2334/2/3220 7853/2/3220 7852/2/3220
f 2332/2/3218 2333/2/3218 7844/2/3218 7845/2/3218
f 2326/2/3217 2331/2/3217 7852/2/3217 7851/2/3217
f 2325/2/3215 2326/2/3215 7851/2/3215 7850/2/3215
f 2317/2/3214 2325/2/3214 7850/2/3214 7849/2/3214
f 2324/2/3212 2323/2/3212 7839/2/3212 7841/2/3212
f 2322/2/3211 2317/2/3211 7849/2/3211 7848/2/3211
f 2307/2/3209 2306/2/3209 7847/2/3209 7835/2/3209
f 2313/2/3208 2322/2/3208 7848/2/3208 7843/2/3208
f 2306/2/3206 2305/2/3206 7833/2/3206 7847/2/3206
f 2330/2/3205 2332/2/3205 7845/2/3205 7846/2/3205
f 2291/2/3203 2290/2/3203 7826/2/3203 7823/2/3203
f 2333/2/3202 2313/2/3202 7843/2/3202 7844/2/3202
f 2302/2/3200 2301/2/3200 7842/2/3200 7801/2/3200
f 2288/2/3199 2310/2/3199 7815/2/3199 7802/2/3199
f 2301/2/3197 2300/2/3197 7840/2/3197 7842/2/3197
f 2309/2/3196 2324/2/3196 7841/2/3196 7828/2/3196
f 2300/2/3194 2299/2/3194 7838/2/3194 7840/2/3194
f 2323/2/3193 2308/2/3193 7837/2/3193 7839/2/3193
f 2299/2/3191 2298/2/3191 7808/2/3191 7838/2/3191
f 2308/2/3190 2316/2/3190 7836/2/3190 7837/2/3190
f 2297/2/3188 2296/2/3188 7834/2/3188 7806/2/3188
f 2316/2/3187 2307/2/3187 7835/2/3187 7836/2/3187
f 2296/2/3185 2295/2/3185 7832/2/3185 7834/2/3185
f 2305/2/3184 2315/2/3184 7831/2/3184 7833/2/3184
f 2295/2/3182 2294/2/3182 7803/2/3182 7832/2/3182
f 2315/2/3181 2304/2/3181 7830/2/3181 7831/2/3181
f 2286/2/3179 2285/2/3179 7795/2/3179 7792/2/3179
f 2304/2/3178 2314/2/3178 7829/2/3178 7830/2/3178
f 2270/2/3176 2269/2/3176 7799/2/3176 7827/2/3176
f 2321/2/3175 2309/2/3175 7828/2/3175 7825/2/3175
f 2271/2/3173 2270/2/3173 7827/2/3173 7824/2/3173
f 2290/2/3172 2321/2/3172 7825/2/3172 7826/2/3172
f 2272/2/3170 2271/2/3170 7824/2/3170 7796/2/3170
f 2319/2/3169 2291/2/3169 7823/2/3169 7822/2/3169
f 2281/2/3167 2282/2/3167 7797/2/3167 7794/2/3167
f 2292/2/3166 2319/2/3166 7822/2/3166 7821/2/3166
f 2278/2/3164 2277/2/3164 7820/2/3164 7783/2/3164
f 2311/2/3163 2292/2/3163 7821/2/3163 7819/2/3163
f 2277/2/3161 2276/2/3161 7818/2/3161 7820/2/3161
f 2303/2/3160 2311/2/3160 7819/2/3160 7817/2/3160
f 2276/2/3158 2275/2/3158 7816/2/3158 7818/2/3158
f 2320/2/3157 2303/2/3157 7817/2/3157 7811/2/3157
f 2275/2/3155 2274/2/3155 7814/2/3155 7816/2/3155
f 2310/2/3154 2312/2/3154 7813/2/3154 7815/2/3154
f 2274/2/3152 2273/2/3152 7789/2/3152 7814/2/3152
f 2312/2/3151 2293/2/3151 7812/2/3151 7813/2/3151
f 2279/2/3149 2280/2/3149 7793/2/3149 7810/2/3149
f 2293/2/3148 2320/2/3148 7811/2/3148 7812/2/3148
f 2266/2/3146 2267/2/3146 7781/2/3146 7809/2/3146
f 2260/2/3145 2279/2/3145 7810/2/3145 7804/2/3145
f 2265/2/3143 2266/2/3143 7809/2/3143 7779/2/3143
f 2298/2/3142 2283/2/3142 7807/2/3142 7808/2/3142
f 2262/2/3140 2261/2/3140 7805/2/3140 7784/2/3140
f 2283/2/3139 2297/2/3139 7806/2/3139 7807/2/3139
f 2261/2/3137 2260/2/3137 7804/2/3137 7805/2/3137
f 2294/2/3136 2288/2/3136 7802/2/3136 7803/2/3136
f 2258/2/3134 2257/2/3134 7800/2/3134 7765/2/3134
f 2289/2/3133 2302/2/3133 7801/2/3133 7798/2/3133
f 2257/2/3131 2256/2/3131 7763/2/3131 7800/2/3131
f 2269/2/3130 2289/2/3130 7798/2/3130 7799/2/3130
f 2248/2/3128 2249/2/3128 7759/2/3128 7757/2/3128
f 2282/2/3127 2272/2/3127 7796/2/3127 7797/2/3127
f 2239/2/3125 2240/2/3125 7730/2/3125 7727/2/3125
f 2285/2/3124 2281/2/3124 7794/2/3124 7795/2/3124
f 2237/2/3122 2236/2/3122 7791/2/3122 7788/2/3122
f 2280/2/3121 2286/2/3121 7792/2/3121 7793/2/3121
f 2236/2/3119 2235/2/3119 7790/2/3119 7791/2/3119
f 2245/2/3118 2255/2/3118 7776/2/3118 7762/2/3118
f 2235/2/3116 2234/2/3116 7772/2/3116 7790/2/3116
f 2273/2/3115 2263/2/3115 7787/2/3115 7789/2/3115
f 2232/2/3113 2237/2/3113 7788/2/3113 7786/2/3113
f 2263/2/3112 2287/2/3112 7785/2/3112 7787/2/3112
f 2231/2/3110 2232/2/3110 7786/2/3110 7760/2/3110
f 2287/2/3109 2262/2/3109 7784/2/3109 7785/2/3109
f 2224/2/3107 2223/2/3107 7761/2/3107 7758/2/3107
f 2252/2/3106 2278/2/3106 7783/2/3106 7782/2/3106
f 2226/2/3104 2225/2/3104 7737/2/3104 7739/2/3104
f 2284/2/3103 2252/2/3103 7782/2/3103 7780/2/3103
f 2229/2/3101 2230/2/3101 7756/2/3101 7752/2/3101
f 2267/2/3100 2284/2/3100 7780/2/3100 7781/2/3100
f 2218/2/3098 2217/2/3098 7740/2/3098 7742/2/3098
f 2253/2/3097 2265/2/3097 7779/2/3097 7778/2/3097
f 2212/2/3095 2211/2/3095 7715/2/3095 7704/2/3095
f 2264/2/3094 2253/2/3094 7778/2/3094 7777/2/3094
f 2209/2/3092 2208/2/3092 7707/2/3092 7708/2/3092
f 2254/2/3091 2264/2/3091 7777/2/3091 7773/2/3091
f 2213/2/3089 2214/2/3089 7719/2/3089 7749/2/3089
f 2255/2/3088 2268/2/3088 7775/2/3088 7776/2/3088
f 2200/2/3086 2199/2/3086 7709/2/3086 7710/2/3086
f 2268/2/3085 2259/2/3085 7774/2/3085 7775/2/3085
f 2198/2/3083 2197/2/3083 7750/2/3083 7706/2/3083
f 2259/2/3082 2254/2/3082 7773/2/3082 7774/2/3082
f 2194/2/3080 2195/2/3080 7701/2/3080 7698/2/3080
f 2242/2/3079 2250/2/3079 7754/2/3079 7732/2/3079
f 2191/2/3077 2190/2/3077 7771/2/3077 7684/2/3077
f 2234/2/3076 2247/2/3076 7770/2/3076 7772/2/3076
f 2190/2/3074 2189/2/3074 7769/2/3074 7771/2/3074
f 2247/2/3073 2233/2/3073 7768/2/3073 7770/2/3073
f 2189/2/3071 2188/2/3071 7767/2/3071 7769/2/3071
f 2233/2/3070 2246/2/3070 7766/2/3070 7768/2/3070
f 2188/2/3068 2187/2/3068 7764/2/3068 7767/2/3068
f 2246/2/3067 2258/2/3067 7765/2/3067 7766/2/3067
f 2187/2/3065 2186/2/3065 7716/2/3065 7764/2/3065
f 2256/2/3064 2245/2/3064 7762/2/3064 7763/2/3064
f 2179/2/3062 2180/2/3062 7699/2/3062 7697/2/3062
f 2223/2/3061 2231/2/3061 7760/2/3061 7761/2/3061
f 2176/2/3059 2175/2/3059 7688/2/3059 7682/2/3059
f 2249/2/3058 2224/2/3058 7758/2/3058 7759/2/3058
f 2166/2/3056 2165/2/3056 7675/2/3056 7672/2/3056
f 2251/2/3055 2248/2/3055 7757/2/3055 7755/2/3055
f 2171/2/3053 2170/2/3053 7660/2/3053 7662/2/3053
f 2230/2/3052 2251/2/3052 7755/2/3052 7756/2/3052
f 2168/2/3050 2167/2/3050 7667/2/3050 7669/2/3050
f 2250/2/3049 2244/2/3049 7753/2/3049 7754/2/3049
f 2160/2/3047 2159/2/3047 7751/2/3047 7656/2/3047
f 2244/2/3046 2229/2/3046 7752/2/3046 7753/2/3046
f 2159/2/3044 2158/2/3044 7748/2/3044 7751/2/3044
f 2197/2/3043 2213/2/3043 7749/2/3043 7750/2/3043
f 2158/2/3041 2157/2/3041 7747/2/3041 7748/2/3041
f 2220/2/3040 2228/2/3040 7746/2/3040 7729/2/3040
f 2157/2/3038 2156/2/3038 7655/2/3038 7747/2/3038
f 2228/2/3037 2219/2/3037 7745/2/3037 7746/2/3037
f 2142/2/3035 2141/2/3035 7653/2/3035 7744/2/3035
f 2219/2/3034 2227/2/3034 7743/2/3034 7745/2/3034
f 2143/2/3032 2142/2/3032 7744/2/3032 7741/2/3032
f 2227/2/3031 2218/2/3031 7742/2/3031 7743/2/3031
f 2144/2/3029 2143/2/3029 7741/2/3029 7738/2/3029
f 2217/2/3028 2226/2/3028 7739/2/3028 7740/2/3028
f 2145/2/3026 2144/2/3026 7738/2/3026 7736/2/3026
f 2225/2/3025 2243/2/3025 7735/2/3025 7737/2/3025
f 2146/2/3023 2145/2/3023 7736/2/3023 7734/2/3023
f 2243/2/3022 2216/2/3022 7733/2/3022 7735/2/3022
f 2147/2/3020 2146/2/3020 7734/2/3020 7731/2/3020
f 2216/2/3019 2242/2/3019 7732/2/3019 7733/2/3019
f 2148/2/3017 2147/2/3017 7731/2/3017 7728/2/3017
f 2240/2/3016 2220/2/3016 7729/2/3016 7730/2/3016
f 2149/2/3014 2148/2/3014 7728/2/3014 7647/2/3014
f 2206/2/3013 2239/2/3013 7727/2/3013 7726/2/3013
f 2153/2/3011 2152/2/3011 7725/2/3011 7640/2/3011
f 2221/2/3010 2206/2/3010 7726/2/3010 7724/2/3010
f 2152/2/3008 2151/2/3008 7638/2/3008 7725/2/3008
f 2215/2/3007 2221/2/3007 7724/2/3007 7723/2/3007
f 2135/2/3005 2136/2/3005 7625/2/3005 7627/2/3005
f 2222/2/3004 2215/2/3004 7723/2/3004 7722/2/3004
f 2134/2/3002 2133/2/3002 7721/2/3002 7636/2/3002
f 2241/2/3001 2222/2/3001 7722/2/3001 7720/2/3001
f 2133/2/2999 2132/2/2999 7644/2/2999 7721/2/2999
f 2207/2/2998 2241/2/2998 7720/2/2998 7717/2/2998
f 2131/2/2996 2130/2/2996 7641/2/2996 7642/2/2996
f 2214/2/2995 2238/2/2995 7718/2/2995 7719/2/2995
f 2129/2/2993 2128/2/2993 7664/2/2993 7637/2/2993
f 2238/2/2992 2207/2/2992 7717/2/2992 7718/2/2992
f 2121/2/2990 2120/2/2990 7632/2/2990 7630/2/2990
f 2186/2/2989 2204/2/2989 7695/2/2989 7716/2/2989
f 2126/2/2987 2125/2/2987 7714/2/2987 7616/2/2987
f 2211/2/2986 2201/2/2986 7713/2/2986 7715/2/2986
f 2125/2/2984 2124/2/2984 7623/2/2984 7714/2/2984
f 2201/2/2983 2181/2/2983 7712/2/2983 7713/2/2983
f 2112/2/2981 2113/2/2981 7612/2/2981 7608/2/2981
f 2181/2/2980 2210/2/2980 7711/2/2980 7712/2/2980
f 2111/2/2978 2110/2/2978 7592/2/2978 7594/2/2978
f 2210/2/2977 2200/2/2977 7710/2/2977 7711/2/2977
f 2104/2/2975 2105/2/2975 7581/2/2975 7579/2/2975
f 2199/2/2974 2209/2/2974 7708/2/2974 7709/2/2974
f 2103/2/2972 2102/2/2972 7705/2/2972 7622/2/2972
f 2208/2/2971 2198/2/2971 7706/2/2971 7707/2/2971
f 2102/2/2969 2101/2/2969 7703/2/2969 7705/2/2969
f 2196/2/2968 2212/2/2968 7704/2/2968 7702/2/2968
f 2101/2/2966 2100/2/2966 7621/2/2966 7703/2/2966
f 2185/2/2964 2196/2/2964 7702/2/2964 7700/2/2964
f 2099/2/2962 2098/2/2962 7646/2/2962 7618/2/2962
f 2195/2/2960 2185/2/2960 7700/2/2960 7701/2/2960
f 2089/2/2958 2088/2/2958 7609/2/2958 7602/2/2958
f 2180/2/2956 2194/2/2956 7698/2/2956 7699/2/2956
f 2094/2/2954 2093/2/2954 7595/2/2954 7597/2/2954
f 2203/2/2952 2179/2/2952 7697/2/2952 7696/2/2952
f 2091/2/2950 2090/2/2950 7587/2/2950 7588/2/2950
f 2205/2/2948 2203/2/2948 7696/2/2948 7691/2/2948
f 2075/2/2946 2076/2/2946 7555/2/2946 7552/2/2946
f 2204/2/2944 2202/2/2944 7694/2/2944 7695/2/2944
f 2072/2/2942 2071/2/2942 7693/2/2942 7568/2/2942
f 2202/2/2940 2193/2/2940 7692/2/2940 7694/2/2940
f 2071/2/2938 2070/2/2938 7690/2/2938 7693/2/2938
f 2193/2/2936 2205/2/2936 7691/2/2936 7692/2/2936
f 2070/2/2934 2069/2/2934 7689/2/2934 7690/2/2934
f 2163/2/2932 2184/2/2932 7670/2/2932 7654/2/2932
f 2069/2/2930 2068/2/2930 7567/2/2930 7689/2/2930
f 2175/2/2928 2192/2/2928 7687/2/2928 7688/2/2928
f 2066/2/2926 2067/2/2926 7558/2/2926 7554/2/2926
f 2192/2/2924 2178/2/2924 7686/2/2924 7687/2/2924
f 2064/2/2922 2063/2/2922 7548/2/2922 7569/2/2922
f 2178/2/2920 2174/2/2920 7685/2/2920 7686/2/2920
f 2061/2/2918 2060/2/2918 7683/2/2918 7566/2/2918
f 2174/2/2916 2191/2/2916 7684/2/2916 7685/2/2916
f 2060/2/2914 2059/2/2914 7564/2/2914 7683/2/2914
f 2183/2/2912 2176/2/2912 7682/2/2912 7681/2/2912
f 2051/2/2910 2052/2/2910 7542/2/2910 7539/2/2910
f 2177/2/2908 2183/2/2908 7681/2/2908 7680/2/2908
f 2053/2/2906 2054/2/2906 7536/2/2906 7534/2/2906
f 2182/2/2904 2177/2/2904 7680/2/2904 7679/2/2904
f 2049/2/2902 2048/2/2902 7678/2/2902 7659/2/2902
f 2164/2/2900 2182/2/2900 7679/2/2900 7677/2/2900
f 2048/2/2898 2047/2/2898 7676/2/2898 7678/2/2898
f 2173/2/2896 2164/2/2896 7677/2/2896 7674/2/2896
f 2047/2/2894 2046/2/2894 7673/2/2894 7676/2/2894
f 2165/2/2892 2173/2/2892 7674/2/2892 7675/2/2892
f 2046/2/2890 2045/2/2890 7671/2/2890 7673/2/2890
f 2172/2/2888 2166/2/2888 7672/2/2888 7666/2/2888
f 2045/2/2886 2044/2/2886 7668/2/2886 7671/2/2886
f 2184/2/2884 2168/2/2884 7669/2/2884 7670/2/2884
f 2044/2/2882 2043/2/2882 7665/2/2882 7668/2/2882
f 2167/2/2880 2172/2/2880 7666/2/2880 7667/2/2880
f 2043/2/2878 2042/2/2878 7663/2/2878 7665/2/2878
f 2128/2/2876 2150/2/2876 7650/2/2876 7664/2/2876
f 2042/2/2874 2041/2/2874 7661/2/2874 7663/2/2874
f 2162/2/2872 2171/2/2872 7662/2/2872 7652/2/2872
f 2041/2/2870 2040/2/2870 7544/2/2870 7661/2/2870
f 2170/2/2868 2161/2/2868 7658/2/2868 7660/2/2868
f 2039/2/2866 2049/2/2866 7659/2/2866 7541/2/2866
f 2161/2/2864 2169/2/2864 7657/2/2864 7658/2/2864
f 2034/2/2862 2033/2/2862 7518/2/2862 7520/2/2862
f 2169/2/2860 2160/2/2860 7656/2/2860 7657/2/2860
f 2028/2/2858 2027/2/2858 7523/2/2858 7524/2/2858
f 2156/2/2856 2163/2/2856 7654/2/2856 7655/2/2856
f 2025/2/2854 2024/2/2854 7651/2/2854 7517/2/2854
f 2141/2/2852 2162/2/2852 7652/2/2852 7653/2/2852
f 2024/2/2850 2023/2/2850 7649/2/2850 7651/2/2850
f 2150/2/2848 2155/2/2848 7648/2/2848 7650/2/2848
f 2023/2/2846 2022/2/2846 7545/2/2846 7649/2/2846
f 2155/2/2844 2149/2/2844 7647/2/2844 7648/2/2844
f 2016/2/2842 2015/2/2842 7510/2/2842 7645/2/2842
f 2098/2/2840 2140/2/2840 7628/2/2840 7646/2/2840
f 2017/2/2838 2016/2/2838 7645/2/2838 7505/2/2838
f 2132/2/2836 2154/2/2836 7643/2/2836 7644/2/2836
f 2010/2/2834 2009/2/2834 7500/2/2834 7502/2/2834
f 2154/2/2832 2131/2/2832 7642/2/2832 7643/2/2832
f 2000/2/2830 2001/2/2830 7479/2/2830 7639/2/2830
f 2130/2/2828 2153/2/2828 7640/2/2828 7641/2/2828
f 1999/2/2826 2000/2/2826 7639/2/2826 7504/2/2826
f 2151/2/2824 2129/2/2824 7637/2/2824 7638/2/2824
f 1995/2/2822 1994/2/2822 7526/2/2822 7491/2/2822
f 2119/2/2820 2134/2/2820 7636/2/2820 7635/2/2820
f 1993/2/2818 1998/2/2818 7503/2/2818 7490/2/2818
f 2139/2/2816 2119/2/2816 7635/2/2816 7634/2/2816
f 1989/2/2814 1988/2/2814 7466/2/2814 7467/2/2814
f 2127/2/2812 2139/2/2812 7634/2/2812 7633/2/2812
f 1985/2/2810 1992/2/2810 7476/2/2810 7463/2/2810
f 2138/2/2808 2127/2/2808 7633/2/2808 7631/2/2808
f 1981/2/2806 1980/2/2806 7468/2/2806 7469/2/2806
f 2120/2/2804 2138/2/2804 7631/2/2804 7632/2/2804
f 1979/2/2802 1978/2/2802 7444/2/2802 7445/2/2802
f 2137/2/2800 2121/2/2800 7630/2/2800 7629/2/2800
f 1977/2/2798 1976/2/2798 7440/2/2798 7441/2/2798
f 2122/2/2796 2137/2/2796 7629/2/2796 7624/2/2796
f 1971/2/2794 1972/2/2794 7434/2/2794 7626/2/2794
f 2140/2/2792 2135/2/2792 7627/2/2792 7628/2/2792
f 1970/2/2790 1971/2/2790 7626/2/2790 7431/2/2790
f 2136/2/2788 2122/2/2788 7624/2/2788 7625/2/2788
f 1968/2/2786 1969/2/2786 7430/2/2786 7428/2/2786
f 2109/2/2784 2108/2/2784 7607/2/2784 7586/2/2784
f 1966/2/2782 1965/2/2782 7474/2/2782 7475/2/2782
f 2124/2/2780 2103/2/2780 7622/2/2780 7623/2/2780
f 1958/2/2778 1957/2/2778 7438/2/2778 7439/2/2778
f 2100/2/2776 2123/2/2776 7620/2/2776 7621/2/2776
f 1952/2/2774 1951/2/2774 7446/2/2774 7435/2/2774
f 2123/2/2772 2114/2/2772 7619/2/2772 7620/2/2772
f 1948/2/2770 1947/2/2770 7617/2/2770 7414/2/2770
f 2114/2/2768 2099/2/2768 7618/2/2768 7619/2/2768
f 1947/2/2766 1946/2/2766 7413/2/2766 7617/2/2766
f 2116/2/2764 2126/2/2764 7616/2/2764 7615/2/2764
f 1939/2/2762 1940/2/2762 7384/2/2762 7385/2/2762
f 2097/2/2760 2116/2/2760 7615/2/2760 7614/2/2760
f 1938/2/2758 1937/2/2758 7420/2/2758 7410/2/2758
f 2115/2/2756 2097/2/2756 7614/2/2756 7613/2/2756
f 1936/2/2754 1935/2/2754 7415/2/2754 7417/2/2754
f 2118/2/2752 2115/2/2752 7613/2/2752 7611/2/2752
f 1934/2/2750 1933/2/2750 7610/2/2750 7412/2/2750
f 2113/2/2748 2118/2/2748 7611/2/2748 7612/2/2748
f 1933/2/2746 1932/2/2746 7447/2/2746 7610/2/2746
f 2088/2/2744 2112/2/2744 7608/2/2744 7609/2/2744
f 1917/2/2742 1916/2/2742 7411/2/2742 7606/2/2742
f 2108/2/2740 2117/2/2740 7605/2/2740 7607/2/2740
f 1918/2/2738 1917/2/2738 7606/2/2738 7604/2/2738
f 2117/2/2736 2096/2/2736 7603/2/2736 7605/2/2736
f 1919/2/2734 1918/2/2734 7604/2/2734 7601/2/2734
f 2096/2/2732 2089/2/2732 7602/2/2732 7603/2/2732
f 1920/2/2730 1919/2/2730 7601/2/2730 7600/2/2730
f 2058/2/2728 2082/2/2728 7574/2/2728 7562/2/2728
f 1921/2/2726 1920/2/2726 7600/2/2726 7599/2/2726
f 2095/2/2724 2085/2/2724 7598/2/2724 7583/2/2724
f 1922/2/2722 1921/2/2722 7599/2/2722 7596/2/2722
f 2085/2/2720 2094/2/2720 7597/2/2720 7598/2/2720
f 1923/2/2718 1922/2/2718 7596/2/2718 7593/2/2718
f 2093/2/2716 2111/2/2716 7594/2/2716 7595/2/2716
f 1924/2/2714 1923/2/2714 7593/2/2714 7584/2/2714
f 2110/2/2712 2092/2/2712 7591/2/2712 7592/2/2712
f 1931/2/2710 1930/2/2710 7590/2/2710 7407/2/2710
f 2092/2/2708 2084/2/2708 7589/2/2708 7591/2/2708
f 1930/2/2706 1929/2/2706 7405/2/2706 7590/2/2706
f 2084/2/2704 2091/2/2704 7588/2/2704 7589/2/2704
f 1926/2/2702 1925/2/2702 7585/2/2702 7421/2/2702
f 2090/2/2700 2109/2/2700 7586/2/2700 7587/2/2700
f 1925/2/2698 1924/2/2698 7584/2/2698 7585/2/2698
f 2107/2/2696 2095/2/2696 7583/2/2696 7582/2/2696
f 1913/2/2694 1912/2/2694 7408/2/2694 7395/2/2694
f 2077/2/2692 2107/2/2692 7582/2/2692 7580/2/2692
f 1911/2/2690 1910/2/2690 7403/2/2690 7404/2/2690
f 2105/2/2688 2077/2/2688 7580/2/2688 7581/2/2688
f 1906/2/2686 1907/2/2686 7390/2/2686 7578/2/2686
f 2106/2/2684 2104/2/2684 7579/2/2684 7577/2/2684
f 1905/2/2682 1906/2/2682 7578/2/2682 7387/2/2682
f 2078/2/2680 2106/2/2680 7577/2/2680 7576/2/2680
f 1903/2/2678 1902/2/2678 7373/2/2678 7375/2/2678
f 2086/2/2676 2078/2/2676 7576/2/2676 7575/2/2676
f 1897/2/2674 1898/2/2674 7366/2/2674 7364/2/2674
f 2083/2/2672 2086/2/2672 7575/2/2672 7570/2/2672
f 1894/2/2670 1893/2/2670 7573/2/2670 7378/2/2670
f 2082/2/2668 2087/2/2668 7572/2/2668 7574/2/2668
f 1893/2/2666 1892/2/2666 7377/2/2666 7573/2/2666
f 2087/2/2664 2079/2/2664 7571/2/2664 7572/2/2664
f 1891/2/2662 1890/2/2662 7409/2/2662 7370/2/2662
f 2079/2/2660 2083/2/2660 7570/2/2660 7571/2/2660
f 1889/2/2658 1888/2/2658 7358/2/2658 7353/2/2658
f 2057/2/2656 2064/2/2656 7569/2/2656 7543/2/2656
f 1882/2/2654 1883/2/2654 7340/2/2654 7335/2/2654
f 2081/2/2652 2072/2/2652 7568/2/2652 7560/2/2652
f 1876/2/2650 1879/2/2650 7380/2/2650 7565/2/2650
f 2068/2/2648 2061/2/2648 7566/2/2648 7567/2/2648
f 1875/2/2646 1876/2/2646 7565/2/2646 7369/2/2646
f 2059/2/2644 2080/2/2644 7563/2/2644 7564/2/2644
f 1871/2/2642 1870/2/2642 7561/2/2642 7354/2/2642
f 2080/2/2640 2058/2/2640 7562/2/2640 7563/2/2640
f 1870/2/2638 1869/2/2638 7559/2/2638 7561/2/2638
f 2074/2/2636 2081/2/2636 7560/2/2636 7557/2/2636
f 1869/2/2634 1868/2/2634 7556/2/2634 7559/2/2634
f 2067/2/2632 2074/2/2632 7557/2/2632 7558/2/2632
f 1868/2/2630 1867/2/2630 7553/2/2630 7556/2/2630
f 2076/2/2628 2066/2/2628 7554/2/2628 7555/2/2628
f 1867/2/2626 1866/2/2626 7382/2/2626 7553/2/2626
f 2065/2/2624 2075/2/2624 7552/2/2624 7551/2/2624
f 1872/2/2622 1873/2/2622 7550/2/2622 7360/2/2622
f 2073/2/2620 2065/2/2620 7551/2/2620 7549/2/2620
f 1873/2/2618 1874/2/2618 7363/2/2618 7550/2/2618
f 2062/2/2616 2073/2/2616 7549/2/2616 7546/2/2616
f 1864/2/2614 1865/2/2614 7347/2/2614 7344/2/2614
f 2063/2/2612 2056/2/2612 7547/2/2612 7548/2/2612
f 1859/2/2610 1858/2/2610 7332/2/2610 7325/2/2610
f 2056/2/2608 2062/2/2608 7546/2/2608 7547/2/2608
f 1849/2/2606 1850/2/2606 7320/2/2606 7316/2/2606
f 2022/2/2604 2032/2/2604 7532/2/2604 7545/2/2604
f 1852/2/2602 1853/2/2602 7317/2/2602 7312/2/2602
f 2040/2/2600 2057/2/2600 7543/2/2600 7544/2/2600
f 1847/2/2598 1846/2/2598 7540/2/2598 7329/2/2598
f 2052/2/2596 2039/2/2596 7541/2/2596 7542/2/2596
f 1846/2/2594 1845/2/2594 7328/2/2594 7540/2/2594
f 2055/2/2592 2051/2/2592 7539/2/2592 7538/2/2592
f 1844/2/2590 1843/2/2590 7537/2/2590 7326/2/2590
f 2038/2/2588 2055/2/2588 7538/2/2588 7535/2/2588
f 1843/2/2586 1842/2/2586 7359/2/2586 7537/2/2586
f 2054/2/2584 2038/2/2584 7535/2/2584 7536/2/2584
f 1840/2/2582 1841/2/2582 7324/2/2582 7533/2/2582
f 2031/2/2580 2053/2/2580 7534/2/2580 7528/2/2580
f 1839/2/2578 1840/2/2578 7533/2/2578 7322/2/2578
f 2032/2/2576 2037/2/2576 7531/2/2576 7532/2/2576
f 1838/2/2574 1837/2/2574 7530/2/2574 7304/2/2574
f 2037/2/2572 2050/2/2572 7529/2/2572 7531/2/2572
f 1837/2/2570 1836/2/2570 7527/2/2570 7530/2/2570
f 2050/2/2568 2031/2/2568 7528/2/2568 7529/2/2568
f 1836/2/2566 1835/2/2566 7525/2/2566 7527/2/2566
f 1994/2/2564 2011/2/2564 7508/2/2564 7526/2/2564
f 1835/2/2562 1834/2/2562 7310/2/2562 7525/2/2562
f 2036/2/2560 2028/2/2560 7524/2/2560 7516/2/2560
f 1830/2/2558 1829/2/2558 7307/2/2558 7308/2/2558
f 2027/2/2556 2035/2/2556 7522/2/2556 7523/2/2556
f 1828/2/2554 1827/2/2554 7333/2/2554 7305/2/2554
f 2035/2/2552 2026/2/2552 7521/2/2552 7522/2/2552
f 1818/2/2550 1819/2/2550 7302/2/2550 7519/2/2550
f 2026/2/2548 2034/2/2548 7520/2/2548 7521/2/2548
f 1817/2/2546 1818/2/2546 7519/2/2546 7300/2/2546
f 2033/2/2544 2025/2/2544 7517/2/2544 7518/2/2544
f 1808/2/2542 1807/2/2542 7290/2/2542 7291/2/2542
f 2004/2/2540 2036/2/2540 7516/2/2540 7515/2/2540
f 1806/2/2538 1805/2/2538 7287/2/2538 7288/2/2538
f 2021/2/2536 2004/2/2536 7515/2/2536 7514/2/2536
f 1798/2/2534 1797/2/2534 7278/2/2534 7276/2/2534
f 2005/2/2532 2021/2/2532 7514/2/2532 7513/2/2532
f 1803/2/2530 1802/2/2530 7271/2/2530 7262/2/2530
f 2020/2/2528 2005/2/2528 7513/2/2528 7512/2/2528
f 1801/2/2526 1800/2/2526 7511/2/2526 7268/2/2526
f 2030/2/2524 2020/2/2524 7512/2/2524 7509/2/2524
f 1800/2/2522 1799/2/2522 7267/2/2522 7511/2/2522
f 2015/2/2520 2030/2/2520 7509/2/2520 7510/2/2520
f 1788/2/2518 1789/2/2518 7283/2/2518 7281/2/2518
f 2011/2/2516 2006/2/2516 7507/2/2516 7508/2/2516
f 1785/2/2514 1784/2/2514 7269/2/2514 7270/2/2514
f 2006/2/2512 2029/2/2512 7506/2/2512 7507/2/2512
f 1772/2/2510 1771/2/2510 7244/2/2510 7245/2/2510
f 2029/2/2508 2017/2/2508 7505/2/2508 7506/2/2508
f 1764/2/2506 1763/2/2506 7248/2/2506 7249/2/2506
f 1963/2/2504 1999/2/2504 7504/2/2504 7465/2/2504
f 1757/2/2502 1756/2/2502 7501/2/2502 7225/2/2502
f 1998/2/2500 2010/2/2500 7502/2/2500 7503/2/2500
f 1756/2/2498 1755/2/2498 7224/2/2498 7501/2/2498
f 2009/2/2496 2019/2/2496 7499/2/2496 7500/2/2496
f 1751/2/2494 1752/2/2494 7219/2/2494 7217/2/2494
f 2019/2/2492 2008/2/2492 7498/2/2492 7499/2/2492
f 1742/2/2490 1743/2/2490 7233/2/2490 7229/2/2490
f 2008/2/2488 1997/2/2488 7497/2/2488 7498/2/2488
f 1731/2/2486 1730/2/2486 7222/2/2486 7223/2/2486
f 1997/2/2484 2018/2/2484 7496/2/2484 7497/2/2484
f 1727/2/2482 1726/2/2482 7495/2/2482 7207/2/2482
f 2018/2/2480 1996/2/2480 7494/2/2480 7496/2/2480
f 1726/2/2478 1725/2/2478 7493/2/2478 7495/2/2478
f 1996/2/2476 2007/2/2476 7492/2/2476 7494/2/2476
f 1725/2/2474 1724/2/2474 7206/2/2474 7493/2/2474
f 2007/2/2472 1995/2/2472 7491/2/2472 7492/2/2472
f 1709/2/2470 1710/2/2470 7191/2/2470 7182/2/2470
f 1986/2/2468 1993/2/2468 7490/2/2468 7489/2/2468
f 1714/2/2466 1713/2/2466 7202/2/2466 7203/2/2466
f 2003/2/2464 1986/2/2464 7489/2/2464 7488/2/2464
f 1701/2/2462 1700/2/2462 7487/2/2462 7185/2/2462
f 2014/2/2460 2003/2/2460 7488/2/2460 7486/2/2460
f 1700/2/2458 1699/2/2458 7485/2/2458 7487/2/2458
f 2013/2/2456 2014/2/2456 7486/2/2456 7484/2/2456
f 1699/2/2454 1698/2/2454 7483/2/2454 7485/2/2454
f 2002/2/2452 2013/2/2452 7484/2/2452 7482/2/2452
f 1698/2/2450 1697/2/2450 7481/2/2450 7483/2/2450
f 1987/2/2448 2002/2/2448 7482/2/2448 7480/2/2448
f 1697/2/2446 1696/2/2446 7184/2/2446 7481/2/2446
f 2012/2/2444 1987/2/2444 7480/2/2444 7478/2/2444
f 1684/2/2442 1685/2/2442 7171/2/2442 7172/2/2442
f 2001/2/2440 2012/2/2440 7478/2/2440 7479/2/2440
f 1675/2/2438 1676/2/2438 7158/2/2438 7477/2/2438
f 1956/2/2436 1975/2/2436 7452/2/2436 7436/2/2436
f 1674/2/2434 1675/2/2434 7477/2/2434 7155/2/2434
f 1992/2/2432 1966/2/2432 7475/2/2432 7476/2/2432
f 1668/2/2430 1669/2/2430 7132/2/2430 7128/2/2430
f 1965/2/2428 1991/2/2428 7473/2/2428 7474/2/2428
f 1665/2/2426 1664/2/2426 7472/2/2426 7166/2/2426
f 1991/2/2424 1964/2/2424 7471/2/2424 7473/2/2424
f 1664/2/2422 1663/2/2422 7165/2/2422 7472/2/2422
f 1964/2/2420 1990/2/2420 7470/2/2420 7471/2/2420
f 1652/2/2418 1651/2/2418 7156/2/2418 7153/2/2418
f 1990/2/2416 1981/2/2416 7469/2/2416 7470/2/2416
f 1655/2/2414 1654/2/2414 7143/2/2414 7144/2/2414
f 1980/2/2412 1989/2/2412 7467/2/2412 7468/2/2412
f 1658/2/2410 1659/2/2410 7464/2/2410 7151/2/2410
f 1988/2/2408 1963/2/2408 7465/2/2408 7466/2/2408
f 1659/2/2406 1660/2/2406 7154/2/2406 7464/2/2406
f 1962/2/2404 1985/2/2404 7463/2/2404 7462/2/2404
f 1645/2/2402 1644/2/2402 7146/2/2402 7147/2/2402
f 1974/2/2400 1962/2/2400 7462/2/2400 7461/2/2400
f 1638/2/2398 1637/2/2398 7460/2/2398 7121/2/2398
f 1954/2/2396 1974/2/2396 7461/2/2396 7459/2/2396
f 1637/2/2394 1636/2/2394 7458/2/2394 7460/2/2394
f 1984/2/2392 1954/2/2392 7459/2/2392 7457/2/2392
f 1636/2/2390 1635/2/2390 7456/2/2390 7458/2/2390
f 1955/2/2388 1984/2/2388 7457/2/2388 7455/2/2388
f 1635/2/2386 1634/2/2386 7126/2/2386 7456/2/2386
f 1982/2/2384 1955/2/2384 7455/2/2384 7454/2/2384
f 1633/2/2382 1632/2/2382 7453/2/2382 7123/2/2382
f 1961/2/2380 1982/2/2380 7454/2/2380 7449/2/2380
f 1632/2/2378 1631/2/2378 7150/2/2378 7453/2/2378
f 1975/2/2376 1960/2/2376 7451/2/2376 7452/2/2376
f 1626/2/2374 1627/2/2374 7114/2/2374 7127/2/2374
f 1960/2/2372 1983/2/2372 7450/2/2372 7451/2/2372
f 1624/2/2370 1623/2/2370 7448/2/2370 7125/2/2370
f 1983/2/2368 1961/2/2368 7449/2/2368 7450/2/2368
f 1623/2/2366 1622/2/2366 7124/2/2366 7448/2/2366
f 1932/2/2364 1945/2/2364 7426/2/2364 7447/2/2364
f 1609/2/2362 1608/2/2362 7122/2/2362 7120/2/2362
f 1951/2/2360 1979/2/2360 7445/2/2360 7446/2/2360
f 1615/2/2358 1614/2/2358 7443/2/2358 7107/2/2358
f 1978/2/2356 1959/2/2356 7442/2/2356 7444/2/2356
f 1614/2/2354 1613/2/2354 7106/2/2354 7443/2/2354
f 1959/2/2352 1977/2/2352 7441/2/2352 7442/2/2352
f 1605/2/2350 1606/2/2350 7099/2/2350 7097/2/2350
f 1976/2/2348 1958/2/2348 7439/2/2348 7440/2/2348
f 1602/2/2346 1603/2/2346 7096/2/2346 7091/2/2346
f 1957/2/2344 1950/2/2344 7437/2/2344 7438/2/2344
f 1600/2/2342 1599/2/2342 7108/2/2342 7109/2/2342
f 1950/2/2340 1956/2/2340 7436/2/2340 7437/2/2340
f 1597/2/2338 1601/2/2338 7111/2/2338 7101/2/2338
f 1973/2/2336 1952/2/2336 7435/2/2336 7433/2/2336
f 1586/2/2334 1585/2/2334 7432/2/2334 7087/2/2334
f 1972/2/2332 1973/2/2332 7433/2/2332 7434/2/2332
f 1585/2/2330 1584/2/2330 7086/2/2330 7432/2/2330
f 1949/2/2328 1970/2/2328 7431/2/2328 7429/2/2328
f 1579/2/2326 1580/2/2326 7074/2/2326 7069/2/2326
f 1969/2/2324 1949/2/2324 7429/2/2324 7430/2/2324
f 1578/2/2322 1577/2/2322 7427/2/2322 7062/2/2322
f 1953/2/2320 1968/2/2320 7428/2/2320 7422/2/2320
f 1577/2/2318 1576/2/2318 7090/2/2318 7427/2/2318
f 1945/2/2316 1967/2/2316 7425/2/2316 7426/2/2316
f 1572/2/2314 1573/2/2314 7059/2/2314 7424/2/2314
f 1967/2/2312 1944/2/2312 7423/2/2312 7425/2/2312
f 1571/2/2310 1572/2/2310 7424/2/2310 7057/2/2310
f 1944/2/2308 1953/2/2308 7422/2/2308 7423/2/2308
f 1560/2/2306 1559/2/2306 7077/2/2306 7075/2/2306
f 1942/2/2304 1926/2/2304 7421/2/2304 7397/2/2304
f 1567/2/2302 1566/2/2302 7419/2/2302 7061/2/2302
f 1937/2/2300 1943/2/2300 7418/2/2300 7420/2/2300
f 1566/2/2298 1565/2/2298 7416/2/2298 7419/2/2298
f 1943/2/2296 1936/2/2296 7417/2/2296 7418/2/2296
f 1565/2/2294 1564/2/2294 7067/2/2294 7416/2/2294
f 1935/2/2292 1948/2/2292 7414/2/2292 7415/2/2292
f 1563/2/2290 1562/2/2290 7063/2/2290 7064/2/2290
f 1946/2/2288 1934/2/2288 7412/2/2288 7413/2/2288
f 1555/2/2286 1554/2/2286 7065/2/2286 7066/2/2286
f 1916/2/2284 1938/2/2284 7410/2/2284 7411/2/2284
f 1547/2/2282 1546/2/2282 7056/2/2282 7051/2/2282
f 1890/2/2280 1941/2/2280 7386/2/2280 7409/2/2280
f 1552/2/2278 1551/2/2278 7406/2/2278 7042/2/2278
f 1912/2/2276 1931/2/2276 7407/2/2276 7408/2/2276
f 1551/2/2274 1550/2/2274 7050/2/2274 7406/2/2274
f 1929/2/2272 1911/2/2272 7404/2/2272 7405/2/2272
f 1541/2/2270 1540/2/2270 7402/2/2270 7044/2/2270
f 1910/2/2268 1928/2/2268 7401/2/2268 7403/2/2268
f 1540/2/2266 1539/2/2266 7068/2/2266 7402/2/2266
f 1928/2/2264 1909/2/2264 7400/2/2264 7401/2/2264
f 1537/2/2262 1536/2/2262 7399/2/2262 7031/2/2262
f 1909/2/2260 1927/2/2260 7398/2/2260 7400/2/2260
f 1536/2/2258 1535/2/2258 7396/2/2258 7399/2/2258
f 1927/2/2256 1942/2/2256 7397/2/2256 7398/2/2256
f 1535/2/2254 1534/2/2254 7030/2/2254 7396/2/2254
f 1914/2/2252 1913/2/2252 7395/2/2252 7394/2/2252
f 1524/2/2250 1525/2/2250 7043/2/2250 7041/2/2250
f 1908/2/2248 1914/2/2248 7394/2/2248 7393/2/2248
f 1523/2/2246 1522/2/2246 7392/2/2246 7029/2/2246
f 1900/2/2244 1908/2/2244 7393/2/2244 7391/2/2244
f 1522/2/2242 1521/2/2242 7028/2/2242 7392/2/2242
f 1915/2/2240 1900/2/2240 7391/2/2240 7389/2/2240
f 1516/2/2238 1517/2/2238 7023/2/2238 7388/2/2238
f 1907/2/2236 1915/2/2236 7389/2/2236 7390/2/2236
f 1515/2/2235 1516/2/2235 7388/2/2235 7021/2/2235
f 1901/2/2233 1905/2/2233 7387/2/2233 7383/2/2233
f 1510/2/2232 1509/2/2232 7026/2/2232 7027/2/2232
f 1941/2/2230 1939/2/2230 7385/2/2230 7386/2/2230
f 1499/2/2229 1498/2/2229 7013/2/2229 7004/2/2229
f 1940/2/2227 1901/2/2227 7383/2/2227 7384/2/2227
f 1496/2/2226 1495/2/2226 7381/2/2226 7009/2/2226
f 1866/2/2224 1896/2/2224 7361/2/2224 7382/2/2224
f 1495/2/2223 1494/2/2223 7008/2/2223 7381/2/2223
f 1879/2/2221 1904/2/2221 7379/2/2221 7380/2/2221
f 1487/2/2220 1492/2/2220 6992/2/2220 6984/2/2220
f 1904/2/2218 1894/2/2218 7378/2/2218 7379/2/2218
f 1482/2/2217 1481/2/2217 7006/2/2217 7007/2/2217
f 1892/2/2215 1878/2/2215 7376/2/2215 7377/2/2215
f 1479/2/2214 1478/2/2214 7374/2/2214 6991/2/2214
f 1878/2/2212 1903/2/2212 7375/2/2212 7376/2/2212
f 1478/2/2211 1477/2/2211 7372/2/2211 7374/2/2211
f 1902/2/2209 1877/2/2209 7371/2/2209 7373/2/2209
f 1477/2/2208 1476/2/2208 6990/2/2208 7372/2/2208
f 1877/2/2206 1891/2/2206 7370/2/2206 7371/2/2206
f 1475/2/2205 1474/2/2205 7368/2/2205 6988/2/2205
f 1899/2/2203 1875/2/2203 7369/2/2203 7367/2/2203
f 1474/2/2202 1473/2/2202 6987/2/2202 7368/2/2202
f 1886/2/2200 1899/2/2200 7367/2/2200 7365/2/2200
f 1463/2/2199 1462/2/2199 6971/2/2199 6972/2/2199
f 1898/2/2197 1886/2/2197 7365/2/2197 7366/2/2197
f 1461/2/2196 1460/2/2196 6968/2/2196 6969/2/2196
f 1895/2/2194 1897/2/2194 7364/2/2194 7362/2/2194
f 1454/2/2193 1455/2/2193 6954/2/2193 6973/2/2193
f 1874/2/2191 1895/2/2191 7362/2/2191 7363/2/2191
f 1450/2/2190 1449/2/2190 6964/2/2190 6965/2/2190
f 1896/2/2188 1872/2/2188 7360/2/2188 7361/2/2188
f 1446/2/2187 1447/2/2187 6960/2/2187 6958/2/2187
f 1842/2/2185 1881/2/2185 7337/2/2185 7359/2/2185
f 1445/2/2184 1444/2/2184 6950/2/2184 6951/2/2184
f 1888/2/2182 1861/2/2182 7357/2/2182 7358/2/2182
f 1439/2/2181 1440/2/2181 6941/2/2181 6939/2/2181
f 1861/2/2179 1887/2/2179 7356/2/2179 7357/2/2179
f 1435/2/2178 1436/2/2178 6936/2/2178 6934/2/2178
f 1887/2/2176 1860/2/2176 7355/2/2176 7356/2/2176
f 1421/2/2175 1420/2/2175 6944/2/2175 6945/2/2175
f 1860/2/2173 1871/2/2173 7354/2/2173 7355/2/2173
f 1419/2/2172 1418/2/2172 7352/2/2172 6926/2/2172
f 1855/2/2170 1889/2/2170 7353/2/2170 7351/2/2170
f 1418/2/2169 1417/2/2169 7350/2/2169 7352/2/2169
f 1880/2/2167 1855/2/2167 7351/2/2167 7349/2/2167
f 1417/2/2166 1416/2/2166 7348/2/2166 7350/2/2166
f 1885/2/2164 1880/2/2164 7349/2/2164 7346/2/2164
f 1416/2/2163 1415/2/2163 7345/2/2163 7348/2/2163
f 1865/2/2161 1885/2/2161 7346/2/2161 7347/2/2161
f 1415/2/2160 1414/2/2160 7343/2/2160 7345/2/2160
f 1884/2/2158 1864/2/2158 7344/2/2158 7342/2/2158
f 1414/2/2157 1413/2/2157 7341/2/2157 7343/2/2157
f 1863/2/2155 1884/2/2155 7342/2/2155 7339/2/2155
f 1413/2/2154 1412/2/2154 7338/2/2154 7341/2/2154
f 1883/2/2152 1863/2/2152 7339/2/2152 7340/2/2152
f 1412/2/2151 1411/2/2151 6929/2/2151 7338/2/2151
f 1881/2/2149 1862/2/2149 7336/2/2149 7337/2/2149
f 1404/2/2148 1403/2/2148 7334/2/2148 6911/2/2148
f 1862/2/2146 1882/2/2146 7335/2/2146 7336/2/2146
f 1403/2/2145 1402/2/2145 6908/2/2145 7334/2/2145
f 1827/2/2143 1833/2/2143 7314/2/2143 7333/2/2143
f 1396/2/2142 1397/2/2142 6882/2/2142 6883/2/2142
f 1858/2/2140 1848/2/2140 7331/2/2140 7332/2/2140
f 1394/2/2139 1395/2/2139 6923/2/2139 6921/2/2139
f 1848/2/2137 1857/2/2137 7330/2/2137 7331/2/2137
f 1391/2/2136 1390/2/2136 6912/2/2136 6913/2/2136
f 1857/2/2134 1847/2/2134 7329/2/2134 7330/2/2134
f 1379/2/2133 1378/2/2133 6868/2/2133 6870/2/2133
f 1845/2/2131 1856/2/2131 7327/2/2131 7328/2/2131
f 1375/2/2130 1376/2/2130 6851/2/2130 6845/2/2130
f 1856/2/2128 1844/2/2128 7326/2/2128 7327/2/2128
f 1366/2/2127 1365/2/2127 6835/2/2127 6837/2/2127
f 1851/2/2125 1859/2/2125 7325/2/2125 7323/2/2125
f 1360/2/2124 1361/2/2124 6828/2/2124 6826/2/2124
f 1841/2/2122 1851/2/2122 7323/2/2122 7324/2/2122
f 1356/2/2121 1355/2/2121 7321/2/2121 6833/2/2121
f 1854/2/2119 1839/2/2119 7322/2/2119 7319/2/2119
f 1355/2/2118 1354/2/2118 7318/2/2118 7321/2/2118
f 1850/2/2116 1854/2/2116 7319/2/2116 7320/2/2116
f 1354/2/2115 1353/2/2115 7315/2/2115 7318/2/2115
f 1853/2/2113 1849/2/2113 7316/2/2113 7317/2/2113
f 1353/2/2112 1352/2/2112 6841/2/2112 7315/2/2112
f 1833/2/2110 1826/2/2110 7313/2/2110 7314/2/2110
f 1348/2/2109 1347/2/2109 7311/2/2109 6811/2/2109
f 1826/2/2107 1852/2/2107 7312/2/2107 7313/2/2107
f 1347/2/2106 1346/2/2106 6810/2/2106 7311/2/2106
f 1804/2/2104 1823/2/2104 7297/2/2104 7284/2/2104
f 1345/2/2103 1344/2/2103 6843/2/2103 6808/2/2103
f 1834/2/2101 1821/2/2101 7309/2/2101 7310/2/2101
f 1341/2/2100 1342/2/2100 6804/2/2100 6802/2/2100
f 1821/2/2098 1830/2/2098 7308/2/2098 7309/2/2098
f 1331/2/2097 1332/2/2097 6807/2/2097 6803/2/2097
f 1829/2/2095 1820/2/2095 7306/2/2095 7307/2/2095
f 1820/2/2093 1828/2/2093 7305/2/2093 7306/2/2093
f 1832/2/2090 1838/2/2090 7304/2/2090 7303/2/2090
f 1812/2/2087 1832/2/2087 7303/2/2087 7301/2/2087
f 1819/2/2084 1812/2/2084 7301/2/2084 7302/2/2084
f 1825/2/2081 1817/2/2081 7300/2/2081 7299/2/2081
f 1822/2/2078 1825/2/2078 7299/2/2078 7298/2/2078
f 1816/2/2075 1822/2/2075 7298/2/2075 7294/2/2075
f 1823/2/2072 1831/2/2072 7296/2/2072 7297/2/2072
f 1831/2/2069 1824/2/2069 7295/2/2069 7296/2/2069
f 1824/2/2066 1816/2/2066 7294/2/2066 7295/2/2066
f 1775/2/2063 1809/2/2063 7275/2/2063 7263/2/2063
f 1815/2/2060 1792/2/2060 7293/2/2060 7282/2/2060
f 1792/2/2057 1814/2/2057 7292/2/2057 7293/2/2057
f 1814/2/2054 1808/2/2054 7291/2/2054 7292/2/2054
f 1807/2/2051 1791/2/2051 7289/2/2051 7290/2/2051
f 1791/2/2048 1806/2/2048 7288/2/2048 7289/2/2048
f 1805/2/2045 1813/2/2045 7286/2/2045 7287/2/2045
f 1813/2/2042 1790/2/2042 7285/2/2042 7286/2/2042
f 1790/2/2039 1804/2/2039 7284/2/2039 7285/2/2039
f 1789/2/2036 1815/2/2036 7282/2/2036 7283/2/2036
f 1796/2/2033 1788/2/2033 7281/2/2033 7280/2/2033
f 1811/2/2030 1796/2/2030 7280/2/2030 7279/2/2030
f 1787/2/2027 1811/2/2027 7279/2/2027 7277/2/2027
f 1797/2/2024 1787/2/2024 7277/2/2024 7278/2/2024
f 1810/2/2021 1798/2/2021 7276/2/2021 7272/2/2021
f 1809/2/2018 1781/2/2018 7274/2/2018 7275/2/2018
f 1781/2/2015 1786/2/2015 7273/2/2015 7274/2/2015
f 1786/2/2012 1810/2/2012 7272/2/2012 7273/2/2012
f 1760/2/2009 1769/2/2009 7254/2/2009 7241/2/2009
f 1802/2/2006 1785/2/2006 7270/2/2006 7271/2/2006
f 1784/2/2003 1801/2/2003 7268/2/2003 7269/2/2003
f 1799/2/2000 1783/2/2000 7266/2/2000 7267/2/2000
f 1783/2/1997 1776/2/1997 7265/2/1997 7266/2/1997
f 1776/2/1994 1782/2/1994 7264/2/1994 7265/2/1994
f 1782/2/1991 1775/2/1991 7263/2/1991 7264/2/1991
f 1780/2/1988 1803/2/1988 7262/2/1988 7261/2/1988
f 1768/2/1985 1780/2/1985 7261/2/1985 7260/2/1985
f 1778/2/1982 1768/2/1982 7260/2/1982 7259/2/1982
f 1794/2/1979 1778/2/1979 7259/2/1979 7258/2/1979
f 1774/2/1976 1794/2/1976 7258/2/1976 7257/2/1976
f 1793/2/1973 1774/2/1973 7257/2/1973 7256/2/1973
f 1795/2/1970 1793/2/1970 7256/2/1970 7255/2/1970
f 1777/2/1967 1795/2/1967 7255/2/1967 7251/2/1967
f 1769/2/1964 1773/2/1964 7253/2/1964 7254/2/1964
f 1773/2/1961 1779/2/1961 7252/2/1961 7253/2/1961
f 1779/2/1958 1777/2/1958 7251/2/1958 7252/2/1958
f 1729/2/1955 1741/2/1955 7231/2/1955 7220/2/1955
f 1765/2/1952 1747/2/1952 7250/2/1952 7240/2/1952
f 1747/2/1949 1764/2/1949 7249/2/1949 7250/2/1949
f 1763/2/1946 1746/2/1946 7247/2/1946 7248/2/1946
f 1746/2/1943 1762/2/1943 7246/2/1943 7247/2/1943
f 1762/2/1940 1772/2/1940 7245/2/1940 7246/2/1940
f 1771/2/1937 1761/2/1937 7243/2/1937 7244/2/1937
f 1761/2/1934 1770/2/1934 7242/2/1934 7243/2/1934
f 1770/2/1931 1760/2/1931 7241/2/1931 7242/2/1931
f 1753/2/1928 1765/2/1928 7240/2/1928 7239/2/1928
f 1737/2/1925 1753/2/1925 7239/2/1925 7238/2/1925
f 1745/2/1922 1737/2/1922 7238/2/1922 7237/2/1922
f 1767/2/1919 1745/2/1919 7237/2/1919 7236/2/1919
f 1744/2/1916 1767/2/1916 7236/2/1916 7235/2/1916
f 1759/2/1913 1744/2/1913 7235/2/1913 7234/2/1913
f 1738/2/1910 1759/2/1910 7234/2/1910 7232/2/1910
f 1743/2/1907 1738/2/1907 7232/2/1907 7233/2/1907
f 1741/2/1904 1766/2/1904 7230/2/1904 7231/2/1904
f 1766/2/1901 1742/2/1901 7229/2/1901 7230/2/1901
f 1712/2/1898 1735/2/1898 7211/2/1898 7200/2/1898
f 1740/2/1895 1758/2/1895 7228/2/1895 7218/2/1895
f 1758/2/1892 1739/2/1892 7227/2/1892 7228/2/1892
f 1739/2/1889 1732/2/1889 7226/2/1889 7227/2/1889
f 1732/2/1886 1757/2/1886 7225/2/1886 7226/2/1886
f 1755/2/1883 1731/2/1883 7223/2/1883 7224/2/1883
f 1730/2/1880 1754/2/1880 7221/2/1880 7222/2/1880
f 1754/2/1877 1729/2/1877 7220/2/1877 7221/2/1877
f 1752/2/1874 1740/2/1874 7218/2/1874 7219/2/1874
f 1734/2/1871 1751/2/1871 7217/2/1871 7216/2/1871
f 1736/2/1868 1734/2/1868 7216/2/1868 7215/2/1868
f 1728/2/1865 1736/2/1865 7215/2/1865 7214/2/1865
f 1749/2/1862 1728/2/1862 7214/2/1862 7213/2/1862
f 1750/2/1859 1749/2/1859 7213/2/1859 7212/2/1859
f 1733/2/1856 1750/2/1856 7212/2/1856 7208/2/1856
f 1735/2/1853 1748/2/1853 7210/2/1853 7211/2/1853
f 1748/2/1850 1721/2/1850 7209/2/1850 7210/2/1850
f 1721/2/1847 1733/2/1847 7208/2/1847 7209/2/1847
f 1716/2/1844 1727/2/1844 7207/2/1844 7199/2/1844
f 1724/2/1841 1715/2/1841 7205/2/1841 7206/2/1841
f 1715/2/1838 1723/2/1838 7204/2/1838 7205/2/1838
f 1723/2/1835 1714/2/1835 7203/2/1835 7204/2/1835
f 1713/2/1832 1722/2/1832 7201/2/1832 7202/2/1832
f 1722/2/1829 1712/2/1829 7200/2/1829 7201/2/1829
f 1720/2/1826 1716/2/1826 7199/2/1826 7198/2/1826
f 1718/2/1823 1720/2/1823 7198/2/1823 7197/2/1823
f 1719/2/1820 1718/2/1820 7197/2/1820 7196/2/1820
f 1704/2/1817 1719/2/1817 7196/2/1817 7195/2/1817
f 1707/2/1814 1704/2/1814 7195/2/1814 7194/2/1814
f 1695/2/1811 1707/2/1811 7194/2/1811 7193/2/1811
f 1717/2/1808 1695/2/1808 7193/2/1808 7192/2/1808
f 1711/2/1805 1717/2/1805 7192/2/1805 7188/2/1805
f 1710/2/1802 1703/2/1802 7190/2/1802 7191/2/1802
f 1703/2/1799 1708/2/1799 7189/2/1799 7190/2/1799
f 1708/2/1796 1711/2/1796 7188/2/1796 7189/2/1796
f 1661/2/1793 1680/2/1793 7173/2/1793 7161/2/1793
f 1689/2/1790 1702/2/1790 7187/2/1790 7181/2/1790
f 1702/2/1787 1688/2/1787 7186/2/1787 7187/2/1787
f 1688/2/1784 1701/2/1784 7185/2/1784 7186/2/1784
f 1696/2/1781 1687/2/1781 7183/2/1781 7184/2/1781
f 1687/2/1778 1709/2/1778 7182/2/1778 7183/2/1778
f 1694/2/1775 1689/2/1775 7181/2/1775 7180/2/1775
f 1706/2/1772 1694/2/1772 7180/2/1772 7179/2/1772
f 1705/2/1769 1706/2/1769 7179/2/1769 7178/2/1769
f 1691/2/1766 1705/2/1766 7178/2/1766 7177/2/1766
f 1693/2/1763 1691/2/1763 7177/2/1763 7176/2/1763
f 1686/2/1760 1693/2/1760 7176/2/1760 7175/2/1760
f 1690/2/1757 1686/2/1757 7175/2/1757 7174/2/1757
f 1692/2/1754 1690/2/1754 7174/2/1754 7170/2/1754
f 1680/2/1751 1684/2/1751 7172/2/1751 7173/2/1751
f 1685/2/1748 1692/2/1748 7170/2/1748 7171/2/1748
f 1642/2/1745 1672/2/1745 7152/2/1745 7140/2/1745
f 1678/2/1742 1666/2/1742 7169/2/1742 7160/2/1742
f 1666/2/1739 1677/2/1739 7168/2/1739 7169/2/1739
f 1677/2/1736 1683/2/1736 7167/2/1736 7168/2/1736
f 1683/2/1733 1665/2/1733 7166/2/1733 7167/2/1733
f 1663/2/1730 1682/2/1730 7164/2/1730 7165/2/1730
f 1682/2/1727 1662/2/1727 7163/2/1727 7164/2/1727
f 1662/2/1724 1681/2/1724 7162/2/1724 7163/2/1724
f 1681/2/1721 1661/2/1721 7161/2/1721 7162/2/1721
f 1679/2/1718 1678/2/1718 7160/2/1718 7159/2/1718
f 1650/2/1715 1679/2/1715 7159/2/1715 7157/2/1715
f 1676/2/1712 1650/2/1712 7157/2/1712 7158/2/1712
f 1651/2/1709 1674/2/1709 7155/2/1709 7156/2/1709
f 1660/2/1706 1652/2/1706 7153/2/1706 7154/2/1706
f 1672/2/1703 1658/2/1703 7151/2/1703 7152/2/1703
f 1631/2/1700 1647/2/1700 7130/2/1700 7150/2/1700
f 1657/2/1697 1646/2/1697 7149/2/1697 7139/2/1697
f 1646/2/1694 1656/2/1694 7148/2/1694 7149/2/1694
f 1656/2/1691 1645/2/1691 7147/2/1691 7148/2/1691
f 1644/2/1688 1673/2/1688 7145/2/1688 7146/2/1688
f 1673/2/1685 1655/2/1685 7144/2/1685 7145/2/1685
f 1654/2/1682 1643/2/1682 7142/2/1682 7143/2/1682
f 1643/2/1679 1653/2/1679 7141/2/1679 7142/2/1679
f 1653/2/1676 1642/2/1676 7140/2/1676 7141/2/1676
f 1667/2/1673 1657/2/1673 7139/2/1673 7138/2/1673
f 1649/2/1670 1667/2/1670 7138/2/1670 7137/2/1670
f 1671/2/1667 1649/2/1667 7137/2/1667 7136/2/1667
f 1641/2/1664 1671/2/1664 7136/2/1664 7135/2/1664
f 1670/2/1661 1641/2/1661 7135/2/1661 7134/2/1661
f 1640/2/1658 1670/2/1658 7134/2/1658 7133/2/1658
f 1648/2/1655 1640/2/1655 7133/2/1655 7131/2/1655
f 1669/2/1652 1648/2/1652 7131/2/1652 7132/2/1652
f 1647/2/1649 1639/2/1649 7129/2/1649 7130/2/1649
f 1639/2/1646 1668/2/1646 7128/2/1646 7129/2/1646
f 1620/2/1643 1626/2/1643 7127/2/1643 7102/2/1643
f 1634/2/1640 1624/2/1640 7125/2/1640 7126/2/1640
f 1622/2/1637 1633/2/1637 7123/2/1637 7124/2/1637
f 1608/2/1634 1638/2/1634 7121/2/1634 7122/2/1634
f 1630/2/1631 1609/2/1631 7120/2/1631 7119/2/1631
f 1610/2/1628 1630/2/1628 7119/2/1628 7118/2/1628
f 1629/2/1625 1610/2/1625 7118/2/1625 7117/2/1625
f 1619/2/1622 1629/2/1622 7117/2/1622 7116/2/1622
f 1625/2/1619 1619/2/1619 7116/2/1619 7115/2/1619
f 1628/2/1616 1625/2/1616 7115/2/1616 7112/2/1616
f 1627/2/1613 1611/2/1613 7113/2/1613 7114/2/1613
f 1611/2/1610 1628/2/1610 7112/2/1610 7113/2/1610
f 1592/2/1607 1617/2/1607 7094/2/1607 7081/2/1607
f 1601/2/1604 1616/2/1604 7110/2/1604 7111/2/1604
f 1616/2/1601 1600/2/1601 7109/2/1601 7110/2/1601
f 1599/2/1598 1615/2/1598 7107/2/1598 7108/2/1598
f 1613/2/1595 1621/2/1595 7105/2/1595 7106/2/1595
f 1621/2/1592 1598/2/1592 7104/2/1592 7105/2/1592
f 1598/2/1589 1612/2/1589 7103/2/1589 7104/2/1589
f 1612/2/1586 1620/2/1586 7102/2/1586 7103/2/1586
f 1607/2/1583 1597/2/1583 7101/2/1583 7100/2/1583
f 1604/2/1580 1607/2/1580 7100/2/1580 7098/2/1580
f 1606/2/1577 1604/2/1577 7098/2/1577 7099/2/1577
f 1596/2/1574 1605/2/1574 7097/2/1574 7095/2/1574
f 1603/2/1571 1596/2/1571 7095/2/1571 7096/2/1571
f 1617/2/1568 1618/2/1568 7093/2/1568 7094/2/1568
f 1618/2/1565 1595/2/1565 7092/2/1565 7093/2/1565
f 1595/2/1562 1602/2/1562 7091/2/1562 7092/2/1562
f 1576/2/1559 1588/2/1559 7072/2/1559 7090/2/1559
f 1587/2/1556 1570/2/1556 7089/2/1556 7080/2/1556
f 1570/2/1553 1594/2/1553 7088/2/1553 7089/2/1553
f 1594/2/1550 1586/2/1550 7087/2/1550 7088/2/1550
f 1584/2/1547 1593/2/1547 7085/2/1547 7086/2/1547
f 1593/2/1544 1583/2/1544 7084/2/1544 7085/2/1544
f 1583/2/1541 1569/2/1541 7083/2/1541 7084/2/1541
f 1569/2/1538 1582/2/1538 7082/2/1538 7083/2/1538
f 1582/2/1535 1592/2/1535 7081/2/1535 7082/2/1535
f 1568/2/1532 1587/2/1532 7080/2/1532 7079/2/1532
f 1591/2/1529 1568/2/1529 7079/2/1529 7078/2/1529
f 1581/2/1526 1591/2/1526 7078/2/1526 7076/2/1526
f 1559/2/1523 1581/2/1523 7076/2/1523 7077/2/1523
f 1589/2/1520 1560/2/1520 7075/2/1520 7073/2/1520
f 1580/2/1517 1589/2/1517 7073/2/1517 7074/2/1517
f 1588/2/1514 1561/2/1514 7071/2/1514 7072/2/1514
f 1561/2/1511 1590/2/1511 7070/2/1511 7071/2/1511
f 1590/2/1508 1579/2/1508 7069/2/1508 7070/2/1508
f 1539/2/1505 1556/2/1505 7054/2/1505 7068/2/1505
f 1564/2/1502 1555/2/1502 7066/2/1502 7067/2/1502
f 1554/2/1499 1563/2/1499 7064/2/1499 7065/2/1499
f 1562/2/1496 1578/2/1496 7062/2/1496 7063/2/1496
f 1557/2/1493 1567/2/1493 7061/2/1493 7060/2/1493
f 1553/2/1490 1557/2/1490 7060/2/1490 7058/2/1490
f 1573/2/1487 1553/2/1487 7058/2/1487 7059/2/1487
f 1575/2/1484 1571/2/1484 7057/2/1484 7055/2/1484
f 1546/2/1481 1575/2/1481 7055/2/1481 7056/2/1481
f 1556/2/1478 1574/2/1478 7053/2/1478 7054/2/1478
f 1574/2/1475 1558/2/1475 7052/2/1475 7053/2/1475
f 1558/2/1472 1547/2/1472 7051/2/1472 7052/2/1472
f 1520/2/1469 1543/2/1469 7035/2/1469 7025/2/1469
f 1550/2/1466 1527/2/1466 7049/2/1466 7050/2/1466
f 1527/2/1463 1549/2/1463 7048/2/1463 7049/2/1463
f 1549/2/1460 1542/2/1460 7047/2/1460 7048/2/1460
f 1542/2/1457 1526/2/1457 7046/2/1457 7047/2/1457
f 1526/2/1454 1548/2/1454 7045/2/1454 7046/2/1454
f 1548/2/1451 1541/2/1451 7044/2/1451 7045/2/1451
f 1525/2/1448 1552/2/1448 7042/2/1448 7043/2/1448
f 1531/2/1445 1524/2/1445 7041/2/1445 7040/2/1445
f 1545/2/1442 1531/2/1442 7040/2/1442 7039/2/1442
f 1518/2/1439 1545/2/1439 7039/2/1439 7038/2/1439
f 1532/2/1436 1518/2/1436 7038/2/1436 7037/2/1436
f 1538/2/1433 1532/2/1433 7037/2/1433 7036/2/1433
f 1544/2/1430 1538/2/1430 7036/2/1430 7032/2/1430
f 1543/2/1427 1519/2/1427 7034/2/1427 7035/2/1427
f 1519/2/1424 1533/2/1424 7033/2/1424 7034/2/1424
f 1533/2/1421 1544/2/1421 7032/2/1421 7033/2/1421
f 1507/2/1418 1528/2/1418 7017/2/1418 7005/2/1418
f 1511/2/1415 1537/2/1415 7031/2/1415 7024/2/1415
f 1534/2/1412 1523/2/1412 7029/2/1412 7030/2/1412
f 1521/2/1409 1510/2/1409 7027/2/1409 7028/2/1409
f 1509/2/1406 1520/2/1406 7025/2/1406 7026/2/1406
f 1530/2/1403 1511/2/1403 7024/2/1403 7022/2/1403
f 1517/2/1400 1530/2/1400 7022/2/1400 7023/2/1400
f 1512/2/1397 1515/2/1397 7021/2/1397 7020/2/1397
f 1505/2/1394 1512/2/1394 7020/2/1394 7019/2/1394
f 1514/2/1391 1505/2/1391 7019/2/1391 7018/2/1391
f 1529/2/1388 1514/2/1388 7018/2/1388 7014/2/1388
f 1528/2/1385 1506/2/1385 7016/2/1385 7017/2/1385
f 1506/2/1382 1513/2/1382 7015/2/1382 7016/2/1382
f 1513/2/1379 1529/2/1379 7014/2/1379 7015/2/1379
f 1490/2/1376 1472/2/1376 6996/2/1376 6985/2/1376
f 1498/2/1373 1483/2/1373 7012/2/1373 7013/2/1373
f 1483/2/1370 1497/2/1370 7011/2/1370 7012/2/1370
f 1497/2/1367 1508/2/1367 7010/2/1367 7011/2/1367
f 1508/2/1364 1496/2/1364 7009/2/1364 7010/2/1364
f 1494/2/1361 1482/2/1361 7007/2/1361 7008/2/1361
f 1481/2/1358 1507/2/1358 7005/2/1358 7006/2/1358
f 1504/2/1355 1499/2/1355 7004/2/1355 7003/2/1355
f 1493/2/1352 1504/2/1352 7003/2/1352 7002/2/1352
f 1488/2/1349 1493/2/1349 7002/2/1349 7001/2/1349
f 1480/2/1346 1488/2/1346 7001/2/1346 7000/2/1346
f 1501/2/1343 1480/2/1343 7000/2/1343 6999/2/1343
f 1503/2/1340 1501/2/1340 6999/2/1340 6998/2/1340
f 1471/2/1337 1503/2/1337 6998/2/1337 6997/2/1337
f 1502/2/1334 1471/2/1334 6997/2/1334 6993/2/1334
f 1472/2/1331 1500/2/1331 6995/2/1331 6996/2/1331
f 1500/2/1328 1489/2/1328 6994/2/1328 6995/2/1328
f 1489/2/1325 1502/2/1325 6993/2/1325 6994/2/1325
f 1432/2/1322 1464/2/1322 6977/2/1322 6963/2/1322
f 1492/2/1319 1479/2/1319 6991/2/1319 6992/2/1319
f 1476/2/1316 1491/2/1316 6989/2/1316 6990/2/1316
f 1491/2/1313 1475/2/1313 6988/2/1313 6989/2/1313
f 1473/2/1310 1466/2/1310 6986/2/1310 6987/2/1310
f 1466/2/1307 1490/2/1307 6985/2/1307 6986/2/1307
f 1468/2/1304 1487/2/1304 6984/2/1304 6983/2/1304
f 1485/2/1301 1468/2/1301 6983/2/1301 6982/2/1301
f 1458/2/1298 1485/2/1298 6982/2/1298 6981/2/1298
f 1465/2/1295 1458/2/1295 6981/2/1295 6980/2/1295
f 1470/2/1292 1465/2/1292 6980/2/1292 6979/2/1292
f 1467/2/1289 1470/2/1289 6979/2/1289 6978/2/1289
f 1469/2/1286 1467/2/1286 6978/2/1286 6974/2/1286
f 1464/2/1283 1486/2/1283 6976/2/1283 6977/2/1283
f 1486/2/1280 1484/2/1280 6975/2/1280 6976/2/1280
f 1484/2/1277 1469/2/1277 6974/2/1277 6975/2/1277
f 1441/2/1274 1454/2/1274 6973/2/1274 6942/2/1274
f 1433/2/1271 1463/2/1271 6972/2/1271 6962/2/1271
f 1462/2/1268 1452/2/1268 6970/2/1268 6971/2/1268
f 1452/2/1265 1461/2/1265 6969/2/1265 6970/2/1265
f 1460/2/1262 1451/2/1262 6967/2/1262 6968/2/1262
f 1451/2/1259 1459/2/1259 6966/2/1259 6967/2/1259
f 1459/2/1256 1450/2/1256 6965/2/1256 6966/2/1256
f 1449/2/1253 1432/2/1253 6963/2/1253 6964/2/1253
f 1448/2/1250 1433/2/1250 6962/2/1250 6961/2/1250
f 1457/2/1247 1448/2/1247 6961/2/1247 6959/2/1247
f 1447/2/1244 1457/2/1244 6959/2/1244 6960/2/1244
f 1431/2/1241 1446/2/1241 6958/2/1241 6957/2/1241
f 1453/2/1238 1431/2/1238 6957/2/1238 6956/2/1238
f 1430/2/1235 1453/2/1235 6956/2/1235 6955/2/1235
f 1456/2/1232 1430/2/1232 6955/2/1232 6952/2/1232
f 1455/2/1229 1429/2/1229 6953/2/1229 6954/2/1229
f 1429/2/1226 1456/2/1226 6952/2/1226 6953/2/1226
f 1410/2/1223 1425/2/1223 6933/2/1223 6927/2/1223
f 1422/2/1220 1445/2/1220 6951/2/1220 6940/2/1220
f 1444/2/1217 1428/2/1217 6949/2/1217 6950/2/1217
f 1428/2/1214 1443/2/1214 6948/2/1214 6949/2/1214
f 1443/2/1211 1427/2/1211 6947/2/1211 6948/2/1211
f 1427/2/1208 1442/2/1208 6946/2/1208 6947/2/1208
f 1442/2/1205 1421/2/1205 6945/2/1205 6946/2/1205
f 1420/2/1202 1426/2/1202 6943/2/1202 6944/2/1202
f 1426/2/1199 1441/2/1199 6942/2/1199 6943/2/1199
f 1440/2/1196 1422/2/1196 6940/2/1196 6941/2/1196
f 1424/2/1193 1439/2/1193 6939/2/1193 6938/2/1193
f 1437/2/1190 1424/2/1190 6938/2/1190 6937/2/1190
f 1423/2/1187 1437/2/1187 6937/2/1187 6935/2/1187
f 1436/2/1184 1423/2/1184 6935/2/1184 6936/2/1184
f 1409/2/1181 1435/2/1181 6934/2/1181 6930/2/1181
f 1425/2/1178 1434/2/1178 6932/2/1178 6933/2/1178
f 1434/2/1175 1438/2/1175 6931/2/1175 6932/2/1175
f 1438/2/1172 1409/2/1172 6930/2/1172 6931/2/1172
f 2645/2/1169 1401/2/1169 6918/2/1169 6902/2/1169
f 1411/2/1166 1406/2/1166 6928/2/1166 6929/2/1166
f 1406/2/1163 1410/2/1163 6927/2/1163 6928/2/1163
f 1400/2/1160 1419/2/1160 6926/2/1160 6925/2/1160
f 1386/2/1157 1400/2/1157 6925/2/1157 6924/2/1157
f 1408/2/1154 1386/2/1154 6924/2/1154 6922/2/1154
f 1395/2/1151 1408/2/1151 6922/2/1151 6923/2/1151
f 1405/2/1148 1394/2/1148 6921/2/1148 6920/2/1148
f 1407/2/1145 1405/2/1145 6920/2/1145 6919/2/1145
f 1393/2/1142 1407/2/1142 6919/2/1142 6915/2/1142
f 1401/2/1139 1392/2/1139 6917/2/1139 6918/2/1139
f 2595/2/1138 1333/2/1138 6764/2/1138 6909/2/1138
f 1392/2/1136 1387/2/1136 6916/2/1136 6917/2/1136
f 2570/2/1135 2602/2/1135 6891/2/1135 6875/2/1135
f 1387/2/1133 1393/2/1133 6915/2/1133 6916/2/1133
f 2598/2/1132 2583/2/1132 6725/2/1132 6738/2/1132
f 2636/2/1130 1384/2/1130 6884/2/1130 6863/2/1130
f 2582/2/1129 2606/2/1129 6743/2/1129 6724/2/1129
f 1381/2/1127 2647/2/1127 6914/2/1127 6900/2/1127
f 2605/2/1126 2597/2/1126 6736/2/1126 6742/2/1126
f 2647/2/1124 1391/2/1124 6913/2/1124 6914/2/1124
f 2596/2/1123 2581/2/1123 6910/2/1123 6735/2/1123
f 1390/2/1121 1404/2/1121 6911/2/1121 6912/2/1121
f 2581/2/1120 2595/2/1120 6909/2/1120 6910/2/1120
f 1402/2/1118 1389/2/1118 6907/2/1118 6908/2/1118
f 2586/2/1117 2600/2/1117 6740/2/1117 6906/2/1117
f 1389/2/1115 2646/2/1115 6905/2/1115 6907/2/1115
f 2594/2/1114 2586/2/1114 6906/2/1114 6904/2/1114
f 2646/2/1112 1388/2/1112 6903/2/1112 6905/2/1112
f 2580/2/1111 2594/2/1111 6904/2/1111 6901/2/1111
f 1388/2/1109 2645/2/1109 6902/2/1109 6903/2/1109
f 2587/2/1108 2580/2/1108 6901/2/1108 6899/2/1108
f 2640/2/1106 1381/2/1106 6900/2/1106 6898/2/1106
f 2575/2/1105 2587/2/1105 6899/2/1105 6897/2/1105
f 2644/2/1103 2640/2/1103 6898/2/1103 6896/2/1103
f 2604/2/1102 2575/2/1102 6897/2/1102 6895/2/1102
f 1385/2/1100 2644/2/1100 6896/2/1100 6894/2/1100
f 2601/2/1099 2604/2/1099 6895/2/1099 6893/2/1099
f 1399/2/1097 1385/2/1097 6894/2/1097 6892/2/1097
f 2603/2/1096 2601/2/1096 6893/2/1096 6886/2/1096
f 1383/2/1094 1399/2/1094 6892/2/1094 6890/2/1094
f 2602/2/1093 2576/2/1093 6889/2/1093 6891/2/1093
f 1398/2/1091 1383/2/1091 6890/2/1091 6888/2/1091
f 2576/2/1090 2593/2/1090 6887/2/1090 6889/2/1090
f 1382/2/1088 1398/2/1088 6888/2/1088 6885/2/1088
f 2593/2/1087 2603/2/1087 6886/2/1087 6887/2/1087
f 2641/2/1085 1382/2/1085 6885/2/1085 6881/2/1085
f 2557/2/1084 2565/2/1084 6859/2/1084 6844/2/1084
f 1384/2/1082 1396/2/1082 6883/2/1082 6884/2/1082
f 2590/2/1081 2572/2/1081 6880/2/1081 6730/2/1081
f 1397/2/1079 2641/2/1079 6881/2/1079 6882/2/1079
f 2572/2/1078 2579/2/1078 6879/2/1078 6880/2/1078
f 1351/2/1076 2638/2/1076 6849/2/1076 6834/2/1076
f 2579/2/1075 2589/2/1075 6728/2/1075 6879/2/1075
f 1374/2/1073 2643/2/1073 6878/2/1073 6861/2/1073
f 2588/2/1072 2571/2/1072 6877/2/1072 6727/2/1072
f 2643/2/1070 1369/2/1070 6876/2/1070 6878/2/1070
f 2571/2/1069 2578/2/1069 6722/2/1069 6877/2/1069
f 1369/2/1067 1380/2/1067 6874/2/1067 6876/2/1067
f 2577/2/1066 2570/2/1066 6875/2/1066 6721/2/1066
f 1380/2/1064 1368/2/1064 6873/2/1064 6874/2/1064
f 2574/2/1063 2592/2/1063 6733/2/1063 6872/2/1063
f 1368/2/1061 1373/2/1061 6871/2/1061 6873/2/1061
f 2569/2/1060 2574/2/1060 6872/2/1060 6869/2/1060
f 1373/2/1058 1379/2/1058 6870/2/1058 6871/2/1058
f 2585/2/1057 2569/2/1057 6869/2/1057 6867/2/1057
f 1378/2/1055 2637/2/1055 6866/2/1055 6868/2/1055
f 2568/2/1054 2585/2/1054 6867/2/1054 6865/2/1054
f 2637/2/1052 2642/2/1052 6864/2/1052 6866/2/1052
f 2562/2/1051 2568/2/1051 6865/2/1051 6862/2/1051
f 2642/2/1049 2636/2/1049 6863/2/1049 6864/2/1049
f 2567/2/1048 2562/2/1048 6862/2/1048 6718/2/1048
f 2639/2/1046 1374/2/1046 6861/2/1046 6860/2/1046
f 2563/2/1045 2566/2/1045 6719/2/1045 6854/2/1045
f 1362/2/1043 2639/2/1043 6860/2/1043 6858/2/1043
f 2565/2/1042 2584/2/1042 6857/2/1042 6859/2/1042
f 1377/2/1040 1362/2/1040 6858/2/1040 6856/2/1040
f 2584/2/1039 2573/2/1039 6855/2/1039 6857/2/1039
f 1363/2/1037 1377/2/1037 6856/2/1037 6853/2/1037
f 2573/2/1036 2563/2/1036 6854/2/1036 6855/2/1036
f 2634/2/1034 1363/2/1034 6853/2/1034 6852/2/1034
f 2541/2/1033 2561/2/1033 6831/2/1033 6691/2/1033
f 2635/2/1031 2634/2/1031 6852/2/1031 6850/2/1031
f 2535/2/1030 2560/2/1030 6717/2/1030 6842/2/1030
f 1376/2/1028 2635/2/1028 6850/2/1028 6851/2/1028
f 2558/2/1027 2534/2/1027 6684/2/1027 6714/2/1027
f 2638/2/1025 1367/2/1025 6848/2/1025 6849/2/1025
f 2533/2/1024 2564/2/1024 6847/2/1024 6683/2/1024
f 1367/2/1022 1364/2/1022 6846/2/1022 6848/2/1022
f 2564/2/1021 2532/2/1021 6681/2/1021 6847/2/1021
f 1364/2/1019 1375/2/1019 6845/2/1019 6846/2/1019
f 2530/2/1018 2557/2/1018 6844/2/1018 6678/2/1018
f 1344/2/1016 1370/2/1016 6821/2/1016 6843/2/1016
f 2526/2/1015 2535/2/1015 6842/2/1015 6840/2/1015
f 1352/2/1013 2633/2/1013 6763/2/1013 6841/2/1013
f 2556/2/1012 2526/2/1012 6840/2/1012 6839/2/1012
f 2632/2/1010 1372/2/1010 6838/2/1010 6762/2/1010
f 2527/2/1009 2556/2/1009 6839/2/1009 6836/2/1009
f 1372/2/1007 1366/2/1007 6837/2/1007 6838/2/1007
f 2555/2/1006 2527/2/1006 6836/2/1006 6711/2/1006
f 1365/2/1004 1351/2/1004 6834/2/1004 6835/2/1004
f 2529/2/1003 2554/2/1003 6712/2/1003 6674/2/1003
f 1359/2/1001 1356/2/1001 6833/2/1001 6832/2/1001
f 2540/2/1000 2528/2/1000 6675/2/1000 6829/2/1000
f 1350/2/998 1359/2/998 6832/2/998 6830/2/998
f 2561/2/997 2552/2/997 6689/2/997 6831/2/997
f 1358/2/995 1350/2/995 6830/2/995 6827/2/995
f 2553/2/994 2540/2/994 6829/2/994 6688/2/994
f 1361/2/992 1358/2/992 6827/2/992 6828/2/992
f 2494/2/991 2523/2/991 6814/2/991 6797/2/991
f 1357/2/989 1360/2/989 6826/2/989 6825/2/989
f 2522/2/988 2551/2/988 6710/2/988 6824/2/988
f 1371/2/986 1357/2/986 6825/2/986 6823/2/986
f 2525/2/985 2522/2/985 6824/2/985 6822/2/985
f 2631/2/983 1371/2/983 6823/2/983 6817/2/983
f 2539/2/982 2525/2/982 6822/2/982 6820/2/982
f 1370/2/980 2630/2/980 6819/2/980 6821/2/980
f 2521/2/979 2539/2/979 6820/2/979 6670/2/979
f 2630/2/977 1343/2/977 6818/2/977 6819/2/977
f 2524/2/976 2520/2/976 6671/2/976 6816/2/976
f 1343/2/974 2631/2/974 6817/2/974 6818/2/974
f 2538/2/973 2524/2/973 6816/2/973 6815/2/973
f 1329/2/971 1338/2/971 6781/2/971 6786/2/971
f 2537/2/970 2538/2/970 6815/2/970 6685/2/970
f 1349/2/968 1339/2/968 6813/2/968 6806/2/968
f 2523/2/967 2514/2/967 6812/2/967 6814/2/967
f 1339/2/965 2623/2/965 6757/2/965 6813/2/965
f 2514/2/964 2536/2/964 6686/2/964 6812/2/964
f 2621/2/962 1348/2/962 6811/2/962 6754/2/962
f 2491/2/961 2508/2/961 6787/2/961 6652/2/961
f 1346/2/959 2629/2/959 6809/2/959 6810/2/959
f 2507/2/958 2519/2/958 6668/2/958 6795/2/958
f 2629/2/956 1345/2/956 6808/2/956 6809/2/956
f 2518/2/955 2506/2/955 6805/2/955 6667/2/955
f 1332/2/953 1349/2/953 6806/2/953 6807/2/953
f 2506/2/952 2517/2/952 6666/2/952 6805/2/952
f 1342/2/950 1331/2/950 6803/2/950 6804/2/950
f 2516/2/949 2496/2/949 6656/2/949 6665/2/949
f 2614/2/947 1341/2/947 6802/2/947 6801/2/947
f 2495/2/946 2505/2/946 6800/2/946 6655/2/946
f 2626/2/944 2614/2/944 6801/2/944 6799/2/944
f 2505/2/943 2515/2/943 6798/2/943 6800/2/943
f 2628/2/941 2626/2/941 6799/2/941 6796/2/941
f 2515/2/940 2494/2/940 6797/2/940 6798/2/940
f 1340/2/938 2628/2/938 6796/2/938 6778/2/938
f 2512/2/937 2507/2/937 6795/2/937 6794/2/937
f 1337/2/935 2620/2/935 6752/2/935 6784/2/935
f 2504/2/934 2512/2/934 6794/2/934 6659/2/934
f 2618/2/932 1336/2/932 6793/2/932 6748/2/932
f 2511/2/931 2503/2/931 6660/2/931 6662/2/931
f 1336/2/929 1330/2/929 6792/2/929 6793/2/929
f 2513/2/928 2510/2/928 6663/2/928 6791/2/928
f 1330/2/926 2617/2/926 6790/2/926 6792/2/926
f 2490/2/925 2513/2/925 6791/2/925 6789/2/925
f 2617/2/923 1335/2/923 6788/2/923 6790/2/923
f 2500/2/922 2490/2/922 6789/2/922 6782/2/922
f 1335/2/920 2616/2/920 6747/2/920 6788/2/920
f 2508/2/919 2493/2/919 6785/2/919 6787/2/919
f 2615/2/917 1329/2/917 6786/2/917 6746/2/917
f 2493/2/916 2509/2/916 6783/2/916 6785/2/916
f 2613/2/914 1337/2/914 6784/2/914 6776/2/914
f 2509/2/913 2500/2/913 6782/2/913 6783/2/913
f 1338/2/911 1328/2/911 6780/2/911 6781/2/911
f 2471/2/910 2470/2/910 6756/2/910 6629/2/910
f 1328/2/908 2627/2/908 6779/2/908 6780/2/908
f 2484/2/907 2502/2/907 6777/2/907 6642/2/907
f 2627/2/905 1340/2/905 6778/2/905 6779/2/905
f 2502/2/904 2483/2/904 6775/2/904 6777/2/904
f 2608/2/902 2613/2/902 6776/2/902 6774/2/902
f 2483/2/901 2501/2/901 6773/2/901 6775/2/901
f 2611/2/899 2608/2/899 6774/2/899 6744/2/899
f 2501/2/898 2482/2/898 6772/2/898 6773/2/898
f 2607/2/896 2610/2/896 6745/2/896 6771/2/896
f 2482/2/895 2492/2/895 6653/2/895 6772/2/895
f 2609/2/893 2607/2/893 6771/2/893 6770/2/893
f 2497/2/892 2488/2/892 6650/2/892 6769/2/892
f 2612/2/890 2609/2/890 6770/2/890 6768/2/890
f 2481/2/889 2497/2/889 6769/2/889 6767/2/889
f 1334/2/887 2612/2/887 6768/2/887 6766/2/887
f 2468/2/886 2481/2/886 6767/2/886 6765/2/886
f 2625/2/884 1334/2/884 6766/2/884 6759/2/884
f 2480/2/883 2468/2/883 6765/2/883 6639/2/883
f 1333/2/881 2624/2/881 6760/2/881 6764/2/881
f 2499/2/880 2479/2/880 6640/2/880 6761/2/880
f 2633/2/878 2632/2/878 6762/2/878 6763/2/878
f 2469/2/877 2499/2/877 6761/2/877 6758/2/877
f 2624/2/875 2625/2/875 6759/2/875 6760/2/875
f 2489/2/874 2469/2/874 6758/2/874 6750/2/874
f 2623/2/872 2622/2/872 6755/2/872 6757/2/872
f 2470/2/871 2478/2/871 6753/2/871 6756/2/871
f 2622/2/869 2621/2/869 6754/2/869 6755/2/869
f 2478/2/868 2498/2/868 6751/2/868 6753/2/868
f 2620/2/866 2619/2/866 6749/2/866 6752/2/866
f 2498/2/865 2489/2/865 6750/2/865 6751/2/865
f 2619/2/863 2618/2/863 6748/2/863 6749/2/863
f 2433/2/862 2443/2/862 6716/2/862 6694/2/862
f 2616/2/860 2615/2/860 6746/2/860 6747/2/860
f 2467/2/859 2477/2/859 6637/2/859 6729/2/859
f 2610/2/857 2611/2/857 6744/2/857 6745/2/857
f 2476/2/856 2466/2/856 6741/2/856 6636/2/856
f 2606/2/854 2605/2/854 6742/2/854 6743/2/854
f 2466/2/853 2475/2/853 6634/2/853 6741/2/853
f 2600/2/851 2599/2/851 6739/2/851 6740/2/851
f 2474/2/850 2465/2/850 6737/2/850 6633/2/850
f 2599/2/848 2598/2/848 6738/2/848 6739/2/848
f 2465/2/847 2473/2/847 6734/2/847 6737/2/847
f 2597/2/845 2596/2/845 6735/2/845 6736/2/845
f 2473/2/844 2452/2/844 6732/2/844 6734/2/844
f 2592/2/842 2591/2/842 6731/2/842 6733/2/842
f 2452/2/841 2472/2/841 6630/2/841 6732/2/841
f 2591/2/839 2590/2/839 6730/2/839 6731/2/839
f 2451/2/838 2467/2/838 6729/2/838 6726/2/838
f 2589/2/836 2588/2/836 6727/2/836 6728/2/836
f 2442/2/835 2451/2/835 6726/2/835 6723/2/835
f 2583/2/833 2582/2/833 6724/2/833 6725/2/833
f 2450/2/832 2442/2/832 6723/2/832 6720/2/832
f 2578/2/830 2577/2/830 6721/2/830 6722/2/830
f 2464/2/829 2450/2/829 6720/2/829 6627/2/829
f 2566/2/827 2567/2/827 6718/2/827 6719/2/827
f 2449/2/826 2461/2/826 6623/2/826 6608/2/826
f 2560/2/824 2559/2/824 6715/2/824 6717/2/824
f 2443/2/823 2458/2/823 6713/2/823 6716/2/823
f 2559/2/821 2558/2/821 6714/2/821 6715/2/821
f 2458/2/820 2448/2/820 6609/2/820 6713/2/820
f 2554/2/818 2555/2/818 6711/2/818 6712/2/818
f 2431/2/817 2430/2/817 6677/2/817 6646/2/817
f 2551/2/815 2550/2/815 6709/2/815 6710/2/815
f 2446/2/814 2460/2/814 6708/2/814 6612/2/814
f 2550/2/812 2549/2/812 6707/2/812 6709/2/812
f 2460/2/811 2437/2/811 6706/2/811 6708/2/811
f 2549/2/809 2548/2/809 6705/2/809 6707/2/809
f 2437/2/808 2459/2/808 6704/2/808 6706/2/808
f 2548/2/806 2547/2/806 6703/2/806 6705/2/806
f 2459/2/805 2436/2/805 6702/2/805 6704/2/805
f 2547/2/803 2546/2/803 6701/2/803 6703/2/803
f 2436/2/802 2445/2/802 6700/2/802 6702/2/802
f 2546/2/800 2545/2/800 6698/2/800 6701/2/800
f 2445/2/799 2435/2/799 6699/2/799 6700/2/799
f 2545/2/797 2544/2/797 6696/2/797 6698/2/797
f 2434/2/796 2444/2/796 6695/2/796 6697/2/796
f 2544/2/794 2543/2/794 6693/2/794 6696/2/794
f 2444/2/793 2433/2/793 6694/2/793 6695/2/793
f 2543/2/791 2542/2/791 6692/2/791 6693/2/791
f 2457/2/790 2447/2/790 6613/2/790 6690/2/790
f 2542/2/788 2541/2/788 6691/2/788 6692/2/788
f 2429/2/787 2457/2/787 6690/2/787 6687/2/787
f 2552/2/785 2553/2/785 6688/2/785 6689/2/785
f 2456/2/784 2429/2/784 6687/2/784 6620/2/784
f 2536/2/782 2537/2/782 6685/2/782 6686/2/782
f 2440/2/781 2454/2/781 6617/2/781 6682/2/781
f 2534/2/779 2533/2/779 6683/2/779 6684/2/779
f 2441/2/778 2440/2/778 6682/2/778 6680/2/778
f 2532/2/776 2531/2/776 6679/2/776 6681/2/776
f 2453/2/775 2441/2/775 6680/2/775 6672/2/775
f 2531/2/773 2530/2/773 6678/2/773 6679/2/773
f 2430/2/772 2438/2/772 6676/2/772 6677/2/772
f 2528/2/770 2529/2/770 6674/2/770 6675/2/770
f 2439/2/769 2453/2/769 6672/2/769 6673/2/769
f 2520/2/767 2521/2/767 6670/2/767 6671/2/767
f 2394/2/766 2418/2/766 6624/2/766 6669/2/766
f 2519/2/764 2518/2/764 6667/2/764 6668/2/764
f 2410/2/763 2423/2/763 6664/2/763 6644/2/763
f 2517/2/761 2516/2/761 6665/2/761 6666/2/761
f 2423/2/760 2409/2/760 6661/2/760 6664/2/760
f 2510/2/758 2511/2/758 6662/2/758 6663/2/758
f 2409/2/757 2422/2/757 6658/2/757 6661/2/757
f 2503/2/755 2504/2/755 6659/2/755 6660/2/755
f 2422/2/754 2408/2/754 6657/2/754 6658/2/754
f 2496/2/752 2495/2/752 6655/2/752 6656/2/752
f 2406/2/751 2432/2/751 6651/2/751 6654/2/751
f 2492/2/749 2491/2/749 6652/2/749 6653/2/749
f 2432/2/748 2405/2/748 6649/2/748 6651/2/748
f 2488/2/746 2487/2/746 6648/2/746 6650/2/746
f 2405/2/745 2421/2/745 6647/2/745 6649/2/745
f 2487/2/743 2486/2/743 6645/2/743 6648/2/743
f 2421/2/742 2431/2/742 6646/2/742 6647/2/742
f 2486/2/740 2485/2/740 6643/2/740 6645/2/740
f 2411/2/739 2410/2/739 6644/2/739 6641/2/739
f 2485/2/737 2484/2/737 6642/2/737 6643/2/737
f 2428/2/736 2411/2/736 6641/2/736 6638/2/736
f 2479/2/734 2480/2/734 6639/2/734 6640/2/734
f 2425/2/733 2428/2/733 6638/2/733 6635/2/733
f 2477/2/731 2476/2/731 6636/2/731 6637/2/731
f 2402/2/730 2425/2/730 6635/2/730 6631/2/730
f 2475/2/728 2474/2/728 6633/2/728 6634/2/728
f 2420/2/727 2402/2/727 6631/2/727 6632/2/727
f 2472/2/725 2471/2/725 6629/2/725 6630/2/725
f 2427/2/724 2419/2/724 6628/2/724 6626/2/724
f 2463/2/722 2464/2/722 6627/2/722 6625/2/722
f 2404/2/721 2427/2/721 6626/2/721 6618/2/721
f 2462/2/719 2463/2/719 6625/2/719 6622/2/719
f 2418/2/718 2426/2/718 6621/2/718 6624/2/718
f 2461/2/716 2462/2/716 6622/2/716 6623/2/716
f 2426/2/715 2424/2/715 6619/2/715 6621/2/715
f 2455/2/713 2456/2/713 6620/2/713 6616/2/713
f 2424/2/712 2404/2/712 6618/2/712 6619/2/712
f 2454/2/710 2455/2/710 6616/2/710 6617/2/710
f 2376/2/709 2400/2/709 6614/2/709 6615/2/709
f 2447/2/707 2446/2/707 6612/2/707 6613/2/707
f 2417/2/706 2397/2/706 6610/2/706 6611/2/706
f 2448/2/704 2449/2/704 6608/2/704 6609/2/704
o XYZ_Function.003
v 5.662908 0.000000 0.834535
v 5.920748 0.000000 0.802197
v 6.875540 0.000000 0.401166
v 7.498724 0.000000 -0.067165
v 5.271274 0.000000 -1.136228
v 5.117513 0.000000 -1.202742
v 4.951707 0.000000 -1.389447
v 4.903825 0.000000 -1.549989
v 5.264801 0.000000 -2.076872
v 5.668418 0.000000 -2.401699
v 6.154975 0.000000 -3.090350
v 6.314905 0.000000 -3.422305
v 4.929821 0.000000 -4.035507
v 4.209602 0.000000 -3.750506
v 4.698466 0.000000 -3.977882
v 3.691195 0.000000 -6.527669
v 3.601273 0.000000 -4.584563
v 3.708145 0.000000 -4.914142
v 2.251596 0.000000 -5.959762
v 2.740332 0.000000 -6.318588
v 4.075119 0.000000 -3.650603
v 3.914577 0.000000 -3.602721
v 3.667551 0.000000 -3.639166
v 3.527677 0.000000 -3.731370
v 3.396810 0.000000 -3.944030
v 3.377532 0.000000 -4.110447
v 3.416336 0.000000 -4.273421
v 3.508540 0.000000 -4.413296
v 1.862859 0.000000 -5.524234
v 3.062796 0.000000 -6.496882
v 3.439249 0.000000 -6.663854
v 0.833776 0.000000 -5.597888
v -1.143233 0.000000 -5.520875
v -1.132955 0.000000 -5.866446
v -1.095714 0.000000 -6.057933
v -0.928841 0.000000 -6.550113
v 1.651634 0.000000 -5.133171
v 1.517151 0.000000 -5.033267
v 1.272557 0.000000 -4.983027
v 1.109583 0.000000 -5.021831
v 0.969709 0.000000 -5.114036
v 0.869805 0.000000 -5.248518
v 0.821923 0.000000 -5.409060
v -0.786097 0.000000 -6.842225
v -3.852697 0.000000 -4.375400
v 0.802197 0.000000 -5.920748
v -1.029942 0.000000 -6.287103
v -2.265652 0.000000 -5.528616
v -2.810916 0.000000 -5.988780
v -3.090351 0.000000 -6.154975
v -3.422305 0.000000 -6.314905
v -3.750506 0.000000 -4.209602
v -3.914391 0.000000 -4.514013
v -4.051443 0.000000 -6.310404
v -1.123955 0.000000 -5.354458
v -1.162759 0.000000 -5.191484
v -1.317835 0.000000 -4.995775
v -1.467623 0.000000 -4.920743
v -1.717225 0.000000 -4.913739
v -1.870986 0.000000 -4.980253
v -1.992723 0.000000 -5.095345
v -2.067756 0.000000 -5.245132
v -2.169712 0.000000 -5.411076
v -2.401700 0.000000 -5.668418
v -2.582262 0.000000 -5.824120
v -4.431025 0.000000 -3.521015
v -3.650603 0.000000 -4.075119
v -3.602721 0.000000 -3.914577
v -3.612635 0.000000 -3.747340
v -3.679150 0.000000 -3.593580
v -3.794242 0.000000 -3.471842
v -3.944030 0.000000 -3.396810
v -4.110447 0.000000 -3.377532
v -4.273421 0.000000 -3.416336
v -6.527669 0.000000 -3.691195
v -4.914143 0.000000 -3.708144
v -5.753810 0.000000 -3.785189
v -6.121257 0.000000 -3.757716
v -5.372983 0.000000 -1.778367
v -5.524234 0.000000 -1.862858
v -5.920748 0.000000 -0.802196
v -6.109844 0.000000 -0.754276
v -6.875540 0.000000 -0.401165
v -6.842225 0.000000 0.786098
v -6.550113 0.000000 0.928841
v -5.133171 0.000000 -1.651634
v -5.033267 0.000000 -1.517150
v -4.983027 0.000000 -1.272557
v -5.021831 0.000000 -1.109582
v -6.334967 0.000000 -0.675755
v -5.542323 0.000000 1.146380
v -5.715556 0.000000 1.148834
v -5.866446 0.000000 1.132955
v -5.411076 0.000000 2.169712
v -6.154975 0.000000 3.090351
v -6.314906 0.000000 3.422307
v -5.528616 0.000000 2.265652
v -5.824120 0.000000 2.582262
v -5.900900 0.000000 4.095068
v -4.951707 0.000000 1.389447
v -4.901466 0.000000 1.634040
v -5.032474 0.000000 1.936890
v -3.807529 0.000000 -6.460503
v -3.977883 0.000000 -4.698466
v -4.035508 0.000000 -4.929821
v -4.079455 0.000000 -5.208144
v -4.726420 0.000000 -3.655097
v -4.584564 0.000000 -3.601273
v -5.428714 0.000000 -3.780977
v -5.794181 0.000000 -2.080050
v -6.136985 0.000000 -2.470657
v -6.318589 0.000000 -2.740332
v -6.496882 0.000000 -3.062796
v -5.646969 0.000000 -1.952055
v -6.663854 0.000000 -3.439249
v -7.498724 0.000000 0.067166
v -5.770985 0.000000 -0.826512
v -5.114035 0.000000 -0.969709
v -5.248518 0.000000 -0.869806
v -5.409060 0.000000 -0.821923
v -5.576297 0.000000 -0.831836
v -7.180022 0.000000 -0.193649
v -6.287103 0.000000 1.029942
v -6.057932 0.000000 1.095715
v -5.668418 0.000000 2.401700
v -4.209601 0.000000 3.750506
v -4.514013 0.000000 3.914391
v -6.310403 0.000000 4.051443
v -5.354458 0.000000 1.123955
v -5.191483 0.000000 1.162760
v -5.051610 0.000000 1.254964
v -4.940270 0.000000 1.797015
v -5.988779 0.000000 2.810917
v -6.460503 0.000000 3.807529
v -3.785189 0.000000 5.753810
v -3.757715 0.000000 6.121257
v -1.952055 0.000000 5.646969
v -3.389805 0.000000 4.193632
v -3.601273 0.000000 4.584565
v -3.752705 0.000000 5.148365
v -3.508540 0.000000 4.413297
v -3.780977 0.000000 5.428714
v -1.862858 0.000000 5.524233
v -3.439249 0.000000 6.663855
v -4.075119 0.000000 3.650603
v -3.914577 0.000000 3.602721
v -3.747340 0.000000 3.612635
v -3.593580 0.000000 3.679151
v -3.427774 0.000000 3.865854
v -3.379892 0.000000 4.026397
v -3.691195 0.000000 6.527669
v -0.833776 0.000000 5.597887
v -0.754276 0.000000 6.109843
v 0.928841 0.000000 6.550113
v 0.595982 0.000000 7.157864
v -1.703855 0.000000 5.199075
v -1.588762 0.000000 5.077336
v -1.356609 0.000000 4.985386
v -1.035613 0.000000 5.061815
v 1.317835 0.000000 4.995775
v 1.634041 0.000000 4.901466
v 4.914143 0.000000 3.708144
v 6.527669 0.000000 3.691195
v 5.524233 0.000000 1.862858
v 5.794181 0.000000 2.080050
v 6.318588 0.000000 2.740332
v 6.136984 0.000000 2.470657
v 3.619640 0.000000 3.996942
v 3.600363 0.000000 3.830525
v 3.639167 0.000000 3.667550
v 3.731372 0.000000 3.527677
v 3.865854 0.000000 3.427774
v -5.148364 0.000000 -3.752706
v -5.959763 0.000000 -2.251597
v -6.591893 0.000000 -0.560066
v -7.157864 0.000000 0.595981
v -7.490692 0.000000 0.353449
v -4.929821 0.000000 4.035507
v -5.208145 0.000000 4.079456
v -4.375400 0.000000 3.852697
v -4.698467 0.000000 3.977883
v -5.264802 0.000000 2.076872
v -5.532492 0.000000 4.101892
v -3.708145 0.000000 4.914141
v -3.655097 0.000000 4.726420
v -1.778367 0.000000 5.372983
v -2.080050 0.000000 5.794180
v -2.740333 0.000000 6.318589
v -2.251597 0.000000 5.959763
v -2.470658 0.000000 6.136986
v -3.062797 0.000000 6.496883
v -0.401166 0.000000 6.875540
v -0.560065 0.000000 6.591893
v -0.193650 0.000000 7.180021
v 1.132955 0.000000 5.866446
v 0.353450 0.000000 7.490692
v 1.150784 0.000000 5.607200
v 1.095714 0.000000 6.057932
v 0.786096 0.000000 6.842224
v -1.189373 0.000000 4.995300
v -0.869806 0.000000 5.248518
v -0.821924 0.000000 5.409059
v -0.826512 0.000000 5.770986
v -0.675756 0.000000 6.334967
v -0.802197 0.000000 5.920748
v 0.067165 0.000000 7.498724
v 1.029941 0.000000 6.287104
v 1.126314 0.000000 5.438509
v 1.136228 0.000000 5.271273
v 1.202742 0.000000 5.117514
v 1.467623 0.000000 4.920743
v 1.797015 0.000000 4.940269
v 1.936889 0.000000 5.032473
v 2.036792 0.000000 5.166955
v 2.169713 0.000000 5.411077
v 3.750507 0.000000 4.209603
v 5.959763 0.000000 2.251597
v 6.663854 0.000000 3.439249
v 4.026396 0.000000 3.379892
v 4.193631 0.000000 3.389805
v 4.347393 0.000000 3.456319
v 4.486955 0.000000 3.554182
v 6.121256 0.000000 3.757716
v 6.496883 0.000000 3.062796
v 6.057932 0.000000 -1.095714
v 6.287104 0.000000 -1.029941
v 6.842224 0.000000 -0.786096
v 5.199075 0.000000 1.703855
v 5.033267 0.000000 1.517151
v 4.985386 0.000000 1.356609
v 4.995300 0.000000 1.189372
v 5.061814 0.000000 1.035613
v 5.176907 0.000000 0.913875
v 5.326694 0.000000 0.838841
v 5.493111 0.000000 0.819564
v 2.265652 0.000000 5.528616
v 2.582261 0.000000 5.824119
v 3.422305 0.000000 6.314905
v 2.401700 0.000000 5.668418
v 3.090351 0.000000 6.154975
v 3.807530 0.000000 6.460505
v 3.914391 0.000000 4.514014
v 4.079455 0.000000 5.208145
v 4.101892 0.000000 5.532492
v 4.095067 0.000000 5.900900
v 4.051442 0.000000 6.310404
v 3.977883 0.000000 4.698467
v 4.035507 0.000000 4.929821
v 2.810915 0.000000 5.988779
v 3.852698 0.000000 4.375400
v 5.428715 0.000000 3.780977
v 4.726419 0.000000 3.655097
v 5.148363 0.000000 3.752705
v 5.753810 0.000000 3.785190
v 5.352834 0.000000 1.770370
v 5.646969 0.000000 1.952055
v 6.334967 0.000000 0.675755
v 7.490691 0.000000 -0.353451
v 6.109844 0.000000 0.754276
v 7.180021 0.000000 0.193650
v 5.607199 0.000000 -1.150783
v 5.866446 0.000000 -1.132955
v 5.824120 0.000000 -2.582262
v 5.411076 0.000000 -2.169712
v 5.208144 0.000000 -4.079456
v 5.532492 0.000000 -4.101892
v 4.375400 0.000000 -3.852697
v 4.514014 0.000000 -3.914391
v 5.900900 0.000000 -4.095068
v 5.438510 0.000000 -1.126314
v 4.913739 0.000000 -1.717225
v 5.032473 0.000000 -1.936889
v 6.591893 0.000000 0.560065
v 6.550113 0.000000 -0.928839
v 7.157863 0.000000 -0.595982
v 6.460505 0.000000 -3.807530
v 6.310404 0.000000 -4.051443
v 5.528616 0.000000 -2.265652
v 5.988779 0.000000 -2.810915
v 3.655097 0.000000 -4.726420
v 3.785189 0.000000 -5.753811
v 3.757715 0.000000 -6.121257
v 3.752705 0.000000 -5.148363
v 3.780977 0.000000 -5.428715
v 1.770370 0.000000 -5.352836
v 2.470657 0.000000 -6.136984
v 1.952055 0.000000 -5.646969
v 2.080050 0.000000 -5.794181
v 0.401164 0.000000 -6.875540
v 0.193649 0.000000 -7.180020
v -0.067165 0.000000 -7.498724
v 0.826511 0.000000 -5.770985
v 0.754275 0.000000 -6.109843
v 0.560065 0.000000 -6.591893
v -1.148834 0.000000 -5.715556
v -0.595984 0.000000 -7.157864
v -0.353451 0.000000 -7.490691
v 0.675755 0.000000 -6.334967
v -4.101892 0.000000 -5.532492
v -4.095068 0.000000 -5.900901
v 0.590164 0.000000 -3.956224
v 0.507182 0.000000 -3.967715
v 0.423977 0.000000 -3.977467
v 0.340587 0.000000 -3.985474
v 0.257046 0.000000 -3.991732
v 0.173394 0.000000 -3.996240
v 0.089665 0.000000 -3.998995
v 0.005896 0.000000 -3.999996
v -0.077875 0.000000 -3.999242
v -0.161611 0.000000 -3.996734
v -0.245277 0.000000 -3.992473
v -0.328835 0.000000 -3.986461
v -0.412250 0.000000 -3.978699
v -0.495483 0.000000 -3.969193
v -0.578498 0.000000 -3.957947
v -0.661261 0.000000 -3.944963
v -0.743733 0.000000 -3.930249
v -0.825879 0.000000 -3.913812
v -0.907662 0.000000 -3.895658
v -0.989047 0.000000 -3.875795
v -1.069999 0.000000 -3.854232
v -1.150481 0.000000 -3.830978
v -1.230459 0.000000 -3.806044
v -1.309897 0.000000 -3.779440
v -1.388760 0.000000 -3.751179
v -1.467014 0.000000 -3.721272
v -1.544625 0.000000 -3.689734
v -1.621559 0.000000 -3.656576
v -1.697780 0.000000 -3.621815
v -1.773258 0.000000 -3.585465
v -1.847957 0.000000 -3.547542
v -1.921846 0.000000 -3.508063
v -1.994892 0.000000 -3.467046
v -2.067063 0.000000 -3.424508
v -2.138327 0.000000 -3.380467
v -2.208653 0.000000 -3.334944
v -2.278010 0.000000 -3.287958
v -2.346369 0.000000 -3.239530
v -2.413697 0.000000 -3.189681
v -2.479968 0.000000 -3.138433
v -2.545150 0.000000 -3.085808
v -2.609216 0.000000 -3.031830
v -2.672138 0.000000 -2.976522
v -2.733887 0.000000 -2.919908
v -2.794437 0.000000 -2.862013
v -2.853762 0.000000 -2.802863
v -2.911835 0.000000 -2.742484
v -2.968631 0.000000 -2.680901
v -3.024124 0.000000 -2.618143
v -3.078291 0.000000 -2.554236
v -3.131108 0.000000 -2.489209
v -3.182551 0.000000 -2.423090
v -3.232599 0.000000 -2.355909
v -3.281228 0.000000 -2.287694
v -3.328418 0.000000 -2.218475
v -3.374149 0.000000 -2.148283
v -3.418399 0.000000 -2.077149
v -3.461150 0.000000 -2.005104
v -3.502382 0.000000 -1.932180
v -3.542079 0.000000 -1.858407
v -3.580222 0.000000 -1.783820
v -3.616794 0.000000 -1.708450
v -3.651780 0.000000 -1.632331
v -3.685164 0.000000 -1.555496
v -3.716931 0.000000 -1.477979
v -3.747069 0.000000 -1.399813
v -3.775562 0.000000 -1.321033
v -3.802400 0.000000 -1.241674
v -3.827570 0.000000 -1.161771
v -3.851061 0.000000 -1.081357
v -3.872862 0.000000 -1.000470
v -3.892965 0.000000 -0.919143
v -3.911360 0.000000 -0.837413
v -3.928040 0.000000 -0.755316
v -3.942997 0.000000 -0.672888
v -3.956224 0.000000 -0.590164
v -3.967715 0.000000 -0.507182
v -3.977467 0.000000 -0.423977
v -3.985474 0.000000 -0.340587
v -3.991732 0.000000 -0.257046
v -3.996240 0.000000 -0.173394
v -3.998995 0.000000 -0.089665
v -3.999996 0.000000 -0.005896
v -3.999242 0.000000 0.077875
v -3.996734 0.000000 0.161611
v -3.992473 0.000000 0.245277
v -3.986461 0.000000 0.328835
v -3.978699 0.000000 0.412250
v -3.969193 0.000000 0.495483
v -3.957947 0.000000 0.578498
v -3.944963 0.000000 0.661261
v -3.930249 0.000000 0.743733
v -3.913812 0.000000 0.825879
v -3.895658 0.000000 0.907662
v -3.875795 0.000000 0.989047
v -3.854232 0.000000 1.069999
v -3.830978 0.000000 1.150481
v -3.806044 0.000000 1.230459
v -3.779440 0.000000 1.309897
v -3.751179 0.000000 1.388760
v -3.721272 0.000000 1.467014
v -3.689734 0.000000 1.544625
v -3.656576 0.000000 1.621559
v -3.621815 0.000000 1.697780
v -3.585465 0.000000 1.773258
v -3.547542 0.000000 1.847957
v -3.508063 0.000000 1.921846
v -3.467046 0.000000 1.994892
v -3.424508 0.000000 2.067063
v -3.380467 0.000000 2.138327
v -3.334944 0.000000 2.208653
v -3.287958 0.000000 2.278010
v -3.239530 0.000000 2.346369
v -3.189681 0.000000 2.413697
v -3.138433 0.000000 2.479968
v -3.085808 0.000000 2.545150
v -3.031830 0.000000 2.609216
v -2.976522 0.000000 2.672138
v -2.919908 0.000000 2.733887
v -2.862013 0.000000 2.794437
v -2.802863 0.000000 2.853762
v -2.742484 0.000000 2.911835
v -2.680901 0.000000 2.968631
v -2.618143 0.000000 3.024124
v -2.554236 0.000000 3.078291
v -2.489209 0.000000 3.131108
v -2.423090 0.000000 3.182551
v -2.355909 0.000000 3.232599
v -2.287694 0.000000 3.281228
v -2.218475 0.000000 3.328418
v -2.148283 0.000000 3.374149
v -2.077149 0.000000 3.418399
v -2.005104 0.000000 3.461150
v -1.932180 0.000000 3.502382
v -1.858407 0.000000 3.542079
v -1.783820 0.000000 3.580222
v -1.708450 0.000000 3.616794
v -1.632331 0.000000 3.651780
v -1.555496 0.000000 3.685164
v -1.477979 0.000000 3.716931
v -1.399813 0.000000 3.747069
v -1.321033 0.000000 3.775562
v -1.241674 0.000000 3.802400
v -1.161771 0.000000 3.827570
v -1.081357 0.000000 3.851061
v -1.000470 0.000000 3.872862
v -0.919143 0.000000 3.892965
v -0.837413 0.000000 3.911360
v -0.755316 0.000000 3.928040
v -0.672888 0.000000 3.942997
v -0.590164 0.000000 3.956224
v -0.507182 0.000000 3.967715
v -0.423977 0.000000 3.977467
v -0.340587 0.000000 3.985474
v -0.257046 0.000000 3.991732
v -0.173394 0.000000 3.996240
v -0.089665 0.000000 3.998995
v -0.005896 0.000000 3.999996
v 0.077875 0.000000 3.999242
v 0.161611 0.000000 3.996734
v 0.245277 0.000000 3.992473
v 0.328835 0.000000 3.986461
v 0.412250 0.000000 3.978699
v 0.495483 0.000000 3.969193
v 0.578498 0.000000 3.957947
v 0.661261 0.000000 3.944963
v 0.743733 0.000000 3.930249
v 0.825879 0.000000 3.913812
v 0.907662 0.000000 3.895658
v 0.989047 0.000000 3.875795
v 1.069999 0.000000 3.854232
v 1.150481 0.000000 3.830978
v 1.230459 0.000000 3.806044
v 1.309897 0.000000 3.779440
v 1.388760 0.000000 3.751179
v 1.467014 0.000000 3.721272
v 1.544625 0.000000 3.689734
v 1.621559 0.000000 3.656576
v 1.697780 0.000000 3.621815
v 1.773258 0.000000 3.585465
v 1.847957 0.000000 3.547542
v 1.921846 0.000000 3.508063
v 1.994892 0.000000 3.467046
v 2.067063 0.000000 3.424508
v 2.138327 0.000000 3.380467
v 2.208653 0.000000 3.334944
v 2.278010 0.000000 3.287958
v 2.346369 0.000000 3.239530
v 2.413697 0.000000 3.189681
v 2.479968 0.000000 3.138433
v 2.545150 0.000000 3.085808
v 2.609216 0.000000 3.031830
v 2.672138 0.000000 2.976522
v 2.733887 0.000000 2.919908
v 2.794437 0.000000 2.862013
v 2.853762 0.000000 2.802863
v 2.911835 0.000000 2.742484
v 2.968631 0.000000 2.680901
v 3.024124 0.000000 2.618143
v 3.078291 0.000000 2.554236
v 3.131108 0.000000 2.489209
v 3.182551 0.000000 2.423090
v 3.232599 0.000000 2.355909
v 3.281228 0.000000 2.287694
v 3.328418 0.000000 2.218475
v 3.374149 0.000000 2.148283
v 3.418399 0.000000 2.077149
v 3.461150 0.000000 2.005104
v 3.502382 0.000000 1.932180
v 3.542079 0.000000 1.858407
v 3.580222 0.000000 1.783820
v 3.616794 0.000000 1.708450
v 3.651780 0.000000 1.632331
v 3.685164 0.000000 1.555496
v 3.716931 0.000000 1.477979
v 3.747069 0.000000 1.399813
v 3.775562 0.000000 1.321033
v 3.802400 0.000000 1.241674
v 3.827570 0.000000 1.161771
v 3.851061 0.000000 1.081357
v 3.872862 0.000000 1.000470
v 3.892965 0.000000 0.919143
v 3.911360 0.000000 0.837413
v 3.928040 0.000000 0.755316
v 3.942997 0.000000 0.672888
v 3.956224 0.000000 0.590164
v 3.967715 0.000000 0.507182
v 3.977467 0.000000 0.423977
v 3.985474 0.000000 0.340587
v 3.991732 0.000000 0.257046
v 3.996240 0.000000 0.173394
v 3.998995 0.000000 0.089665
v 3.999996 0.000000 0.005896
v 3.999242 0.000000 -0.077875
v 3.996734 0.000000 -0.161611
v 3.992473 0.000000 -0.245277
v 3.986461 0.000000 -0.328835
v 3.978699 0.000000 -0.412250
v 3.969193 0.000000 -0.495483
v 3.957947 0.000000 -0.578498
v 3.944963 0.000000 -0.661261
v 3.930249 0.000000 -0.743733
v 3.913812 0.000000 -0.825879
v 3.895658 0.000000 -0.907662
v 3.875795 0.000000 -0.989047
v 3.854232 0.000000 -1.069999
v 3.830978 0.000000 -1.150481
v 3.806044 0.000000 -1.230459
v 3.779440 0.000000 -1.309897
v 3.751179 0.000000 -1.388760
v 3.721272 0.000000 -1.467014
v 3.689734 0.000000 -1.544625
v 3.656576 0.000000 -1.621559
v 3.621815 0.000000 -1.697780
v 3.585465 0.000000 -1.773258
v 3.547542 0.000000 -1.847957
v 3.508063 0.000000 -1.921846
v 3.467046 0.000000 -1.994892
v 3.424508 0.000000 -2.067063
v 3.380467 0.000000 -2.138327
v 3.334944 0.000000 -2.208653
v 3.287958 0.000000 -2.278010
v 3.239530 0.000000 -2.346369
v 3.189681 0.000000 -2.413697
v 3.138433 0.000000 -2.479968
v 3.085808 0.000000 -2.545150
v 3.031830 0.000000 -2.609216
v 2.976522 0.000000 -2.672138
v 2.919908 0.000000 -2.733887
v 2.862013 0.000000 -2.794437
v 2.802863 0.000000 -2.853762
v 2.742484 0.000000 -2.911835
v 2.680901 0.000000 -2.968631
v 2.618143 0.000000 -3.024124
v 2.554236 0.000000 -3.078291
v 2.489209 0.000000 -3.131108
v 2.423090 0.000000 -3.182551
v 2.355909 0.000000 -3.232599
v 2.287694 0.000000 -3.281228
v 2.218475 0.000000 -3.328418
v 2.148283 0.000000 -3.374149
v 2.077149 0.000000 -3.418399
v 2.005104 0.000000 -3.461150
v 1.932180 0.000000 -3.502382
v 1.858407 0.000000 -3.542079
v 1.783820 0.000000 -3.580222
v 1.708450 0.000000 -3.616794
v 1.632331 0.000000 -3.651780
v 1.555496 0.000000 -3.685164
v 1.477979 0.000000 -3.716931
v 1.399813 0.000000 -3.747069
v 1.321033 0.000000 -3.775562
v 1.241674 0.000000 -3.802400
v 1.161771 0.000000 -3.827570
v 1.081357 0.000000 -3.851061
v 1.000470 0.000000 -3.872862
v 0.919143 0.000000 -3.892965
v 0.837413 0.000000 -3.911360
v 0.755316 0.000000 -3.928040
v 0.672888 0.000000 -3.942997
v 5.117513 9.969903 -1.202742
v 3.396810 9.969903 -3.944030
v -5.524234 9.969903 -1.862858
v -5.576297 9.969903 -0.831836
v 5.959763 9.969903 2.251597
v 4.193631 9.969903 3.389805
v 5.326694 9.969903 0.838841
v 0.590164 6.001754 -3.956224
v 0.507182 6.001754 -3.967715
v 0.423977 6.001754 -3.977467
v 0.340587 6.001754 -3.985474
v 0.257046 6.001754 -3.991732
v 0.173394 6.001754 -3.996240
v 0.089665 6.001754 -3.998995
v 0.005896 6.001754 -3.999996
v -0.077875 6.001754 -3.999242
v -0.161611 6.001754 -3.996734
v -0.245277 6.001754 -3.992473
v -0.328835 6.001754 -3.986461
v -0.412250 6.001754 -3.978699
v -0.495483 6.001754 -3.969193
v -0.578498 6.001754 -3.957947
v -0.661261 6.001754 -3.944963
v -0.743733 6.001754 -3.930249
v -0.825879 6.001754 -3.913812
v -0.907662 6.001754 -3.895658
v -0.989047 6.001754 -3.875795
v -1.069999 6.001754 -3.854232
v -1.150481 6.001754 -3.830978
v -1.230459 6.001754 -3.806044
v -1.309897 6.001754 -3.779440
v -1.388760 6.001754 -3.751179
v -1.467014 6.001754 -3.721272
v -1.544625 6.001754 -3.689734
v -1.621559 6.001754 -3.656576
v -1.697780 6.001754 -3.621815
v -1.773258 6.001754 -3.585465
v -1.847957 6.001754 -3.547542
v -1.921846 6.001754 -3.508063
v -1.994892 6.001754 -3.467046
v -2.067063 6.001754 -3.424508
v -2.138327 6.001754 -3.380467
v -2.208653 6.001754 -3.334944
v -2.278010 6.001754 -3.287958
v -2.346369 6.001754 -3.239530
v -2.413697 6.001754 -3.189681
v -2.479968 6.001754 -3.138433
v -2.545150 6.001754 -3.085808
v -2.609216 6.001754 -3.031830
v -2.672138 6.001754 -2.976522
v -2.733887 6.001754 -2.919908
v -2.794437 6.001754 -2.862013
v -2.853762 6.001754 -2.802863
v -2.911835 6.001754 -2.742484
v -2.968631 6.001754 -2.680901
v -3.024124 6.001754 -2.618143
v -3.078291 6.001754 -2.554236
v -3.131108 6.001754 -2.489209
v -3.182551 6.001754 -2.423090
v -3.232599 6.001754 -2.355909
v -3.281228 6.001754 -2.287694
v -3.328418 6.001754 -2.218475
v -3.374149 6.001754 -2.148283
v -3.418399 6.001754 -2.077149
v -3.461150 6.001754 -2.005104
v -3.502382 6.001754 -1.932180
v -3.542079 6.001754 -1.858407
v -3.580222 6.001754 -1.783820
v -3.616794 6.001754 -1.708450
v -3.651780 6.001754 -1.632331
v -3.685164 6.001754 -1.555496
v -3.716931 6.001754 -1.477979
v -3.747069 6.001754 -1.399813
v -3.775562 6.001754 -1.321033
v -3.802400 6.001754 -1.241674
v -3.827570 6.001754 -1.161771
v -3.851061 6.001754 -1.081357
v -3.872862 6.001754 -1.000470
v -3.892965 6.001754 -0.919143
v -3.911360 6.001754 -0.837413
v -3.928040 6.001754 -0.755316
v -3.942997 6.001754 -0.672888
v -3.956224 6.001754 -0.590164
v -3.967715 6.001754 -0.507182
v -3.977467 6.001754 -0.423977
v -3.985474 6.001754 -0.340587
v -3.991732 6.001754 -0.257046
v -3.996240 6.001754 -0.173394
v -3.998995 6.001754 -0.089665
v -3.999996 6.001754 -0.005896
v -3.999242 6.001754 0.077875
v -3.996734 6.001754 0.161611
v -3.992473 6.001754 0.245277
v -3.986461 6.001754 0.328835
v -3.978699 6.001754 0.412250
v -3.969193 6.001754 0.495483
v -3.957947 6.001754 0.578498
v -3.944963 6.001754 0.661261
v -3.930249 6.001754 0.743733
v -3.913812 6.001754 0.825879
v -3.895658 6.001754 0.907662
v -3.875795 6.001754 0.989047
v -3.854232 6.001754 1.069999
v -3.830978 6.001754 1.150481
v -3.806044 6.001754 1.230459
v -3.779440 6.001754 1.309897
v -3.751179 6.001754 1.388760
v -3.721272 6.001754 1.467014
v -3.689734 6.001754 1.544625
v -3.656576 6.001754 1.621559
v -3.621815 6.001754 1.697780
v -3.585465 6.001754 1.773258
v -3.547542 6.001754 1.847957
v -3.508063 6.001754 1.921846
v -3.467046 6.001754 1.994892
v -3.424508 6.001754 2.067063
v -3.380467 6.001754 2.138327
v -3.334944 6.001754 2.208653
v -3.287958 6.001754 2.278010
v -3.239530 6.001754 2.346369
v -3.189681 6.001754 2.413697
v -3.138433 6.001754 2.479968
v -3.085808 6.001754 2.545150
v -3.031830 6.001754 2.609216
v -2.976522 6.001754 2.672138
v -2.919908 6.001754 2.733887
v -2.862013 6.001754 2.794437
v -2.802863 6.001754 2.853762
v -2.742484 6.001754 2.911835
v -2.680901 6.001754 2.968631
v -2.618143 6.001754 3.024124
v -2.554236 6.001754 3.078291
v -2.489209 6.001754 3.131108
v -2.423090 6.001754 3.182551
v -2.355909 6.001754 3.232599
v -2.287694 6.001754 3.281228
v -2.218475 6.001754 3.328418
v -2.148283 6.001754 3.374149
v -2.077149 6.001754 3.418399
v -2.005104 6.001754 3.461150
v -1.932180 6.001754 3.502382
v -1.858407 6.001754 3.542079
v -1.783820 6.001754 3.580222
v -1.708450 6.001754 3.616794
v -1.632331 6.001754 3.651780
v -1.555496 6.001754 3.685164
v -1.477979 6.001754 3.716931
v -1.399813 6.001754 3.747069
v -1.321033 6.001754 3.775562
v -1.241674 6.001754 3.802400
v -1.161771 6.001754 3.827570
v -1.081357 6.001754 3.851061
v -1.000470 6.001754 3.872862
v -0.919143 6.001754 3.892965
v -0.837413 6.001754 3.911360
v -0.755316 6.001754 3.928040
v -0.672888 6.001754 3.942997
v -0.590164 6.001754 3.956224
v -0.507182 6.001754 3.967715
v -0.423977 6.001754 3.977467
v -0.340587 6.001754 3.985474
v -0.257046 6.001754 3.991732
v -0.173394 6.001754 3.996240
v -0.089665 6.001754 3.998995
v -0.005896 6.001754 3.999996
v 0.077875 6.001754 3.999242
v 0.161611 6.001754 3.996734
v 0.245277 6.001754 3.992473
v 0.328835 6.001754 3.986461
v 0.412250 6.001754 3.978699
v 0.495483 6.001754 3.969193
v 0.578498 6.001754 3.957947
v 0.661261 6.001754 3.944963
v 0.743733 6.001754 3.930249
v 0.825879 6.001754 3.913812
v 0.907662 6.001754 3.895658
v 0.989047 6.001754 3.875795
v 1.069999 6.001754 3.854232
v 1.150481 6.001754 3.830978
v 1.230459 6.001754 3.806044
v 1.309897 6.001754 3.779440
v 1.388760 6.001754 3.751179
v 1.467014 6.001754 3.721272
v 1.544625 6.001754 3.689734
v 1.621559 6.001754 3.656576
v 1.697780 6.001754 3.621815
v 1.773258 6.001754 3.585465
v 1.847957 6.001754 3.547542
v 1.921846 6.001754 3.508063
v 1.994892 6.001754 3.467046
v 2.067063 6.001754 3.424508
v 2.138327 6.001754 3.380467
v 2.208653 6.001754 3.334944
v 2.278010 6.001754 3.287958
v 2.346369 6.001754 3.239530
v 2.413697 6.001754 3.189681
v 2.479968 6.001754 3.138433
v 2.545150 6.001754 3.085808
v 2.609216 6.001754 3.031830
v 2.672138 6.001754 2.976522
v 2.733887 6.001754 2.919908
v 2.794437 6.001754 2.862013
v 2.853762 6.001754 2.802863
v 2.911835 6.001754 2.742484
v 2.968631 6.001754 2.680901
v 3.024124 6.001754 2.618143
v 3.078291 6.001754 2.554236
v 3.131108 6.001754 2.489209
v 3.182551 6.001754 2.423090
v 3.232599 6.001754 2.355909
v 3.281228 6.001754 2.287694
v 3.328418 6.001754 2.218475
v 3.374149 6.001754 2.148283
v 3.418399 6.001754 2.077149
v 3.461150 6.001754 2.005104
v 3.502382 6.001754 1.932180
v 3.542079 6.001754 1.858407
v 3.580222 6.001754 1.783820
v 3.616794 6.001754 1.708450
v 3.651780 6.001754 1.632331
v 3.685164 6.001754 1.555496
v 3.716931 6.001754 1.477979
v 3.747069 6.001754 1.399813
v 3.775562 6.001754 1.321033
v 3.802400 6.001754 1.241674
v 3.827570 6.001754 1.161771
v 3.851061 6.001754 1.081357
v 3.872862 6.001754 1.000470
v 3.892965 6.001754 0.919143
v 3.911360 6.001754 0.837413
v 3.928040 6.001754 0.755316
v 3.942997 6.001754 0.672888
v 3.956224 6.001754 0.590164
v 3.967715 6.001754 0.507182
v 3.977467 6.001754 0.423977
v 3.985474 6.001754 0.340587
v 3.991732 6.001754 0.257046
v 3.996240 6.001754 0.173394
v 3.998995 6.001754 0.089665
v 3.999996 6.001754 0.005896
v 3.999242 6.001754 -0.077875
v 3.996734 6.001754 -0.161611
v 3.992473 6.001754 -0.245277
v 3.986461 6.001754 -0.328835
v 3.978699 6.001754 -0.412250
v 3.969193 6.001754 -0.495483
v 3.957947 6.001754 -0.578498
v 3.944963 6.001754 -0.661261
v 3.930249 6.001754 -0.743733
v 3.913812 6.001754 -0.825879
v 3.895658 6.001754 -0.907662
v 3.875795 6.001754 -0.989047
v 3.854232 6.001754 -1.069999
v 3.830978 6.001754 -1.150481
v 3.806044 6.001754 -1.230459
v 3.779440 6.001754 -1.309897
v 3.751179 6.001754 -1.388760
v 3.721272 6.001754 -1.467014
v 3.689734 6.001754 -1.544625
v 3.656576 6.001754 -1.621559
v 3.621815 6.001754 -1.697780
v 3.585465 6.001754 -1.773258
v 3.547542 6.001754 -1.847957
v 3.508063 6.001754 -1.921846
v 3.467046 6.001754 -1.994892
v 3.424508 6.001754 -2.067063
v 3.380467 6.001754 -2.138327
v 3.334944 6.001754 -2.208653
v 3.287958 6.001754 -2.278010
v 3.239530 6.001754 -2.346369
v 3.189681 6.001754 -2.413697
v 3.138433 6.001754 -2.479968
v 3.085808 6.001754 -2.545150
v 3.031830 6.001754 -2.609216
v 2.976522 6.001754 -2.672138
v 2.919908 6.001754 -2.733887
v 2.862013 6.001754 -2.794437
v 2.802863 6.001754 -2.853762
v 2.742484 6.001754 -2.911835
v 2.680901 6.001754 -2.968631
v 2.618143 6.001754 -3.024124
v 2.554236 6.001754 -3.078291
v 2.489209 6.001754 -3.131108
v 2.423090 6.001754 -3.182551
v 2.355909 6.001754 -3.232599
v 2.287694 6.001754 -3.281228
v 2.218475 6.001754 -3.328418
v 2.148283 6.001754 -3.374149
v 2.077149 6.001754 -3.418399
v 2.005104 6.001754 -3.461150
v 1.932180 6.001754 -3.502382
v 1.858407 6.001754 -3.542079
v 1.783820 6.001754 -3.580222
v 1.708450 6.001754 -3.616794
v 1.632331 6.001754 -3.651780
v 1.555496 6.001754 -3.685164
v 1.477979 6.001754 -3.716931
v 1.399813 6.001754 -3.747069
v 1.321033 6.001754 -3.775562
v 1.241674 6.001754 -3.802400
v 1.161771 6.001754 -3.827570
v 1.081357 6.001754 -3.851061
v 1.000470 6.001754 -3.872862
v 0.919143 6.001754 -3.892965
v 0.837413 6.001754 -3.911360
v 0.755316 6.001754 -3.928040
v 0.672888 6.001754 -3.942997
v 5.662908 9.957569 0.834535
v 5.920748 9.957569 0.802197
v 6.875540 9.957569 0.401166
v 7.498724 9.957569 -0.067165
v 5.271274 9.957569 -1.136228
v 4.951707 9.957569 -1.389447
v 4.903825 9.957569 -1.549989
v 5.264801 9.957569 -2.076872
v 5.668418 9.957569 -2.401699
v 6.154975 9.957569 -3.090350
v 6.314905 9.957569 -3.422305
v 4.929821 9.957569 -4.035507
v 4.209602 9.957569 -3.750506
v 4.698466 9.957569 -3.977882
v 3.691195 9.957569 -6.527669
v 3.601273 9.957569 -4.584563
v 3.708145 9.957569 -4.914142
v 2.251596 9.957569 -5.959762
v 2.740332 9.957569 -6.318588
v 4.075119 9.957569 -3.650603
v 3.914577 9.957569 -3.602721
v 3.667551 9.957569 -3.639166
v 3.527677 9.957569 -3.731370
v 3.377532 9.957569 -4.110447
v 3.416336 9.957569 -4.273421
v 3.508540 9.957569 -4.413296
v 1.862859 9.957569 -5.524234
v 3.062796 9.957569 -6.496882
v 3.439249 9.957569 -6.663854
v 0.833776 9.957569 -5.597888
v -1.143233 9.957569 -5.520875
v -1.132955 9.957569 -5.866446
v -1.095714 9.957569 -6.057933
v -0.928841 9.957569 -6.550113
v 1.651634 9.957569 -5.133171
v 1.517151 9.957569 -5.033267
v 1.272557 9.957569 -4.983027
v 1.109583 9.957569 -5.021831
v 0.969709 9.957569 -5.114036
v 0.869805 9.957569 -5.248518
v 0.821923 9.957569 -5.409060
v -0.786097 9.957569 -6.842225
v -3.852697 9.957569 -4.375400
v 0.802197 9.957569 -5.920748
v -1.029942 9.957569 -6.287103
v -2.265652 9.957569 -5.528616
v -2.810916 9.957569 -5.988780
v -3.090351 9.957569 -6.154975
v -3.422305 9.957569 -6.314905
v -3.750506 9.957569 -4.209602
v -3.914391 9.957569 -4.514013
v -4.051443 9.957569 -6.310404
v -1.123955 9.957569 -5.354458
v -1.162759 9.957569 -5.191484
v -1.317835 9.957569 -4.995775
v -1.467623 9.957569 -4.920743
v -1.717225 9.957569 -4.913739
v -1.870986 9.957569 -4.980253
v -1.992723 9.957569 -5.095345
v -2.067756 9.957569 -5.245132
v -2.169712 9.957569 -5.411076
v -2.401700 9.957569 -5.668418
v -2.582262 9.957569 -5.824120
v -4.431025 9.957569 -3.521015
v -3.650603 9.957569 -4.075119
v -3.602721 9.957569 -3.914577
v -3.612635 9.957569 -3.747340
v -3.679150 9.957569 -3.593580
v -3.794242 9.957569 -3.471842
v -3.944030 9.957569 -3.396810
v -4.110447 9.957569 -3.377532
v -4.273421 9.957569 -3.416336
v -6.527669 9.957569 -3.691195
v -4.914143 9.957569 -3.708144
v -5.753810 9.957569 -3.785189
v -6.121257 9.957569 -3.757716
v -5.372983 9.957569 -1.778367
v -5.920748 9.957569 -0.802196
v -6.109844 9.957569 -0.754276
v -6.875540 9.957569 -0.401165
v -6.842225 9.957569 0.786098
v -6.550113 9.957569 0.928841
v -5.133171 9.957569 -1.651634
v -5.033267 9.957569 -1.517150
v -4.983027 9.957569 -1.272557
v -5.021831 9.957569 -1.109582
v -6.334967 9.957569 -0.675755
v -5.542323 9.957569 1.146380
v -5.715556 9.957569 1.148834
v -5.866446 9.957569 1.132955
v -5.411076 9.957569 2.169712
v -6.154975 9.957569 3.090351
v -6.314906 9.957569 3.422307
v -5.528616 9.957569 2.265652
v -5.824120 9.957569 2.582262
v -5.900900 9.957569 4.095068
v -4.951707 9.957569 1.389447
v -4.901466 9.957569 1.634040
v -5.032474 9.957569 1.936890
v -3.807529 9.957569 -6.460503
v -3.977883 9.957569 -4.698466
v -4.035508 9.957569 -4.929821
v -4.079455 9.957569 -5.208144
v -4.726420 9.957569 -3.655097
v -4.584564 9.957569 -3.601273
v -5.428714 9.957569 -3.780977
v -5.794181 9.957569 -2.080050
v -6.136985 9.957569 -2.470657
v -6.318589 9.957569 -2.740332
v -6.496882 9.957569 -3.062796
v -5.646969 9.957569 -1.952055
v -6.663854 9.957569 -3.439249
v -7.498724 9.957569 0.067166
v -5.770985 9.957569 -0.826512
v -5.114035 9.957569 -0.969709
v -5.248518 9.957569 -0.869806
v -5.409060 9.957569 -0.821923
v -7.180022 9.957569 -0.193649
v -6.287103 9.957569 1.029942
v -6.057932 9.957569 1.095715
v -5.668418 9.957569 2.401700
v -4.209601 9.957569 3.750506
v -4.514013 9.957569 3.914391
v -6.310403 9.957569 4.051443
v -5.354458 9.957569 1.123955
v -5.191483 9.957569 1.162760
v -5.051610 9.957569 1.254964
v -4.940270 9.957569 1.797015
v -5.988779 9.957569 2.810917
v -6.460503 9.957569 3.807529
v -3.785189 9.957569 5.753810
v -3.757715 9.957569 6.121257
v -1.952055 9.957569 5.646969
v -3.389805 9.957569 4.193632
v -3.601273 9.957569 4.584565
v -3.752705 9.957569 5.148365
v -3.508540 9.957569 4.413297
v -3.780977 9.957569 5.428714
v -1.862858 9.957569 5.524233
v -3.439249 9.957569 6.663855
v -4.075119 9.957569 3.650603
v -3.914577 9.957569 3.602721
v -3.747340 9.957569 3.612635
v -3.593580 9.957569 3.679151
v -3.427774 9.957569 3.865854
v -3.379892 9.957569 4.026397
v -3.691195 9.957569 6.527669
v -0.833776 9.957569 5.597887
v -0.754276 9.957569 6.109843
v 0.928841 9.957569 6.550113
v 0.595982 9.957569 7.157864
v -1.703855 9.957569 5.199075
v -1.588762 9.957569 5.077336
v -1.356609 9.957569 4.985386
v -1.035613 9.957569 5.061815
v 1.317835 9.957569 4.995775
v 1.634041 9.957569 4.901466
v 4.914143 9.957569 3.708144
v 6.527669 9.957569 3.691195
v 5.524233 9.957569 1.862858
v 5.794181 9.957569 2.080050
v 6.318588 9.957569 2.740332
v 6.136984 9.957569 2.470657
v 3.619640 9.957569 3.996942
v 3.600363 9.957569 3.830525
v 3.639167 9.957569 3.667550
v 3.731372 9.957569 3.527677
v 3.865854 9.957569 3.427774
v -5.148364 9.957569 -3.752706
v -5.959763 9.957569 -2.251597
v -6.591893 9.957569 -0.560066
v -7.157864 9.957569 0.595981
v -7.490692 9.957569 0.353449
v -4.929821 9.957569 4.035507
v -5.208145 9.957569 4.079456
v -4.375400 9.957569 3.852697
v -4.698467 9.957569 3.977883
v -5.264802 9.957569 2.076872
v -5.532492 9.957569 4.101892
v -3.708145 9.957569 4.914141
v -3.655097 9.957569 4.726420
v -1.778367 9.957569 5.372983
v -2.080050 9.957569 5.794180
v -2.740333 9.957569 6.318589
v -2.251597 9.957569 5.959763
v -2.470658 9.957569 6.136986
v -3.062797 9.957569 6.496883
v -0.401166 9.957569 6.875540
v -0.560065 9.957569 6.591893
v -0.193650 9.957569 7.180021
v 1.132955 9.957569 5.866446
v 0.353450 9.957569 7.490692
v 1.150784 9.957569 5.607200
v 1.095714 9.957569 6.057932
v 0.786096 9.957569 6.842224
v -1.189373 9.957569 4.995300
v -0.869806 9.957569 5.248518
v -0.821924 9.957569 5.409059
v -0.826512 9.957569 5.770986
v -0.675756 9.957569 6.334967
v -0.802197 9.957569 5.920748
v 0.067165 9.957569 7.498724
v 1.029941 9.957569 6.287104
v 1.126314 9.957569 5.438509
v 1.136228 9.957569 5.271273
v 1.202742 9.957569 5.117514
v 1.467623 9.957569 4.920743
v 1.797015 9.957569 4.940269
v 1.936889 9.957569 5.032473
v 2.036792 9.957569 5.166955
v 2.169713 9.957569 5.411077
v 3.750507 9.957569 4.209603
v 6.663854 9.957569 3.439249
v 4.026396 9.957569 3.379892
v 4.347393 9.957569 3.456319
v 4.486955 9.957569 3.554182
v 6.121256 9.957569 3.757716
v 6.496883 9.957569 3.062796
v 6.057932 9.957569 -1.095714
v 6.287104 9.957569 -1.029941
v 6.842224 9.957569 -0.786096
v 5.199075 9.957569 1.703855
v 5.033267 9.957569 1.517151
v 4.985386 9.957569 1.356609
v 4.995300 9.957569 1.189372
v 5.061814 9.957569 1.035613
v 5.176907 9.957569 0.913875
v 5.493111 9.957569 0.819564
v 2.265652 9.957569 5.528616
v 2.582261 9.957569 5.824119
v 3.422305 9.957569 6.314905
v 2.401700 9.957569 5.668418
v 3.090351 9.957569 6.154975
v 3.807530 9.957569 6.460505
v 3.914391 9.957569 4.514014
v 4.079455 9.957569 5.208145
v 4.101892 9.957569 5.532492
v 4.095067 9.957569 5.900900
v 4.051442 9.957569 6.310404
v 3.977883 9.957569 4.698467
v 4.035507 9.957569 4.929821
v 2.810915 9.957569 5.988779
v 3.852698 9.957569 4.375400
v 5.428715 9.957569 3.780977
v 4.726419 9.957569 3.655097
v 5.148363 9.957569 3.752705
v 5.753810 9.957569 3.785190
v 5.352834 9.957569 1.770370
v 5.646969 9.957569 1.952055
v 6.334967 9.957569 0.675755
v 7.490691 9.957569 -0.353451
v 6.109844 9.957569 0.754276
v 7.180021 9.957569 0.193650
v 5.607199 9.957569 -1.150783
v 5.866446 9.957569 -1.132955
v 5.824120 9.957569 -2.582262
v 5.411076 9.957569 -2.169712
v 5.208144 9.957569 -4.079456
v 5.532492 9.957569 -4.101892
v 4.375400 9.957569 -3.852697
v 4.514014 9.957569 -3.914391
v 5.900900 9.957569 -4.095068
v 5.438510 9.957569 -1.126314
v 4.913739 9.957569 -1.717225
v 5.032473 9.957569 -1.936889
v 6.591893 9.957569 0.560065
v 6.550113 9.957569 -0.928839
v 7.157863 9.957569 -0.595982
v 6.460505 9.957569 -3.807530
v 6.310404 9.957569 -4.051443
v 5.528616 9.957569 -2.265652
v 5.988779 9.957569 -2.810915
v 3.655097 9.957569 -4.726420
v 3.785189 9.957569 -5.753811
v 3.757715 9.957569 -6.121257
v 3.752705 9.957569 -5.148363
v 3.780977 9.957569 -5.428715
v 1.770370 9.957569 -5.352836
v 2.470657 9.957569 -6.136984
v 1.952055 9.957569 -5.646969
v 2.080050 9.957569 -5.794181
v 0.401164 9.957569 -6.875540
v 0.193649 9.957569 -7.180020
v -0.067165 9.957569 -7.498724
v 0.826511 9.957569 -5.770985
v 0.754275 9.957569 -6.109843
v 0.560065 9.957569 -6.591893
v -1.148834 9.957569 -5.715556
v -0.595984 9.957569 -7.157864
v -0.353451 9.957569 -7.490691
v 0.675755 9.957569 -6.334967
v -4.101892 9.957569 -5.532492
v -4.095068 9.957569 -5.900901
v 0.590164 9.957569 -3.956224
v 0.507182 9.957569 -3.967715
v 0.423977 9.957569 -3.977467
v 0.340587 9.957569 -3.985474
v 0.257046 9.957569 -3.991732
v 0.173394 9.957569 -3.996240
v 0.089665 9.957569 -3.998995
v 0.005896 9.957569 -3.999996
v -0.077875 9.957569 -3.999242
v -0.161611 9.957569 -3.996734
v -0.245277 9.957569 -3.992473
v -0.328835 9.957569 -3.986461
v -0.412250 9.957569 -3.978699
v -0.495483 9.957569 -3.969193
v -0.578498 9.957569 -3.957947
v -0.661261 9.957569 -3.944963
v -0.743733 9.957569 -3.930249
v -0.825879 9.957569 -3.913812
v -0.907662 9.957569 -3.895658
v -0.989047 9.957569 -3.875795
v -1.069999 9.957569 -3.854232
v -1.150481 9.957569 -3.830978
v -1.230459 9.957569 -3.806044
v -1.309897 9.957569 -3.779440
v -1.388760 9.957569 -3.751179
v -1.467014 9.957569 -3.721272
v -1.544625 9.957569 -3.689734
v -1.621559 9.957569 -3.656576
v -1.697780 9.957569 -3.621815
v -1.773258 9.957569 -3.585465
v -1.847957 9.957569 -3.547542
v -1.921846 9.957569 -3.508063
v -1.994892 9.957569 -3.467046
v -2.067063 9.957569 -3.424508
v -2.138327 9.957569 -3.380467
v -2.208653 9.957569 -3.334944
v -2.278010 9.957569 -3.287958
v -2.346369 9.957569 -3.239530
v -2.413697 9.957569 -3.189681
v -2.479968 9.957569 -3.138433
v -2.545150 9.957569 -3.085808
v -2.609216 9.957569 -3.031830
v -2.672138 9.957569 -2.976522
v -2.733887 9.957569 -2.919908
v -2.794437 9.957569 -2.862013
v -2.853762 9.957569 -2.802863
v -2.911835 9.957569 -2.742484
v -2.968631 9.957569 -2.680901
v -3.024124 9.957569 -2.618143
v -3.078291 9.957569 -2.554236
v -3.131108 9.957569 -2.489209
v -3.182551 9.957569 -2.423090
v -3.232599 9.957569 -2.355909
v -3.281228 9.957569 -2.287694
v -3.328418 9.957569 -2.218475
v -3.374149 9.957569 -2.148283
v -3.418399 9.957569 -2.077149
v -3.461150 9.957569 -2.005104
v -3.502382 9.957569 -1.932180
v -3.542079 9.957569 -1.858407
v -3.580222 9.957569 -1.783820
v -3.616794 9.957569 -1.708450
v -3.651780 9.957569 -1.632331
v -3.685164 9.957569 -1.555496
v -3.716931 9.957569 -1.477979
v -3.747069 9.957569 -1.399813
v -3.775562 9.957569 -1.321033
v -3.802400 9.957569 -1.241674
v -3.827570 9.957569 -1.161771
v -3.851061 9.957569 -1.081357
v -3.872862 9.957569 -1.000470
v -3.892965 9.957569 -0.919143
v -3.911360 9.957569 -0.837413
v -3.928040 9.957569 -0.755316
v -3.942997 9.957569 -0.672888
v -3.956224 9.957569 -0.590164
v -3.967715 9.957569 -0.507182
v -3.977467 9.957569 -0.423977
v -3.985474 9.957569 -0.340587
v -3.991732 9.957569 -0.257046
v -3.996240 9.957569 -0.173394
v -3.998995 9.957569 -0.089665
v -3.999996 9.957569 -0.005896
v -3.999242 9.957569 0.077875
v -3.996734 9.957569 0.161611
v -3.992473 9.957569 0.245277
v -3.986461 9.957569 0.328835
v -3.978699 9.957569 0.412250
v -3.969193 9.957569 0.495483
v -3.957947 9.957569 0.578498
v -3.944963 9.957569 0.661261
v -3.930249 9.957569 0.743733
v -3.913812 9.957569 0.825879
v -3.895658 9.957569 0.907662
v -3.875795 9.957569 0.989047
v -3.854232 9.957569 1.069999
v -3.830978 9.957569 1.150481
v -3.806044 9.957569 1.230459
v -3.779440 9.957569 1.309897
v -3.751179 9.957569 1.388760
v -3.721272 9.957569 1.467014
v -3.689734 9.957569 1.544625
v -3.656576 9.957569 1.621559
v -3.621815 9.957569 1.697780
v -3.585465 9.957569 1.773258
v -3.547542 9.957569 1.847957
v -3.508063 9.957569 1.921846
v -3.467046 9.957569 1.994892
v -3.424508 9.957569 2.067063
v -3.380467 9.957569 2.138327
v -3.334944 9.957569 2.208653
v -3.287958 9.957569 2.278010
v -3.239530 9.957569 2.346369
v -3.189681 9.957569 2.413697
v -3.138433 9.957569 2.479968
v -3.085808 9.957569 2.545150
v -3.031830 9.957569 2.609216
v -2.976522 9.957569 2.672138
v -2.919908 9.957569 2.733887
v -2.862013 9.957569 2.794437
v -2.802863 9.957569 2.853762
v -2.742484 9.957569 2.911835
v -2.680901 9.957569 2.968631
v -2.618143 9.957569 3.024124
v -2.554236 9.957569 3.078291
v -2.489209 9.957569 3.131108
v -2.423090 9.957569 3.182551
v -2.355909 9.957569 3.232599
v -2.287694 9.957569 3.281228
v -2.218475 9.957569 3.328418
v -2.148283 9.957569 3.374149
v -2.077149 9.957569 3.418399
v -2.005104 9.957569 3.461150
v -1.932180 9.957569 3.502382
v -1.858407 9.957569 3.542079
v -1.783820 9.957569 3.580222
v -1.708450 9.957569 3.616794
v -1.632331 9.957569 3.651780
v -1.555496 9.957569 3.685164
v -1.477979 9.957569 3.716931
v -1.399813 9.957569 3.747069
v -1.321033 9.957569 3.775562
v -1.241674 9.957569 3.802400
v -1.161771 9.957569 3.827570
v -1.081357 9.957569 3.851061
v -1.000470 9.957569 3.872862
v -0.919143 9.957569 3.892965
v -0.837413 9.957569 3.911360
v -0.755316 9.957569 3.928040
v -0.672888 9.957569 3.942997
v -0.590164 9.957569 3.956224
v -0.507182 9.957569 3.967715
v -0.423977 9.957569 3.977467
v -0.340587 9.957569 3.985474
v -0.257046 9.957569 3.991732
v -0.173394 9.957569 3.996240
v -0.089665 9.957569 3.998995
v -0.005896 9.957569 3.999996
v 0.077875 9.957569 3.999242
v 0.161611 9.957569 3.996734
v 0.245277 9.957569 3.992473
v 0.328835 9.957569 3.986461
v 0.412250 9.957569 3.978699
v 0.495483 9.957569 3.969193
v 0.578498 9.957569 3.957947
v 0.661261 9.957569 3.944963
v 0.743733 9.957569 3.930249
v 0.825879 9.957569 3.913812
v 0.907662 9.957569 3.895658
v 0.989047 9.957569 3.875795
v 1.069999 9.957569 3.854232
v 1.150481 9.957569 3.830978
v 1.230459 9.957569 3.806044
v 1.309897 9.957569 3.779440
v 1.388760 9.957569 3.751179
v 1.467014 9.957569 3.721272
v 1.544625 9.957569 3.689734
v 1.621559 9.957569 3.656576
v 1.697780 9.957569 3.621815
v 1.773258 9.957569 3.585465
v 1.847957 9.957569 3.547542
v 1.921846 9.957569 3.508063
v 1.994892 9.957569 3.467046
v 2.067063 9.957569 3.424508
v 2.138327 9.957569 3.380467
v 2.208653 9.957569 3.334944
v 2.278010 9.957569 3.287958
v 2.346369 9.957569 3.239530
v 2.413697 9.957569 3.189681
v 2.479968 9.957569 3.138433
v 2.545150 9.957569 3.085808
v 2.609216 9.957569 3.031830
v 2.672138 9.957569 2.976522
v 2.733887 9.957569 2.919908
v 2.794437 9.957569 2.862013
v 2.853762 9.957569 2.802863
v 2.911835 9.957569 2.742484
v 2.968631 9.957569 2.680901
v 3.024124 9.957569 2.618143
v 3.078291 9.957569 2.554236
v 3.131108 9.957569 2.489209
v 3.182551 9.957569 2.423090
v 3.232599 9.957569 2.355909
v 3.281228 9.957569 2.287694
v 3.328418 9.957569 2.218475
v 3.374149 9.957569 2.148283
v 3.418399 9.957569 2.077149
v 3.461150 9.957569 2.005104
v 3.502382 9.957569 1.932180
v 3.542079 9.957569 1.858407
v 3.580222 9.957569 1.783820
v 3.616794 9.957569 1.708450
v 3.651780 9.957569 1.632331
v 3.685164 9.957569 1.555496
v 3.716931 9.957569 1.477979
v 3.747069 9.957569 1.399813
v 3.775562 9.957569 1.321033
v 3.802400 9.957569 1.241674
v 3.827570 9.957569 1.161771
v 3.851061 9.957569 1.081357
v 3.872862 9.957569 1.000470
v 3.892965 9.957569 0.919143
v 3.911360 9.957569 0.837413
v 3.928040 9.957569 0.755316
v 3.942997 9.957569 0.672888
v 3.956224 9.957569 0.590164
v 3.967715 9.957569 0.507182
v 3.977467 9.957569 0.423977
v 3.985474 9.957569 0.340587
v 3.991732 9.957569 0.257046
v 3.996240 9.957569 0.173394
v 3.998995 9.957569 0.089665
v 3.999996 9.957569 0.005896
v 3.999242 9.957569 -0.077875
v 3.996734 9.957569 -0.161611
v 3.992473 9.957569 -0.245277
v 3.986461 9.957569 -0.328835
v 3.978699 9.957569 -0.412250
v 3.969193 9.957569 -0.495483
v 3.957947 9.957569 -0.578498
v 3.944963 9.957569 -0.661261
v 3.930249 9.957569 -0.743733
v 3.913812 9.957569 -0.825879
v 3.895658 9.957569 -0.907662
v 3.875795 9.957569 -0.989047
v 3.854232 9.957569 -1.069999
v 3.830978 9.957569 -1.150481
v 3.806044 9.957569 -1.230459
v 3.779440 9.957569 -1.309897
v 3.751179 9.957569 -1.388760
v 3.721272 9.957569 -1.467014
v 3.689734 9.957569 -1.544625
v 3.656576 9.957569 -1.621559
v 3.621815 9.957569 -1.697780
v 3.585465 9.957569 -1.773258
v 3.547542 9.957569 -1.847957
v 3.508063 9.957569 -1.921846
v 3.467046 9.957569 -1.994892
v 3.424508 9.957569 -2.067063
v 3.380467 9.957569 -2.138327
v 3.334944 9.957569 -2.208653
v 3.287958 9.957569 -2.278010
v 3.239530 9.957569 -2.346369
v 3.189681 9.957569 -2.413697
v 3.138433 9.957569 -2.479968
v 3.085808 9.957569 -2.545150
v 3.031830 9.957569 -2.609216
v 2.976522 9.957569 -2.672138
v 2.919908 9.957569 -2.733887
v 2.862013 9.957569 -2.794437
v 2.802863 9.957569 -2.853762
v 2.742484 9.957569 -2.911835
v 2.680901 9.957569 -2.968631
v 2.618143 9.957569 -3.024124
v 2.554236 9.957569 -3.078291
v 2.489209 9.957569 -3.131108
v 2.423090 9.957569 -3.182551
v 2.355909 9.957569 -3.232599
v 2.287694 9.957569 -3.281228
v 2.218475 9.957569 -3.328418
v 2.148283 9.957569 -3.374149
v 2.077149 9.957569 -3.418399
v 2.005104 9.957569 -3.461150
v 1.932180 9.957569 -3.502382
v 1.858407 9.957569 -3.542079
v 1.783820 9.957569 -3.580222
v 1.708450 9.957569 -3.616794
v 1.632331 9.957569 -3.651780
v 1.555496 9.957569 -3.685164
v 1.477979 9.957569 -3.716931
v 1.399813 9.957569 -3.747069
v 1.321033 9.957569 -3.775562
v 1.241674 9.957569 -3.802400
v 1.161771 9.957569 -3.827570
v 1.081357 9.957569 -3.851061
v 1.000470 9.957569 -3.872862
v 0.919143 9.957569 -3.892965
v 0.837413 9.957569 -3.911360
v 0.755316 9.957569 -3.928040
v 0.672888 9.957569 -3.942997
v -5.524234 4.984951 -1.862858
v -5.576297 4.984951 -0.831836
v 5.117513 4.984951 -1.202742
v 5.959763 4.984951 2.251597
v 3.396810 4.984951 -3.944030
v 4.193631 4.984951 3.389805
v 5.326694 4.984951 0.838841
v -2.265652 4.978785 -5.528616
v -2.169712 4.978785 -5.411076
v -2.401700 4.978785 -5.668418
v -2.810916 4.978785 -5.988780
v -2.582262 4.978785 -5.824120
v -3.807529 4.978785 -6.460503
v -3.422305 4.978785 -6.314905
v -3.750506 4.978785 -4.209602
v -3.852697 4.978785 -4.375400
v -3.914391 4.978785 -4.514013
v -3.977883 4.978785 -4.698466
v -4.079455 4.978785 -5.208144
v -4.101892 4.978785 -5.532492
v -4.095068 4.978785 -5.900901
v -4.051443 4.978785 -6.310404
v -1.123955 4.978785 -5.354458
v -1.143233 4.978785 -5.520875
v -1.162759 4.978785 -5.191484
v -1.317835 4.978785 -4.995775
v -1.467623 4.978785 -4.920743
v -1.717225 4.978785 -4.913739
v -1.870986 4.978785 -4.980253
v -1.992723 4.978785 -5.095345
v -2.067756 4.978785 -5.245132
v -4.584564 4.978785 -3.601273
v -4.431025 4.978785 -3.521015
v -4.726420 4.978785 -3.655097
v -4.914143 4.978785 -3.708144
v -5.148364 4.978785 -3.752706
v -5.428714 4.978785 -3.780977
v -5.753810 4.978785 -3.785189
v -6.527669 4.978785 -3.691195
v -6.121257 4.978785 -3.757716
v -5.372983 4.978785 -1.778367
v -5.646969 4.978785 -1.952055
v -5.794181 4.978785 -2.080050
v -5.959763 4.978785 -2.251597
v -6.136985 4.978785 -2.470657
v -6.318589 4.978785 -2.740332
v -6.496882 4.978785 -3.062796
v -6.663854 4.978785 -3.439249
v -3.650603 4.978785 -4.075119
v -3.602721 4.978785 -3.914577
v -3.612635 4.978785 -3.747340
v -3.679150 4.978785 -3.593580
v -3.794242 4.978785 -3.471842
v -3.944030 4.978785 -3.396810
v -4.110447 4.978785 -3.377532
v -4.273421 4.978785 -3.416336
v -5.770985 4.978785 -0.826512
v -5.920748 4.978785 -0.802196
v -6.334967 4.978785 -0.675755
v -6.109844 4.978785 -0.754276
v -6.591893 4.978785 -0.560066
v -6.875540 4.978785 -0.401165
v -7.180022 4.978785 -0.193649
v -7.498724 4.978785 0.067166
v -5.542323 4.978785 1.146380
v -5.715556 4.978785 1.148834
v -5.866446 4.978785 1.132955
v -6.057932 4.978785 1.095715
v -6.287103 4.978785 1.029942
v -6.550113 4.978785 0.928841
v -6.842225 4.978785 0.786098
v -7.157864 4.978785 0.595981
v -7.490692 4.978785 0.353449
v -5.133171 4.978785 -1.651634
v -5.033267 4.978785 -1.517150
v -4.983027 4.978785 -1.272557
v -5.021831 4.978785 -1.109582
v -5.114035 4.978785 -0.969709
v -5.248518 4.978785 -0.869806
v -5.409060 4.978785 -0.821923
v -5.411076 4.978785 2.169712
v -5.264802 4.978785 2.076872
v -5.528616 4.978785 2.265652
v -5.668418 4.978785 2.401700
v -5.824120 4.978785 2.582262
v -5.988779 4.978785 2.810917
v -6.154975 4.978785 3.090351
v -6.460503 4.978785 3.807529
v -6.314906 4.978785 3.422307
v -4.209601 4.978785 3.750506
v -4.375400 4.978785 3.852697
v -4.514013 4.978785 3.914391
v -4.698467 4.978785 3.977883
v -4.929821 4.978785 4.035507
v -5.208145 4.978785 4.079456
v -5.532492 4.978785 4.101892
v -5.900900 4.978785 4.095068
v -6.310403 4.978785 4.051443
v -5.354458 4.978785 1.123955
v -5.191483 4.978785 1.162760
v -5.051610 4.978785 1.254964
v -4.951707 4.978785 1.389447
v -4.901466 4.978785 1.634040
v -4.940270 4.978785 1.797015
v -5.032474 4.978785 1.936890
v -3.601273 4.978785 4.584565
v -3.508540 4.978785 4.413297
v -3.655097 4.978785 4.726420
v -3.708145 4.978785 4.914141
v -3.752705 4.978785 5.148365
v -3.780977 4.978785 5.428714
v -3.785189 4.978785 5.753810
v -3.757715 4.978785 6.121257
v -3.691195 4.978785 6.527669
v -1.778367 4.978785 5.372983
v -1.862858 4.978785 5.524233
v -1.952055 4.978785 5.646969
v -2.080050 4.978785 5.794180
v -2.251597 4.978785 5.959763
v -2.470658 4.978785 6.136986
v -2.740333 4.978785 6.318589
v 6.314905 4.978785 -3.422305
v 6.154975 4.978785 -3.090350
v -3.062797 4.978785 6.496883
v 3.062796 4.978785 -6.496882
v 3.439249 4.978785 -6.663854
v -3.439249 4.978785 6.663855
v -3.090351 4.978785 -6.154975
v -4.075119 4.978785 3.650603
v -3.914577 4.978785 3.602721
v -3.747340 4.978785 3.612635
v -3.593580 4.978785 3.679151
v -3.427774 4.978785 3.865854
v -4.035508 4.978785 -4.929821
v -3.379892 4.978785 4.026397
v -3.389805 4.978785 4.193632
v 3.977883 4.978785 4.698467
v 4.035507 4.978785 4.929821
v -0.826512 4.978785 5.770986
v -0.833776 4.978785 5.597887
v 4.375400 4.978785 -3.852697
v 4.514014 4.978785 -3.914391
v -0.802197 4.978785 5.920748
v 3.780977 4.978785 -5.428715
v 3.752705 4.978785 -5.148363
v -0.754276 4.978785 6.109843
v 3.757715 4.978785 -6.121257
v 3.785189 4.978785 -5.753811
v -0.675756 4.978785 6.334967
v 0.193649 4.978785 -7.180020
v 0.401164 4.978785 -6.875540
v -0.560065 4.978785 6.591893
v -0.067165 4.978785 -7.498724
v -0.401166 4.978785 6.875540
v 5.662908 4.978785 0.834535
v 5.493111 4.978785 0.819564
v -0.193650 4.978785 7.180021
v 5.920748 4.978785 0.802197
v 0.067165 4.978785 7.498724
v 6.109844 4.978785 0.754276
v 1.150784 4.978785 5.607200
v 1.132955 4.978785 5.866446
v 6.334967 4.978785 0.675755
v 1.095714 4.978785 6.057932
v 6.591893 4.978785 0.560065
v 1.029941 4.978785 6.287104
v 6.875540 4.978785 0.401166
v 0.928841 4.978785 6.550113
v 7.180021 4.978785 0.193650
v 0.786096 4.978785 6.842224
v 7.498724 4.978785 -0.067165
v 0.595982 4.978785 7.157864
v 5.438510 4.978785 -1.126314
v 5.607199 4.978785 -1.150783
v 0.353450 4.978785 7.490692
v 5.411076 4.978785 -2.169712
v 5.264801 4.978785 -2.076872
v 5.866446 4.978785 -1.132955
v -1.703855 4.978785 5.199075
v 6.057932 4.978785 -1.095714
v -1.588762 4.978785 5.077336
v 6.287104 4.978785 -1.029941
v -1.356609 4.978785 4.985386
v 6.550113 4.978785 -0.928839
v -1.189373 4.978785 4.995300
v 6.842224 4.978785 -0.786096
v -1.035613 4.978785 5.061815
v 7.157863 4.978785 -0.595982
v -0.869806 4.978785 5.248518
v 7.490691 4.978785 -0.353451
v -0.821924 4.978785 5.409059
v 5.528616 4.978785 -2.265652
v 2.169713 4.978785 5.411077
v 2.036792 4.978785 5.166955
v 5.668418 4.978785 -2.401699
v 2.265652 4.978785 5.528616
v 5.824120 4.978785 -2.582262
v 2.401700 4.978785 5.668418
v 5.988779 4.978785 -2.810915
v 2.582261 4.978785 5.824119
v 2.810915 4.978785 5.988779
v 6.460505 4.978785 -3.807530
v 3.090351 4.978785 6.154975
v 4.209602 4.978785 -3.750506
v 3.422305 4.978785 6.314905
v 4.698466 4.978785 -3.977882
v 3.807530 4.978785 6.460505
v 4.929821 4.978785 -4.035507
v 3.750507 4.978785 4.209603
v 3.852698 4.978785 4.375400
v 5.208144 4.978785 -4.079456
v 3.914391 4.978785 4.514014
v 5.532492 4.978785 -4.101892
v 5.900900 4.978785 -4.095068
v 4.079455 4.978785 5.208145
v 6.310404 4.978785 -4.051443
v 4.101892 4.978785 5.532492
v 4.095067 4.978785 5.900900
v 5.271274 4.978785 -1.136228
v 4.051442 4.978785 6.310404
v 4.951707 4.978785 -1.389447
v 1.126314 4.978785 5.438509
v 4.903825 4.978785 -1.549989
v 1.136228 4.978785 5.271273
v 4.913739 4.978785 -1.717225
v 1.202742 4.978785 5.117514
v 5.032473 4.978785 -1.936889
v 1.317835 4.978785 4.995775
v 1.467623 4.978785 4.920743
v 3.601273 4.978785 -4.584563
v 3.508540 4.978785 -4.413296
v 1.634041 4.978785 4.901466
v 3.655097 4.978785 -4.726420
v 1.797015 4.978785 4.940269
v 3.708145 4.978785 -4.914142
v 1.936889 4.978785 5.032473
v 4.726419 4.978785 3.655097
v 4.486955 4.978785 3.554182
v 3.691195 4.978785 -6.527669
v 4.914143 4.978785 3.708144
v 1.770370 4.978785 -5.352836
v 1.862859 4.978785 -5.524234
v 5.148363 4.978785 3.752705
v 1.952055 4.978785 -5.646969
v 5.428715 4.978785 3.780977
v 2.080050 4.978785 -5.794181
v 5.753810 4.978785 3.785190
v 2.251596 4.978785 -5.959762
v 6.121256 4.978785 3.757716
v 2.470657 4.978785 -6.136984
v 6.527669 4.978785 3.691195
v 2.740332 4.978785 -6.318588
v 5.352834 4.978785 1.770370
v 5.524233 4.978785 1.862858
v 5.646969 4.978785 1.952055
v 5.794181 4.978785 2.080050
v 4.075119 4.978785 -3.650603
v 3.914577 4.978785 -3.602721
v 6.136984 4.978785 2.470657
v 3.667551 4.978785 -3.639166
v 6.318588 4.978785 2.740332
v 3.527677 4.978785 -3.731370
v 6.496883 4.978785 3.062796
v 6.663854 4.978785 3.439249
v 3.377532 4.978785 -4.110447
v 3.416336 4.978785 -4.273421
v 3.619640 4.978785 3.996942
v 3.600363 4.978785 3.830525
v 0.826511 4.978785 -5.770985
v 0.833776 4.978785 -5.597888
v 3.639167 4.978785 3.667550
v 0.802197 4.978785 -5.920748
v 3.731372 4.978785 3.527677
v 0.754275 4.978785 -6.109843
v 3.865854 4.978785 3.427774
v 0.675755 4.978785 -6.334967
v 4.026396 4.978785 3.379892
v 0.560065 4.978785 -6.591893
v 4.347393 4.978785 3.456319
v -1.148834 4.978785 -5.715556
v -1.132955 4.978785 -5.866446
v 5.199075 4.978785 1.703855
v -1.095714 4.978785 -6.057933
v 5.033267 4.978785 1.517151
v -1.029942 4.978785 -6.287103
v 4.985386 4.978785 1.356609
v -0.928841 4.978785 -6.550113
v 4.995300 4.978785 1.189372
v -0.786097 4.978785 -6.842225
v 5.061814 4.978785 1.035613
v -0.595984 4.978785 -7.157864
v 5.176907 4.978785 0.913875
v -0.353451 4.978785 -7.490691
v 1.651634 4.978785 -5.133171
v 1.517151 4.978785 -5.033267
v 1.272557 4.978785 -4.983027
v 1.109583 4.978785 -5.021831
v 0.969709 4.978785 -5.114036
v 0.869805 4.978785 -5.248518
v 0.821923 4.978785 -5.409060
vn -0.0000 -1.0000 -0.0000
vn -0.8705 -0.0000 -0.4922
vn -0.1372 -0.0000 0.9905
vn -0.8600 -0.0000 -0.5103
vn -0.8491 -0.0000 -0.5282
vn -0.8379 -0.0000 -0.5459
vn -0.8263 -0.0000 -0.5633
vn -0.8143 -0.0000 -0.5805
vn -0.8019 -0.0000 -0.5974
vn -0.7893 -0.0000 -0.6141
vn -0.7762 -0.0000 -0.6305
vn -0.7628 -0.0000 -0.6466
vn -0.7491 -0.0000 -0.6624
vn -0.7351 -0.0000 -0.6780
vn -0.7207 -0.0000 -0.6932
vn -0.7061 -0.0000 -0.7081
vn -0.6911 -0.0000 -0.7228
vn -0.6758 -0.0000 -0.7371
vn -0.6602 -0.0000 -0.7511
vn -0.6443 -0.0000 -0.7647
vn -0.6282 -0.0000 -0.7781
vn -0.6117 -0.0000 -0.7911
vn -0.5950 -0.0000 -0.8037
vn -0.5781 -0.0000 -0.8160
vn -0.5609 -0.0000 -0.8279
vn -0.5434 -0.0000 -0.8395
vn -0.5257 -0.0000 -0.8507
vn -0.5078 -0.0000 -0.8615
vn -0.4896 -0.0000 -0.8719
vn -0.4713 -0.0000 -0.8820
vn -0.4527 -0.0000 -0.8917
vn -0.4339 -0.0000 -0.9010
vn -0.4149 -0.0000 -0.9098
vn -0.3958 -0.0000 -0.9183
vn -0.3765 -0.0000 -0.9264
vn -0.3570 -0.0000 -0.9341
vn -0.3374 -0.0000 -0.9414
vn -0.3176 -0.0000 -0.9482
vn -0.2976 -0.0000 -0.9547
vn -0.2776 -0.0000 -0.9607
vn -0.2574 -0.0000 -0.9663
vn -0.2371 -0.0000 -0.9715
vn -0.2167 -0.0000 -0.9762
vn -0.1962 -0.0000 -0.9806
vn -0.1756 -0.0000 -0.9845
vn -0.1550 -0.0000 -0.9879
vn -0.1343 -0.0000 -0.9909
vn -0.1135 -0.0000 -0.9935
vn -0.0926 -0.0000 -0.9957
vn -0.0718 -0.0000 -0.9974
vn -0.0509 -0.0000 -0.9987
vn -0.0299 -0.0000 -0.9996
vn -0.0090 -0.0000 -1.0000
vn 0.0119 -0.0000 -0.9999
vn 0.0329 -0.0000 -0.9995
vn 0.0538 -0.0000 -0.9986
vn 0.0747 -0.0000 -0.9972
vn 0.0956 -0.0000 -0.9954
vn 0.1164 -0.0000 -0.9932
vn 0.1372 -0.0000 -0.9905
vn 0.1579 -0.0000 -0.9875
vn 0.1785 -0.0000 -0.9839
vn 0.1991 -0.0000 -0.9800
vn 0.2196 -0.0000 -0.9756
vn 0.2400 -0.0000 -0.9708
vn 0.2602 -0.0000 -0.9655
vn 0.2804 -0.0000 -0.9599
vn 0.3004 -0.0000 -0.9538
vn 0.3204 -0.0000 -0.9473
vn 0.3401 -0.0000 -0.9404
vn 0.3597 -0.0000 -0.9331
vn 0.3792 -0.0000 -0.9253
vn 0.3985 -0.0000 -0.9172
vn 0.4176 -0.0000 -0.9086
vn 0.4366 -0.0000 -0.8997
vn 0.4553 -0.0000 -0.8903
vn 0.4738 -0.0000 -0.8806
vn 0.4922 -0.0000 -0.8705
vn 0.5103 -0.0000 -0.8600
vn 0.5282 -0.0000 -0.8491
vn 0.5459 -0.0000 -0.8379
vn 0.5633 -0.0000 -0.8263
vn 0.5805 -0.0000 -0.8143
vn 0.5974 -0.0000 -0.8019
vn 0.6141 -0.0000 -0.7893
vn 0.6305 -0.0000 -0.7762
vn 0.6466 -0.0000 -0.7628
vn 0.6624 -0.0000 -0.7491
vn 0.6780 -0.0000 -0.7351
vn 0.6932 -0.0000 -0.7207
vn 0.7081 -0.0000 -0.7061
vn 0.7228 -0.0000 -0.6911
vn 0.7371 -0.0000 -0.6758
vn 0.7511 -0.0000 -0.6602
vn 0.7647 -0.0000 -0.6443
vn 0.7781 -0.0000 -0.6282
vn 0.7911 -0.0000 -0.6117
vn 0.8037 -0.0000 -0.5950
vn 0.8160 -0.0000 -0.5781
vn 0.8279 -0.0000 -0.5609
vn 0.8395 -0.0000 -0.5434
vn 0.8507 -0.0000 -0.5257
vn 0.8615 -0.0000 -0.5078
vn 0.8719 -0.0000 -0.4896
vn 0.8820 -0.0000 -0.4713
vn -0.9331 -0.0000 -0.3597
vn 0.0299 -0.0000 0.9996
vn 0.7747 -0.0000 -0.6323
vn -0.9404 -0.0000 -0.3401
vn 0.0509 -0.0000 0.9987
vn 0.7167 -0.0000 -0.6974
vn -0.9473 -0.0000 -0.3204
vn 0.0718 -0.0000 0.9974
vn 0.5844 -0.0000 -0.8115
vn -0.9538 -0.0000 -0.3005
vn 0.0926 -0.0000 0.9957
vn 0.3535 -0.0000 -0.9354
vn -0.9599 -0.0000 -0.2804
vn 0.1135 -0.0000 0.9935
vn -0.8513 -0.0000 0.5247
vn -0.9655 -0.0000 -0.2602
vn 0.1343 -0.0000 0.9909
vn -0.9136 -0.0000 0.4066
vn -0.9708 -0.0000 -0.2400
vn 0.1550 -0.0000 0.9879
vn -0.9455 -0.0000 0.3255
vn -0.9756 -0.0000 -0.2196
vn 0.1756 -0.0000 0.9845
vn -0.9976 -0.0000 0.0690
vn -0.9800 -0.0000 -0.1991
vn 0.1962 -0.0000 0.9806
vn -0.9998 -0.0000 -0.0185
vn -0.9839 -0.0000 -0.1785
vn 0.2167 -0.0000 0.9762
vn -0.9944 -0.0000 -0.1059
vn -0.9875 -0.0000 -0.1579
vn 0.2371 -0.0000 0.9715
vn -0.5241 -0.0000 -0.8517
vn -0.9905 -0.0000 -0.1372
vn 0.2574 -0.0000 0.9663
vn -0.9934 -0.0000 0.1151
vn -0.9932 -0.0000 -0.1164
vn 0.2776 -0.0000 0.9607
vn -0.9728 -0.0000 -0.2316
vn -0.9954 -0.0000 -0.0956
vn 0.2976 -0.0000 0.9547
vn -0.7838 -0.0000 -0.6210
vn -0.9972 -0.0000 -0.0747
vn 0.3176 -0.0000 0.9482
vn -0.4479 -0.0000 -0.8941
vn -0.9986 -0.0000 -0.0538
vn 0.3374 -0.0000 0.9414
vn -0.0281 -0.0000 -0.9996
vn -0.9995 -0.0000 -0.0329
vn 0.3570 -0.0000 0.9341
vn 0.3970 -0.0000 -0.9178
vn -0.9999 -0.0000 -0.0119
vn 0.3765 -0.0000 0.9264
vn 0.6870 -0.0000 -0.7267
vn -1.0000 -0.0000 0.0090
vn 0.3958 -0.0000 0.9183
vn 0.8941 -0.0000 -0.4479
vn -0.9996 -0.0000 0.0299
vn 0.4149 -0.0000 0.9098
vn 0.4632 -0.0000 -0.8862
vn -0.9987 -0.0000 0.0509
vn 0.4339 -0.0000 0.9010
vn 0.3547 -0.0000 -0.9350
vn -0.9974 -0.0000 0.0718
vn 0.4527 -0.0000 0.8917
vn 0.2719 -0.0000 -0.9623
vn -0.9957 -0.0000 0.0926
vn 0.4713 -0.0000 0.8820
vn 0.1869 -0.0000 -0.9824
vn -0.9935 -0.0000 0.1135
vn 0.4896 -0.0000 0.8719
vn 0.1003 -0.0000 -0.9950
vn -0.9909 -0.0000 0.1343
vn 0.5078 -0.0000 0.8615
vn 0.0130 -0.0000 -0.9999
vn -0.9879 -0.0000 0.1550
vn 0.5257 -0.0000 0.8507
vn -0.1615 -0.0000 -0.9869
vn -0.9845 -0.0000 0.1756
vn 0.5434 -0.0000 0.8395
vn -0.4877 -0.0000 0.8730
vn -0.9806 -0.0000 0.1962
vn 0.5609 -0.0000 0.8279
vn -0.5879 -0.0000 0.8089
vn -0.9762 -0.0000 0.2167
vn 0.5781 -0.0000 0.8160
vn -0.6561 -0.0000 0.7546
vn -0.9715 -0.0000 0.2371
vn 0.5950 -0.0000 0.8037
vn -0.7195 -0.0000 0.6945
vn -0.9663 -0.0000 0.2574
vn 0.6117 -0.0000 0.7911
vn -0.7774 -0.0000 0.6290
vn -0.9607 -0.0000 0.2776
vn 0.6282 -0.0000 0.7781
vn -0.8295 -0.0000 0.5586
vn -0.9547 -0.0000 0.2976
vn 0.6443 -0.0000 0.7647
vn -0.8751 -0.0000 0.4839
vn -0.9482 -0.0000 0.3176
vn 0.6602 -0.0000 0.7511
vn -0.9141 -0.0000 0.4054
vn -0.9414 -0.0000 0.3373
vn 0.6758 -0.0000 0.7371
vn -0.8797 -0.0000 -0.4755
vn -0.9341 -0.0000 0.3570
vn 0.6911 -0.0000 0.7228
vn -0.8027 -0.0000 0.5963
vn -0.9264 -0.0000 0.3765
vn 0.7061 -0.0000 0.7081
vn -0.9583 -0.0000 0.2858
vn -0.9183 -0.0000 0.3958
vn 0.7207 -0.0000 0.6932
vn -0.9982 -0.0000 -0.0592
vn -0.9098 -0.0000 0.4149
vn 0.7351 -0.0000 0.6780
vn -0.9178 -0.0000 -0.3970
vn -0.9010 -0.0000 0.4339
vn 0.7491 -0.0000 0.6624
vn -0.7267 -0.0000 -0.6870
vn -0.8917 -0.0000 0.4527
vn 0.7628 -0.0000 0.6466
vn -0.8820 -0.0000 0.4713
vn 0.7762 -0.0000 0.6305
vn -0.1151 -0.0000 -0.9934
vn -0.8719 -0.0000 0.4896
vn 0.7892 -0.0000 0.6141
vn 0.2316 -0.0000 -0.9728
vn -0.8615 -0.0000 0.5078
vn 0.8019 -0.0000 0.5974
vn 0.5533 -0.0000 -0.8330
vn -0.8507 -0.0000 0.5257
vn 0.8143 -0.0000 0.5805
vn -0.0273 -0.0000 -0.9996
vn -0.8395 -0.0000 0.5434
vn 0.8263 -0.0000 0.5633
vn -0.1603 -0.0000 -0.9871
vn -0.8279 -0.0000 0.5609
vn 0.8379 -0.0000 0.5459
vn -0.3293 -0.0000 -0.9442
vn -0.8160 -0.0000 0.5781
vn 0.8491 -0.0000 0.5282
vn -0.4106 -0.0000 -0.9118
vn -0.8037 -0.0000 0.5950
vn 0.8600 -0.0000 0.5103
vn -0.4887 -0.0000 -0.8724
vn -0.7911 -0.0000 0.6117
vn 0.8705 -0.0000 0.4922
vn -0.5632 -0.0000 -0.8263
vn -0.7781 -0.0000 0.6282
vn 0.8806 -0.0000 0.4738
vn -0.6333 -0.0000 -0.7739
vn -0.7647 -0.0000 0.6443
vn 0.8903 -0.0000 0.4553
vn 0.0142 -0.0000 0.9999
vn -0.7511 -0.0000 0.6602
vn 0.8997 -0.0000 0.4366
vn -0.1047 -0.0000 0.9945
vn -0.7371 -0.0000 0.6758
vn 0.9086 -0.0000 0.4176
vn -0.1909 -0.0000 0.9816
vn -0.7228 -0.0000 0.6911
vn 0.9172 -0.0000 0.3985
vn -0.2759 -0.0000 0.9612
vn -0.7081 -0.0000 0.7061
vn 0.9253 -0.0000 0.3792
vn -0.3588 -0.0000 0.9334
vn -0.6932 -0.0000 0.7207
vn 0.9331 -0.0000 0.3597
vn -0.4390 -0.0000 0.8985
vn -0.6780 -0.0000 0.7351
vn 0.9404 -0.0000 0.3401
vn -0.5160 -0.0000 0.8566
vn -0.6624 -0.0000 0.7491
vn 0.9473 -0.0000 0.3204
vn -0.9996 -0.0000 0.0280
vn -0.6466 -0.0000 0.7628
vn 0.9538 -0.0000 0.3005
vn -0.4672 -0.0000 0.8841
vn -0.6305 -0.0000 0.7762
vn 0.9599 -0.0000 0.2804
vn -0.6141 -0.0000 0.7893
vn 0.9655 -0.0000 0.2602
vn -0.9795 -0.0000 0.2012
vn -0.5974 -0.0000 0.8019
vn 0.9708 -0.0000 0.2400
vn -0.5805 -0.0000 0.8143
vn 0.9756 -0.0000 0.2196
vn -0.8349 -0.0000 -0.5504
vn -0.5633 -0.0000 0.8263
vn 0.9800 -0.0000 0.1991
vn -0.5963 -0.0000 -0.8027
vn -0.5459 -0.0000 0.8379
vn 0.9839 -0.0000 0.1785
vn -0.2858 -0.0000 -0.9583
vn -0.5282 -0.0000 0.8491
vn 0.9875 -0.0000 0.1579
vn 0.0592 -0.0000 -0.9982
vn -0.5103 -0.0000 0.8600
vn 0.9905 -0.0000 0.1372
vn -0.5359 -0.0000 -0.8443
vn -0.4922 -0.0000 0.8705
vn 0.9932 -0.0000 0.1164
vn -0.6323 -0.0000 -0.7747
vn -0.4738 -0.0000 0.8806
vn 0.9954 -0.0000 0.0956
vn -0.6974 -0.0000 -0.7167
vn -0.4553 -0.0000 0.8903
vn 0.9972 -0.0000 0.0747
vn -0.7573 -0.0000 -0.6530
vn -0.4366 -0.0000 0.8997
vn 0.9986 -0.0000 0.0538
vn -0.8115 -0.0000 -0.5844
vn -0.4176 -0.0000 0.9086
vn 0.9995 -0.0000 0.0329
vn -0.8595 -0.0000 -0.5112
vn -0.3985 -0.0000 0.9172
vn 0.9999 -0.0000 0.0119
vn -0.9354 -0.0000 -0.3535
vn -0.3792 -0.0000 0.9253
vn 1.0000 -0.0000 -0.0090
vn 0.5247 -0.0000 0.8513
vn -0.3597 -0.0000 0.9331
vn 0.9996 -0.0000 -0.0299
vn 0.4066 -0.0000 0.9136
vn -0.3401 -0.0000 0.9404
vn 0.9987 -0.0000 -0.0509
vn 0.3255 -0.0000 0.9456
vn -0.3204 -0.0000 0.9473
vn 0.9974 -0.0000 -0.0718
vn 0.2417 -0.0000 0.9704
vn -0.3004 -0.0000 0.9538
vn 0.9957 -0.0000 -0.0926
vn 0.1560 -0.0000 0.9878
vn -0.2804 -0.0000 0.9599
vn 0.9935 -0.0000 -0.1135
vn 0.0690 -0.0000 0.9976
vn -0.2602 -0.0000 0.9655
vn 0.9909 -0.0000 -0.1343
vn -0.0185 -0.0000 0.9998
vn -0.2400 -0.0000 0.9708
vn 0.9879 -0.0000 -0.1550
vn -0.1059 -0.0000 0.9944
vn -0.2196 -0.0000 0.9756
vn 0.9845 -0.0000 -0.1756
vn -0.8517 -0.0000 0.5241
vn -0.1991 -0.0000 0.9800
vn 0.9806 -0.0000 -0.1962
vn 0.1185 -0.0000 0.9930
vn -0.1785 -0.0000 0.9839
vn 0.9762 -0.0000 -0.2167
vn -0.2316 -0.0000 0.9728
vn -0.1579 -0.0000 0.9875
vn 0.9715 -0.0000 -0.2371
vn -0.5504 -0.0000 0.8349
vn 0.9663 -0.0000 -0.2574
vn 0.9607 -0.0000 -0.2776
vn 0.9547 -0.0000 -0.2976
vn 0.9482 -0.0000 -0.3176
vn 0.9414 -0.0000 -0.3373
vn -0.5161 -0.0000 -0.8565
vn 0.9341 -0.0000 -0.3570
vn -0.8794 -0.0000 -0.4761
vn 0.9264 -0.0000 -0.3765
vn -0.9350 -0.0000 -0.3547
vn 0.9183 -0.0000 -0.3958
vn -0.9623 -0.0000 -0.2719
vn 0.9098 -0.0000 -0.4149
vn -0.9824 -0.0000 -0.1869
vn 0.9010 -0.0000 -0.4339
vn -0.9950 -0.0000 -0.1003
vn 0.8917 -0.0000 -0.4527
vn -0.9999 -0.0000 -0.0130
vn -0.9972 -0.0000 0.0746
vn -0.9869 -0.0000 0.1615
vn 0.8730 -0.0000 0.4877
vn 0.8089 -0.0000 0.5879
vn 0.7546 -0.0000 0.6561
vn 0.6945 -0.0000 0.7195
vn 0.6290 -0.0000 0.7774
vn 0.5586 -0.0000 0.8295
vn 0.9009 -0.0000 0.4340
vn 0.4839 -0.0000 0.8751
vn -0.4054 -0.0000 -0.9141
vn 0.4054 -0.0000 0.9141
vn 0.5112 -0.0000 -0.8595
vn -0.4755 -0.0000 0.8797
vn 0.4340 -0.0000 -0.9009
vn 0.5963 -0.0000 0.8027
vn 0.6530 -0.0000 -0.7573
vn 0.2858 -0.0000 0.9583
vn -0.0746 -0.0000 -0.9972
vn -0.0592 -0.0000 0.9982
vn -0.2457 -0.0000 -0.9694
vn -0.3970 -0.0000 0.9178
vn -0.9009 -0.0000 -0.4340
vn -0.7477 -0.0000 0.6640
vn -0.9704 -0.0000 0.2417
vn -0.9878 -0.0000 0.1560
vn -0.5889 -0.0000 0.8082
vn 0.9704 -0.0000 -0.2417
vn -0.9991 -0.0000 0.0419
vn -0.4066 -0.0000 -0.9136
vn -0.9871 -0.0000 0.1603
vn 0.9950 -0.0000 0.1003
vn -0.9694 -0.0000 0.2457
vn 0.9972 -0.0000 -0.0746
vn -0.9442 -0.0000 0.3293
vn 0.8263 -0.0000 -0.5632
vn -0.9118 -0.0000 0.4106
vn 0.7739 -0.0000 -0.6333
vn -0.8724 -0.0000 0.4887
vn -0.0878 -0.0000 0.9961
vn -0.8263 -0.0000 0.5632
vn 0.1244 -0.0000 0.9922
vn -0.7739 -0.0000 0.6333
vn 0.2457 -0.0000 0.9694
vn 0.9976 -0.0000 0.0686
vn 0.3293 -0.0000 0.9442
vn 0.9816 -0.0000 0.1909
vn 0.4106 -0.0000 0.9118
vn 0.9612 -0.0000 0.2759
vn 0.4887 -0.0000 0.8724
vn 0.9334 -0.0000 0.3588
vn 0.5632 -0.0000 0.8263
vn 0.8985 -0.0000 0.4390
vn 0.6333 -0.0000 0.7739
vn 0.8566 -0.0000 0.5160
vn -0.1436 -0.0000 -0.9896
vn 0.8082 -0.0000 0.5889
vn 0.5359 -0.0000 0.8443
vn 0.0280 -0.0000 0.9996
vn 0.0686 -0.0000 -0.9976
vn 0.9192 -0.0000 0.3938
vn 0.1909 -0.0000 -0.9816
vn 0.7267 -0.0000 0.6870
vn 0.2759 -0.0000 -0.9612
vn 0.3682 -0.0000 0.9297
vn 0.3588 -0.0000 -0.9334
vn 0.4390 -0.0000 -0.8985
vn 0.5160 -0.0000 -0.8566
vn 0.5889 -0.0000 -0.8082
vn 0.9996 -0.0000 -0.0281
vn -0.9980 -0.0000 -0.0626
vn 0.6323 -0.0000 0.7747
vn -0.8783 -0.0000 0.4782
vn 0.6974 -0.0000 0.7167
vn -0.7747 -0.0000 0.6323
vn 0.7573 -0.0000 0.6530
vn -0.7167 -0.0000 0.6974
vn 0.8115 -0.0000 0.5844
vn -0.6530 -0.0000 0.7573
vn 0.8595 -0.0000 0.5112
vn -0.5844 -0.0000 0.8115
vn 0.9354 -0.0000 0.3535
vn -0.5112 -0.0000 0.8595
vn -0.5247 -0.0000 -0.8513
vn -0.4340 -0.0000 0.9009
vn -0.3255 -0.0000 -0.9456
vn -0.3535 -0.0000 0.9354
vn -0.2417 -0.0000 -0.9704
vn 0.8513 -0.0000 -0.5247
vn -0.1560 -0.0000 -0.9878
vn 0.9136 -0.0000 -0.4066
vn -0.0690 -0.0000 -0.9976
vn 0.9455 -0.0000 -0.3255
vn 0.0185 -0.0000 -0.9998
vn 0.9878 -0.0000 -0.1560
vn 0.1059 -0.0000 -0.9944
vn 0.9976 -0.0000 -0.0690
vn 0.8517 -0.0000 -0.5241
vn 0.9998 -0.0000 0.0185
vn 0.9944 -0.0000 0.1059
vn 0.5241 -0.0000 0.8517
vn 0.7477 -0.0000 -0.6640
vn 0.9896 -0.0000 -0.1436
vn 0.9583 -0.0000 -0.2858
vn 0.9982 -0.0000 0.0592
vn 0.9178 -0.0000 0.3970
vn 0.8797 -0.0000 0.4755
vn 0.5161 -0.0000 0.8565
vn 0.4479 -0.0000 0.8941
vn 0.8794 -0.0000 0.4761
vn 0.1151 -0.0000 0.9934
vn 0.9350 -0.0000 0.3547
vn 0.9623 -0.0000 0.2719
vn 0.9824 -0.0000 0.1869
vn 0.9999 -0.0000 0.0130
vn -0.3883 -0.0000 0.9215
vn 0.9869 -0.0000 -0.1615
vn -0.2719 -0.0000 0.9623
vn -0.8800 -0.0000 -0.4749
vn -0.1869 -0.0000 0.9824
vn -0.8089 -0.0000 -0.5879
vn -0.1003 -0.0000 0.9950
vn -0.7546 -0.0000 -0.6561
vn -0.0130 -0.0000 0.9999
vn -0.6945 -0.0000 -0.7195
vn 0.0746 -0.0000 0.9972
vn -0.6290 -0.0000 -0.7774
vn 0.1615 -0.0000 0.9869
vn -0.5586 -0.0000 -0.8295
vn 0.4749 -0.0000 -0.8800
vn -0.4839 -0.0000 -0.8751
vn 0.5879 -0.0000 -0.8089
vn 0.4755 -0.0000 -0.8797
vn 0.6561 -0.0000 -0.7546
vn 0.7195 -0.0000 -0.6945
vn 0.7774 -0.0000 -0.6290
vn 0.1460 -0.0000 -0.9893
vn 0.8295 -0.0000 -0.5586
vn 0.5504 -0.0000 -0.8349
vn 0.8751 -0.0000 -0.4839
vn 0.9141 -0.0000 -0.4054
vn 0.9934 -0.0000 -0.1151
vn 0.9728 -0.0000 0.2316
vn 0.8349 -0.0000 0.5504
vn 0.9991 -0.0000 -0.0419
vn 0.9871 -0.0000 -0.1603
vn 0.9694 -0.0000 -0.2457
vn 0.9442 -0.0000 -0.3293
vn 0.9118 -0.0000 -0.4106
vn 0.8724 -0.0000 -0.4887
vn -0.9996 -0.0000 0.0288
vn -0.5741 -0.0000 0.8188
vn -0.9945 -0.0000 -0.1047
vn -0.9816 -0.0000 -0.1909
vn -0.9612 -0.0000 -0.2759
vn -0.7892 -0.0000 -0.6141
vn -0.9334 -0.0000 -0.3588
vn -0.8985 -0.0000 -0.4390
vn -0.8566 -0.0000 -0.5160
vn -0.8082 -0.0000 -0.5889
vn -0.0280 -0.0000 -0.9996
vn -0.1164 -0.0000 0.9932
vn -0.2012 -0.0000 -0.9795
vn -0.8806 -0.0000 -0.4738
vn -0.0956 -0.0000 0.9954
vn -0.8903 -0.0000 -0.4553
vn -0.0747 -0.0000 0.9972
vn -0.8997 -0.0000 -0.4366
vn -0.0538 -0.0000 0.9986
vn 0.8027 -0.0000 -0.5963
vn -0.9086 -0.0000 -0.4176
vn -0.0329 -0.0000 0.9995
vn -0.9172 -0.0000 -0.3985
vn -0.0119 -0.0000 0.9999
vn 0.9980 -0.0000 0.0627
vn -0.9253 -0.0000 -0.3792
vn 0.0090 -0.0000 1.0000
vn 0.8520 -0.0000 -0.5235
vn -0.0000 1.0000 -0.0000
vn -0.0136 0.9992 -0.0365
vn 0.0078 0.9972 0.0740
vn 0.0098 0.9946 -0.1031
vn -0.0127 0.9978 0.0649
vn 0.0142 0.9983 -0.0571
vn -0.0190 0.9985 0.0508
vn 0.0600 0.9946 -0.0844
vn -0.0434 0.9978 0.0499
vn -0.0139 0.9942 0.1065
vn 0.0192 0.9925 -0.1205
vn -0.0274 0.9950 0.0957
vn 0.0304 0.9955 -0.0901
vn -0.0618 0.9976 -0.0327
vn 0.0274 0.9993 0.0262
vn -0.9538 -0.0000 -0.3004
vn -0.9414 -0.0000 0.3374
vn 0.7893 -0.0000 0.6141
vn 0.9538 -0.0000 0.3004
vn 0.9414 -0.0000 -0.3374
vt 0.000000 0.000000
s 0
f 8483/3/3344 7938/3/3344 8206/3/3344 8482/3/3344
f 8482/3/3344 8206/3/3344 8190/3/3344 8481/3/3344
f 8481/3/3344 8190/3/3344 7937/3/3344 8480/3/3344
f 8480/3/3344 7937/3/3344 8205/3/3344 8479/3/3344
f 8479/3/3344 8205/3/3344 8191/3/3344 8478/3/3344
f 8478/3/3344 8191/3/3344 7936/3/3344 8477/3/3344
f 8477/3/3344 7936/3/3344 8199/3/3344 8476/3/3344
f 8476/3/3344 8199/3/3344 8198/3/3344 8475/3/3344
f 8475/3/3344 8198/3/3344 7935/3/3344 8474/3/3344
f 8474/3/3344 7935/3/3344 7934/3/3344 8473/3/3344
f 8473/3/3344 7934/3/3344 7933/3/3344 8472/3/3344
f 8472/3/3344 7933/3/3344 7932/3/3344 8471/3/3344
f 8471/3/3344 7932/3/3344 8197/3/3344 8470/3/3344
f 8470/3/3344 8197/3/3344 8188/3/3344 8469/3/3344
f 8469/3/3344 8188/3/3344 8189/3/3344 8468/3/3344
f 8468/3/3344 8189/3/3344 8152/3/3344 8467/3/3344
f 8467/3/3344 8152/3/3344 8153/3/3344 8466/3/3344
f 8466/3/3344 8153/3/3344 8201/3/3344 8465/3/3344
f 8465/3/3344 8201/3/3344 8154/3/3344 8464/3/3344
f 8464/3/3344 8154/3/3344 8202/3/3344 8463/3/3344
f 8463/3/3344 8202/3/3344 8185/3/3344 8462/3/3344
f 8462/3/3344 8185/3/3344 7931/3/3344 8461/3/3344
f 8461/3/3344 7931/3/3344 8187/3/3344 8460/3/3344
f 8460/3/3344 8187/3/3344 7930/3/3344 8459/3/3344
f 8459/3/3344 7930/3/3344 8200/3/3344 8458/3/3344
f 8458/3/3344 8200/3/3344 8184/3/3344 8457/3/3344
f 8457/3/3344 8184/3/3344 8186/3/3344 8456/3/3344
f 8456/3/3344 8186/3/3344 7929/3/3344 8455/3/3344
f 8455/3/3344 7929/3/3344 7928/3/3344 8454/3/3344
f 8454/3/3344 7928/3/3344 8162/3/3344 8453/3/3344
f 8453/3/3344 8162/3/3344 8161/3/3344 8452/3/3344
f 8452/3/3344 8161/3/3344 8160/3/3344 8451/3/3344
f 8451/3/3344 8160/3/3344 8159/3/3344 8450/3/3344
f 8450/3/3344 8159/3/3344 8158/3/3344 8449/3/3344
f 8449/3/3344 8158/3/3344 8157/3/3344 8448/3/3344
f 8448/3/3344 8157/3/3344 8156/3/3344 8447/3/3344
f 8447/3/3344 8156/3/3344 8155/3/3344 8446/3/3344
f 8446/3/3344 8155/3/3344 8182/3/3344 8445/3/3344
f 8445/3/3344 8182/3/3344 8091/3/3344 8444/3/3344
f 8444/3/3344 8091/3/3344 8183/3/3344 8443/3/3344
f 8443/3/3344 8183/3/3344 8092/3/3344 8442/3/3344
f 8442/3/3344 8092/3/3344 8144/3/3344 8441/3/3344
f 8441/3/3344 8144/3/3344 8094/3/3344 8440/3/3344
f 8440/3/3344 8094/3/3344 8093/3/3344 8439/3/3344
f 8439/3/3344 8093/3/3344 8151/3/3344 8438/3/3344
f 8438/3/3344 8151/3/3344 8145/3/3344 8437/3/3344
f 8437/3/3344 8145/3/3344 8090/3/3344 8436/3/3344
f 8436/3/3344 8090/3/3344 8150/3/3344 8435/3/3344
f 8435/3/3344 8150/3/3344 8181/3/3344 8434/3/3344
f 8434/3/3344 8181/3/3344 8178/3/3344 8433/3/3344
f 8433/3/3344 8178/3/3344 8180/3/3344 8432/3/3344
f 8432/3/3344 8180/3/3344 8089/3/3344 8431/3/3344
f 8431/3/3344 8089/3/3344 8179/3/3344 8430/3/3344
f 8430/3/3344 8179/3/3344 8149/3/3344 8429/3/3344
f 8429/3/3344 8149/3/3344 8148/3/3344 8428/3/3344
f 8428/3/3344 8148/3/3344 8147/3/3344 8427/3/3344
f 8427/3/3344 8147/3/3344 8146/3/3344 8426/3/3344
f 8426/3/3344 8146/3/3344 8099/3/3344 8425/3/3344
f 8425/3/3344 8099/3/3344 8098/3/3344 8424/3/3344
f 8424/3/3344 8098/3/3344 8097/3/3344 8423/3/3344
f 8423/3/3344 8097/3/3344 8096/3/3344 8422/3/3344
f 8422/3/3344 8096/3/3344 8095/3/3344 8421/3/3344
f 8421/3/3344 8095/3/3344 8143/3/3344 8420/3/3344
f 8420/3/3344 8143/3/3344 8177/3/3344 8419/3/3344
f 8419/3/3344 8177/3/3344 8169/3/3344 8418/3/3344
f 8418/3/3344 8169/3/3344 8174/3/3344 8417/3/3344
f 8417/3/3344 8174/3/3344 8175/3/3344 8416/3/3344
f 8416/3/3344 8175/3/3344 8170/3/3344 8415/3/3344
f 8415/3/3344 8170/3/3344 8171/3/3344 8414/3/3344
f 8414/3/3344 8171/3/3344 8172/3/3344 8413/3/3344
f 8413/3/3344 8172/3/3344 8173/3/3344 8412/3/3344
f 8412/3/3344 8173/3/3344 8168/3/3344 8411/3/3344
f 8411/3/3344 8168/3/3344 8165/3/3344 8410/3/3344
f 8410/3/3344 8165/3/3344 8167/3/3344 8409/3/3344
f 8409/3/3344 8167/3/3344 8176/3/3344 8408/3/3344
f 8408/3/3344 8176/3/3344 8164/3/3344 8407/3/3344
f 8407/3/3344 8164/3/3344 8166/3/3344 8406/3/3344
f 8406/3/3344 8166/3/3344 8163/3/3344 8405/3/3344
f 8405/3/3344 8163/3/3344 8142/3/3344 8404/3/3344
f 8404/3/3344 8142/3/3344 8141/3/3344 8403/3/3344
f 8403/3/3344 8141/3/3344 8140/3/3344 8402/3/3344
f 8402/3/3344 8140/3/3344 8139/3/3344 8401/3/3344
f 8401/3/3344 8139/3/3344 8088/3/3344 8400/3/3344
f 8400/3/3344 8088/3/3344 8138/3/3344 8399/3/3344
f 8399/3/3344 8138/3/3344 8087/3/3344 8398/3/3344
f 8398/3/3344 8087/3/3344 8137/3/3344 8397/3/3344
f 8397/3/3344 8137/3/3344 8136/3/3344 8396/3/3344
f 8396/3/3344 8136/3/3344 8135/3/3344 8395/3/3344
f 8395/3/3344 8135/3/3344 8124/3/3344 8394/3/3344
f 8394/3/3344 8124/3/3344 8122/3/3344 8393/3/3344
f 8393/3/3344 8122/3/3344 8125/3/3344 8392/3/3344
f 8392/3/3344 8125/3/3344 8134/3/3344 8391/3/3344
f 8391/3/3344 8134/3/3344 8081/3/3344 8390/3/3344
f 8390/3/3344 8081/3/3344 8126/3/3344 8389/3/3344
f 8389/3/3344 8126/3/3344 8082/3/3344 8388/3/3344
f 8388/3/3344 8082/3/3344 8123/3/3344 8387/3/3344
f 8387/3/3344 8123/3/3344 8133/3/3344 8386/3/3344
f 8386/3/3344 8133/3/3344 8121/3/3344 8385/3/3344
f 8385/3/3344 8121/3/3344 8119/3/3344 8384/3/3344
f 8384/3/3344 8119/3/3344 8120/3/3344 8383/3/3344
f 8383/3/3344 8120/3/3344 8131/3/3344 8382/3/3344
f 8382/3/3344 8131/3/3344 8080/3/3344 8381/3/3344
f 8381/3/3344 8080/3/3344 8132/3/3344 8380/3/3344
f 8380/3/3344 8132/3/3344 8130/3/3344 8379/3/3344
f 8379/3/3344 8130/3/3344 8079/3/3344 8378/3/3344
f 8378/3/3344 8079/3/3344 8129/3/3344 8377/3/3344
f 8377/3/3344 8129/3/3344 8128/3/3344 8376/3/3344
f 8376/3/3344 8128/3/3344 8086/3/3344 8375/3/3344
f 8375/3/3344 8086/3/3344 8127/3/3344 8374/3/3344
f 8374/3/3344 8127/3/3344 8085/3/3344 8373/3/3344
f 8373/3/3344 8085/3/3344 8084/3/3344 8372/3/3344
f 8372/3/3344 8084/3/3344 8083/3/3344 8371/3/3344
f 8371/3/3344 8083/3/3344 8113/3/3344 8370/3/3344
f 8370/3/3344 8113/3/3344 8070/3/3344 8369/3/3344
f 8369/3/3344 8070/3/3344 8064/3/3344 8368/3/3344
f 8368/3/3344 8064/3/3344 8114/3/3344 8367/3/3344
f 8367/3/3344 8114/3/3344 8116/3/3344 8366/3/3344
f 8366/3/3344 8116/3/3344 8117/3/3344 8365/3/3344
f 8365/3/3344 8117/3/3344 8115/3/3344 8364/3/3344
f 8364/3/3344 8115/3/3344 8118/3/3344 8363/3/3344
f 8363/3/3344 8118/3/3344 8071/3/3344 8362/3/3344
f 8362/3/3344 8071/3/3344 8078/3/3344 8361/3/3344
f 8361/3/3344 8078/3/3344 8063/3/3344 8360/3/3344
f 8360/3/3344 8063/3/3344 8062/3/3344 8359/3/3344
f 8359/3/3344 8062/3/3344 8069/3/3344 8358/3/3344
f 8358/3/3344 8069/3/3344 8067/3/3344 8357/3/3344
f 8357/3/3344 8067/3/3344 8111/3/3344 8356/3/3344
f 8356/3/3344 8111/3/3344 8112/3/3344 8355/3/3344
f 8355/3/3344 8112/3/3344 8066/3/3344 8354/3/3344
f 8354/3/3344 8066/3/3344 8068/3/3344 8353/3/3344
f 8353/3/3344 8068/3/3344 8065/3/3344 8352/3/3344
f 8352/3/3344 8065/3/3344 8077/3/3344 8351/3/3344
f 8351/3/3344 8077/3/3344 8076/3/3344 8350/3/3344
f 8350/3/3344 8076/3/3344 8075/3/3344 8349/3/3344
f 8349/3/3344 8075/3/3344 8074/3/3344 8348/3/3344
f 8348/3/3344 8074/3/3344 8073/3/3344 8347/3/3344
f 8347/3/3344 8073/3/3344 8072/3/3344 8346/3/3344
f 8346/3/3344 8072/3/3344 8053/3/3344 8345/3/3344
f 8345/3/3344 8053/3/3344 8107/3/3344 8344/3/3344
f 8344/3/3344 8107/3/3344 8054/3/3344 8343/3/3344
f 8343/3/3344 8054/3/3344 8108/3/3344 8342/3/3344
f 8342/3/3344 8108/3/3344 8105/3/3344 8341/3/3344
f 8341/3/3344 8105/3/3344 8106/3/3344 8340/3/3344
f 8340/3/3344 8106/3/3344 8110/3/3344 8339/3/3344
f 8339/3/3344 8110/3/3344 8026/3/3344 8338/3/3344
f 8338/3/3344 8026/3/3344 8055/3/3344 8337/3/3344
f 8337/3/3344 8055/3/3344 8061/3/3344 8336/3/3344
f 8336/3/3344 8061/3/3344 8023/3/3344 8335/3/3344
f 8335/3/3344 8023/3/3344 8022/3/3344 8334/3/3344
f 8334/3/3344 8022/3/3344 8060/3/3344 8333/3/3344
f 8333/3/3344 8060/3/3344 8025/3/3344 8332/3/3344
f 8332/3/3344 8025/3/3344 8052/3/3344 8331/3/3344
f 8331/3/3344 8052/3/3344 8024/3/3344 8330/3/3344
f 8330/3/3344 8024/3/3344 8021/3/3344 8329/3/3344
f 8329/3/3344 8021/3/3344 8109/3/3344 8328/3/3344
f 8328/3/3344 8109/3/3344 8029/3/3344 8327/3/3344
f 8327/3/3344 8029/3/3344 8059/3/3344 8326/3/3344
f 8326/3/3344 8059/3/3344 8028/3/3344 8325/3/3344
f 8325/3/3344 8028/3/3344 8027/3/3344 8324/3/3344
f 8324/3/3344 8027/3/3344 8058/3/3344 8323/3/3344
f 8323/3/3344 8058/3/3344 8057/3/3344 8322/3/3344
f 8322/3/3344 8057/3/3344 8056/3/3344 8321/3/3344
f 8321/3/3344 8056/3/3344 8018/3/3344 8320/3/3344
f 8320/3/3344 8018/3/3344 8019/3/3344 8319/3/3344
f 8319/3/3344 8019/3/3344 8020/3/3344 8318/3/3344
f 8318/3/3344 8020/3/3344 8051/3/3344 8317/3/3344
f 8317/3/3344 8051/3/3344 8050/3/3344 8316/3/3344
f 8316/3/3344 8050/3/3344 8012/3/3344 8315/3/3344
f 8315/3/3344 8012/3/3344 8011/3/3344 8314/3/3344
f 8314/3/3344 8011/3/3344 8103/3/3344 8313/3/3344
f 8313/3/3344 8103/3/3344 8104/3/3344 8312/3/3344
f 8312/3/3344 8104/3/3344 8043/3/3344 8311/3/3344
f 8311/3/3344 8043/3/3344 8049/3/3344 8310/3/3344
f 8310/3/3344 8049/3/3344 8010/3/3344 8309/3/3344
f 8309/3/3344 8010/3/3344 8102/3/3344 8308/3/3344
f 8308/3/3344 8102/3/3344 8017/3/3344 8307/3/3344
f 8307/3/3344 8017/3/3344 8009/3/3344 8306/3/3344
f 8306/3/3344 8009/3/3344 8008/3/3344 8305/3/3344
f 8305/3/3344 8008/3/3344 8044/3/3344 8304/3/3344
f 8304/3/3344 8044/3/3344 8048/3/3344 8303/3/3344
f 8303/3/3344 8048/3/3344 8047/3/3344 8302/3/3344
f 8302/3/3344 8047/3/3344 8046/3/3344 8301/3/3344
f 8301/3/3344 8046/3/3344 8045/3/3344 8300/3/3344
f 8300/3/3344 8045/3/3344 8016/3/3344 8299/3/3344
f 8299/3/3344 8016/3/3344 8015/3/3344 8298/3/3344
f 8298/3/3344 8015/3/3344 8014/3/3344 8297/3/3344
f 8297/3/3344 8014/3/3344 8013/3/3344 8296/3/3344
f 8296/3/3344 8013/3/3344 8006/3/3344 8295/3/3344
f 8295/3/3344 8006/3/3344 8007/3/3344 8294/3/3344
f 8294/3/3344 8007/3/3344 8041/3/3344 8293/3/3344
f 8293/3/3344 8041/3/3344 8037/3/3344 8292/3/3344
f 8292/3/3344 8037/3/3344 8101/3/3344 8291/3/3344
f 8291/3/3344 8101/3/3344 8038/3/3344 8290/3/3344
f 8290/3/3344 8038/3/3344 8039/3/3344 8289/3/3344
f 8289/3/3344 8039/3/3344 8040/3/3344 8288/3/3344
f 8288/3/3344 8040/3/3344 8042/3/3344 8287/3/3344
f 8287/3/3344 8042/3/3344 8002/3/3344 8286/3/3344
f 8286/3/3344 8002/3/3344 8005/3/3344 8285/3/3344
f 8285/3/3344 8005/3/3344 8004/3/3344 8284/3/3344
f 8284/3/3344 8004/3/3344 8036/3/3344 8283/3/3344
f 8283/3/3344 8036/3/3344 8100/3/3344 8282/3/3344
f 8282/3/3344 8100/3/3344 8003/3/3344 8281/3/3344
f 8281/3/3344 8003/3/3344 8034/3/3344 8280/3/3344
f 8280/3/3344 8034/3/3344 8035/3/3344 8279/3/3344
f 8279/3/3344 8035/3/3344 7993/3/3344 8278/3/3344
f 8278/3/3344 7993/3/3344 8001/3/3344 8277/3/3344
f 8277/3/3344 8001/3/3344 8000/3/3344 8276/3/3344
f 8276/3/3344 8000/3/3344 7999/3/3344 8275/3/3344
f 8275/3/3344 7999/3/3344 7998/3/3344 8274/3/3344
f 8274/3/3344 7998/3/3344 7997/3/3344 8273/3/3344
f 8273/3/3344 7997/3/3344 7996/3/3344 8272/3/3344
f 8272/3/3344 7996/3/3344 7995/3/3344 8271/3/3344
f 8271/3/3344 7995/3/3344 7994/3/3344 8270/3/3344
f 8270/3/3344 7994/3/3344 7979/3/3344 8269/3/3344
f 8269/3/3344 7979/3/3344 7972/3/3344 8268/3/3344
f 8268/3/3344 7972/3/3344 7980/3/3344 8267/3/3344
f 8267/3/3344 7980/3/3344 8031/3/3344 8266/3/3344
f 8266/3/3344 8031/3/3344 8032/3/3344 8265/3/3344
f 8265/3/3344 8032/3/3344 8033/3/3344 8264/3/3344
f 8264/3/3344 8033/3/3344 8226/3/3344 8263/3/3344
f 8263/3/3344 8226/3/3344 8227/3/3344 8262/3/3344
f 8262/3/3344 8227/3/3344 7981/3/3344 8261/3/3344
f 8261/3/3344 7981/3/3344 8030/3/3344 8260/3/3344
f 8260/3/3344 8030/3/3344 7978/3/3344 8259/3/3344
f 8259/3/3344 7978/3/3344 7977/3/3344 8258/3/3344
f 8258/3/3344 7977/3/3344 7976/3/3344 8257/3/3344
f 8257/3/3344 7976/3/3344 7992/3/3344 8256/3/3344
f 8256/3/3344 7992/3/3344 7991/3/3344 8255/3/3344
f 8255/3/3344 7991/3/3344 7975/3/3344 8254/3/3344
f 8254/3/3344 7975/3/3344 7990/3/3344 8253/3/3344
f 8253/3/3344 7990/3/3344 7989/3/3344 8252/3/3344
f 8252/3/3344 7989/3/3344 7988/3/3344 8251/3/3344
f 8251/3/3344 7988/3/3344 7987/3/3344 8250/3/3344
f 8250/3/3344 7987/3/3344 7986/3/3344 8249/3/3344
f 8249/3/3344 7986/3/3344 7985/3/3344 8248/3/3344
f 8248/3/3344 7985/3/3344 7984/3/3344 8247/3/3344
f 8247/3/3344 7984/3/3344 7983/3/3344 8246/3/3344
f 8246/3/3344 7983/3/3344 7982/3/3344 8245/3/3344
f 8245/3/3344 7982/3/3344 7960/3/3344 8244/3/3344
f 8244/3/3344 7960/3/3344 8222/3/3344 8243/3/3344
f 8243/3/3344 8222/3/3344 7961/3/3344 8242/3/3344
f 8242/3/3344 7961/3/3344 7962/3/3344 8241/3/3344
f 8241/3/3344 7962/3/3344 7974/3/3344 8240/3/3344
f 8240/3/3344 7974/3/3344 7963/3/3344 8239/3/3344
f 8239/3/3344 7963/3/3344 7971/3/3344 8238/3/3344
f 8238/3/3344 7971/3/3344 8223/3/3344 8237/3/3344
f 8237/3/3344 8223/3/3344 8224/3/3344 8236/3/3344
f 8236/3/3344 8224/3/3344 8218/3/3344 8235/3/3344
f 8235/3/3344 8218/3/3344 8217/3/3344 8234/3/3344
f 8234/3/3344 8217/3/3344 8216/3/3344 8233/3/3344
f 8233/3/3344 8216/3/3344 8221/3/3344 8232/3/3344
f 8232/3/3344 8221/3/3344 8225/3/3344 8231/3/3344
f 8231/3/3344 8225/3/3344 8220/3/3344 8230/3/3344
f 8230/3/3344 8220/3/3344 7973/3/3344 8229/3/3344
f 8229/3/3344 7973/3/3344 8219/3/3344 8228/3/3344
f 8228/3/3344 8219/3/3344 7959/3/3344 8527/3/3344
f 8527/3/3344 7959/3/3344 7970/3/3344 8526/3/3344
f 8526/3/3344 7970/3/3344 7969/3/3344 8525/3/3344
f 8525/3/3344 7969/3/3344 7968/3/3344 8524/3/3344
f 8524/3/3344 7968/3/3344 7967/3/3344 8523/3/3344
f 8523/3/3344 7967/3/3344 7966/3/3344 8522/3/3344
f 8522/3/3344 7966/3/3344 7965/3/3344 8521/3/3344
f 8521/3/3344 7965/3/3344 7964/3/3344 8520/3/3344
f 8520/3/3344 7964/3/3344 8212/3/3344 8519/3/3344
f 8519/3/3344 8212/3/3344 7956/3/3344 8518/3/3344
f 8518/3/3344 7956/3/3344 8214/3/3344 8517/3/3344
f 8517/3/3344 8214/3/3344 8215/3/3344 8516/3/3344
f 8516/3/3344 8215/3/3344 7946/3/3344 8515/3/3344
f 8515/3/3344 7946/3/3344 8213/3/3344 8514/3/3344
f 8514/3/3344 8213/3/3344 7947/3/3344 8513/3/3344
f 8513/3/3344 7947/3/3344 7957/3/3344 8512/3/3344
f 8512/3/3344 7957/3/3344 7958/3/3344 8511/3/3344
f 8511/3/3344 7958/3/3344 7943/3/3344 8510/3/3344
f 8510/3/3344 7943/3/3344 8209/3/3344 8509/3/3344
f 8509/3/3344 8209/3/3344 8208/3/3344 8508/3/3344
f 8508/3/3344 8208/3/3344 8211/3/3344 8507/3/3344
f 8507/3/3344 8211/3/3344 8210/3/3344 8506/3/3344
f 8506/3/3344 8210/3/3344 7945/3/3344 8505/3/3344
f 8505/3/3344 7945/3/3344 8207/3/3344 8504/3/3344
f 8504/3/3344 8207/3/3344 7944/3/3344 8503/3/3344
f 8503/3/3344 7944/3/3344 7955/3/3344 8502/3/3344
f 8502/3/3344 7955/3/3344 7954/3/3344 8501/3/3344
f 8501/3/3344 7954/3/3344 7953/3/3344 8500/3/3344
f 8500/3/3344 7953/3/3344 7952/3/3344 8499/3/3344
f 8499/3/3344 7952/3/3344 7951/3/3344 8498/3/3344
f 8498/3/3344 7951/3/3344 7950/3/3344 8497/3/3344
f 8497/3/3344 7950/3/3344 7949/3/3344 8496/3/3344
f 8496/3/3344 7949/3/3344 7948/3/3344 8495/3/3344
f 8495/3/3344 7948/3/3344 7941/3/3344 8494/3/3344
f 8494/3/3344 7941/3/3344 8194/3/3344 8493/3/3344
f 8493/3/3344 8194/3/3344 8195/3/3344 8492/3/3344
f 8492/3/3344 8195/3/3344 7942/3/3344 8491/3/3344
f 8491/3/3344 7942/3/3344 7940/3/3344 8490/3/3344
f 8490/3/3344 7940/3/3344 8192/3/3344 8489/3/3344
f 8489/3/3344 8192/3/3344 8193/3/3344 8488/3/3344
f 8488/3/3344 8193/3/3344 8196/3/3344 8487/3/3344
f 8487/3/3344 8196/3/3344 8204/3/3344 8486/3/3344
f 8486/3/3344 8204/3/3344 8203/3/3344 8485/3/3344
f 8485/3/3344 8203/3/3344 7939/3/3344 8484/3/3344
f 8484/3/3344 7939/3/3344 7938/3/3344 8483/3/3344
f 8743/3/3345 8742/3/3345 9335/3/3345 9336/3/3345
f 8536/3/3346 8535/3/3346 9128/3/3346 9129/3/3346
f 8742/3/3347 8741/3/3347 9334/3/3347 9335/3/3347
f 8741/3/3348 8740/3/3348 9333/3/3348 9334/3/3348
f 8740/3/3349 8739/3/3349 9332/3/3349 9333/3/3349
f 8739/3/3350 8738/3/3350 9331/3/3350 9332/3/3350
f 8738/3/3351 8737/3/3351 9330/3/3351 9331/3/3351
f 8737/3/3352 8736/3/3352 9329/3/3352 9330/3/3352
f 8736/3/3353 8735/3/3353 9328/3/3353 9329/3/3353
f 8735/3/3354 8734/3/3354 9327/3/3354 9328/3/3354
f 8734/3/3355 8733/3/3355 9326/3/3355 9327/3/3355
f 8733/3/3356 8732/3/3356 9325/3/3356 9326/3/3356
f 8732/3/3357 8731/3/3357 9324/3/3357 9325/3/3357
f 8731/3/3358 8730/3/3358 9323/3/3358 9324/3/3358
f 8730/3/3359 8729/3/3359 9322/3/3359 9323/3/3359
f 8729/3/3360 8728/3/3360 9321/3/3360 9322/3/3360
f 8728/3/3361 8727/3/3361 9320/3/3361 9321/3/3361
f 8727/3/3362 8726/3/3362 9319/3/3362 9320/3/3362
f 8726/3/3363 8725/3/3363 9318/3/3363 9319/3/3363
f 8725/3/3364 8724/3/3364 9317/3/3364 9318/3/3364
f 8724/3/3365 8723/3/3365 9316/3/3365 9317/3/3365
f 8723/3/3366 8722/3/3366 9315/3/3366 9316/3/3366
f 8722/3/3367 8721/3/3367 9314/3/3367 9315/3/3367
f 8721/3/3368 8720/3/3368 9313/3/3368 9314/3/3368
f 8720/3/3369 8719/3/3369 9312/3/3369 9313/3/3369
f 8719/3/3370 8718/3/3370 9311/3/3370 9312/3/3370
f 8718/3/3371 8717/3/3371 9310/3/3371 9311/3/3371
f 8717/3/3372 8716/3/3372 9309/3/3372 9310/3/3372
f 8716/3/3373 8715/3/3373 9308/3/3373 9309/3/3373
f 8715/3/3374 8714/3/3374 9307/3/3374 9308/3/3374
f 8714/3/3375 8713/3/3375 9306/3/3375 9307/3/3375
f 8713/3/3376 8712/3/3376 9305/3/3376 9306/3/3376
f 8712/3/3377 8711/3/3377 9304/3/3377 9305/3/3377
f 8711/3/3378 8710/3/3378 9303/3/3378 9304/3/3378
f 8710/3/3379 8709/3/3379 9302/3/3379 9303/3/3379
f 8709/3/3380 8708/3/3380 9301/3/3380 9302/3/3380
f 8708/3/3381 8707/3/3381 9300/3/3381 9301/3/3381
f 8707/3/3382 8706/3/3382 9299/3/3382 9300/3/3382
f 8706/3/3383 8705/3/3383 9298/3/3383 9299/3/3383
f 8705/3/3384 8704/3/3384 9297/3/3384 9298/3/3384
f 8704/3/3385 8703/3/3385 9296/3/3385 9297/3/3385
f 8703/3/3386 8702/3/3386 9295/3/3386 9296/3/3386
f 8702/3/3387 8701/3/3387 9294/3/3387 9295/3/3387
f 8701/3/3388 8700/3/3388 9293/3/3388 9294/3/3388
f 8700/3/3389 8699/3/3389 9292/3/3389 9293/3/3389
f 8699/3/3390 8698/3/3390 9291/3/3390 9292/3/3390
f 8698/3/3391 8697/3/3391 9290/3/3391 9291/3/3391
f 8697/3/3392 8696/3/3392 9289/3/3392 9290/3/3392
f 8696/3/3393 8695/3/3393 9288/3/3393 9289/3/3393
f 8695/3/3394 8694/3/3394 9287/3/3394 9288/3/3394
f 8694/3/3395 8693/3/3395 9286/3/3395 9287/3/3395
f 8693/3/3396 8692/3/3396 9285/3/3396 9286/3/3396
f 8692/3/3397 8691/3/3397 9284/3/3397 9285/3/3397
f 8691/3/3398 8690/3/3398 9283/3/3398 9284/3/3398
f 8690/3/3399 8689/3/3399 9282/3/3399 9283/3/3399
f 8689/3/3400 8688/3/3400 9281/3/3400 9282/3/3400
f 8688/3/3401 8687/3/3401 9280/3/3401 9281/3/3401
f 8687/3/3402 8686/3/3402 9279/3/3402 9280/3/3402
f 8686/3/3403 8685/3/3403 9278/3/3403 9279/3/3403
f 8685/3/3404 8684/3/3404 9277/3/3404 9278/3/3404
f 8684/3/3405 8683/3/3405 9276/3/3405 9277/3/3405
f 8683/3/3406 8682/3/3406 9275/3/3406 9276/3/3406
f 8682/3/3407 8681/3/3407 9274/3/3407 9275/3/3407
f 8681/3/3408 8680/3/3408 9273/3/3408 9274/3/3408
f 8680/3/3409 8679/3/3409 9272/3/3409 9273/3/3409
f 8679/3/3410 8678/3/3410 9271/3/3410 9272/3/3410
f 8678/3/3411 8677/3/3411 9270/3/3411 9271/3/3411
f 8677/3/3412 8676/3/3412 9269/3/3412 9270/3/3412
f 8676/3/3413 8675/3/3413 9268/3/3413 9269/3/3413
f 8675/3/3414 8674/3/3414 9267/3/3414 9268/3/3414
f 8674/3/3415 8673/3/3415 9266/3/3415 9267/3/3415
f 8673/3/3416 8672/3/3416 9265/3/3416 9266/3/3416
f 8672/3/3417 8671/3/3417 9264/3/3417 9265/3/3417
f 8671/3/3418 8670/3/3418 9263/3/3418 9264/3/3418
f 8670/3/3419 8669/3/3419 9262/3/3419 9263/3/3419
f 8669/3/3420 8668/3/3420 9261/3/3420 9262/3/3420
f 8668/3/3421 8667/3/3421 9260/3/3421 9261/3/3421
f 8667/3/3422 8666/3/3422 9259/3/3422 9260/3/3422
f 8666/3/3423 8665/3/3423 9258/3/3423 9259/3/3423
f 8665/3/3424 8664/3/3424 9257/3/3424 9258/3/3424
f 8664/3/3425 8663/3/3425 9256/3/3425 9257/3/3425
f 8663/3/3426 8662/3/3426 9255/3/3426 9256/3/3426
f 8662/3/3427 8661/3/3427 9254/3/3427 9255/3/3427
f 8661/3/3428 8660/3/3428 9253/3/3428 9254/3/3428
f 8660/3/3429 8659/3/3429 9252/3/3429 9253/3/3429
f 8659/3/3430 8658/3/3430 9251/3/3430 9252/3/3430
f 8658/3/3431 8657/3/3431 9250/3/3431 9251/3/3431
f 8657/3/3432 8656/3/3432 9249/3/3432 9250/3/3432
f 8656/3/3433 8655/3/3433 9248/3/3433 9249/3/3433
f 8655/3/3434 8654/3/3434 9247/3/3434 9248/3/3434
f 8654/3/3435 8653/3/3435 9246/3/3435 9247/3/3435
f 8653/3/3436 8652/3/3436 9245/3/3436 9246/3/3436
f 8652/3/3437 8651/3/3437 9244/3/3437 9245/3/3437
f 8651/3/3438 8650/3/3438 9243/3/3438 9244/3/3438
f 8650/3/3439 8649/3/3439 9242/3/3439 9243/3/3439
f 8649/3/3440 8648/3/3440 9241/3/3440 9242/3/3440
f 8648/3/3441 8647/3/3441 9240/3/3441 9241/3/3441
f 8647/3/3442 8646/3/3442 9239/3/3442 9240/3/3442
f 8646/3/3443 8645/3/3443 9238/3/3443 9239/3/3443
f 8645/3/3444 8644/3/3444 9237/3/3444 9238/3/3444
f 8644/3/3445 8643/3/3445 9236/3/3445 9237/3/3445
f 8643/3/3446 8642/3/3446 9235/3/3446 9236/3/3446
f 8642/3/3447 8641/3/3447 9234/3/3447 9235/3/3447
f 8641/3/3448 8640/3/3448 9233/3/3448 9234/3/3448
f 8443/3/3449 8442/3/3449 8749/3/3449 8750/3/3449
f 8237/3/3450 8236/3/3450 8543/3/3450 8544/3/3450
f 9436/3/3451 9435/3/3451 8880/3/3451 8895/3/3451
f 8444/3/3452 8443/3/3452 8750/3/3452 8751/3/3452
f 8238/3/3453 8237/3/3453 8544/3/3453 8545/3/3453
f 9435/3/3454 9437/3/3454 8896/3/3454 8880/3/3454
f 8445/3/3455 8444/3/3455 8751/3/3455 8752/3/3455
f 8239/3/3456 8238/3/3456 8545/3/3456 8546/3/3456
f 9439/3/3457 9438/3/3457 8881/3/3457 8897/3/3457
f 8446/3/3458 8445/3/3458 8752/3/3458 8753/3/3458
f 8240/3/3459 8239/3/3459 8546/3/3459 8547/3/3459
f 9441/3/3460 9440/3/3460 8934/3/3460 8883/3/3460
f 8447/3/3461 8446/3/3461 8753/3/3461 8754/3/3461
f 8241/3/3462 8240/3/3462 8547/3/3462 8548/3/3462
f 9443/3/3463 9442/3/3463 8884/3/3463 8877/3/3463
f 8448/3/3464 8447/3/3464 8754/3/3464 8755/3/3464
f 8242/3/3465 8241/3/3465 8548/3/3465 8549/3/3465
f 9444/3/3466 9443/3/3466 8877/3/3466 8885/3/3466
f 8449/3/3467 8448/3/3467 8755/3/3467 8756/3/3467
f 8243/3/3468 8242/3/3468 8549/3/3468 8550/3/3468
f 9445/3/3469 9444/3/3469 8885/3/3469 8935/3/3469
f 8450/3/3470 8449/3/3470 8756/3/3470 8757/3/3470
f 8244/3/3471 8243/3/3471 8550/3/3471 8551/3/3471
f 9447/3/3472 9446/3/3472 8937/3/3472 9126/3/3472
f 8451/3/3473 8450/3/3473 8757/3/3473 8758/3/3473
f 8245/3/3474 8244/3/3474 8551/3/3474 8552/3/3474
f 9448/3/3475 9447/3/3475 9126/3/3475 9127/3/3475
f 8452/3/3476 8451/3/3476 8758/3/3476 8759/3/3476
f 8246/3/3477 8245/3/3477 8552/3/3477 8553/3/3477
f 9449/3/3478 9448/3/3478 9127/3/3478 8886/3/3478
f 8453/3/3479 8452/3/3479 8759/3/3479 8760/3/3479
f 8247/3/3480 8246/3/3480 8553/3/3480 8554/3/3480
f 9440/3/3481 9449/3/3481 8886/3/3481 8934/3/3481
f 8454/3/3482 8453/3/3482 8760/3/3482 8761/3/3482
f 8248/3/3483 8247/3/3483 8554/3/3483 8555/3/3483
f 9451/3/3484 9450/3/3484 8887/3/3484 8865/3/3484
f 8455/3/3485 8454/3/3485 8761/3/3485 8762/3/3485
f 8249/3/3486 8248/3/3486 8555/3/3486 8556/3/3486
f 9450/3/3487 9452/3/3487 8888/3/3487 8887/3/3487
f 8456/3/3488 8455/3/3488 8762/3/3488 8763/3/3488
f 8250/3/3489 8249/3/3489 8556/3/3489 8557/3/3489
f 9452/3/3490 9453/3/3490 8889/3/3490 8888/3/3490
f 8457/3/3491 8456/3/3491 8763/3/3491 8764/3/3491
f 8251/3/3492 8250/3/3492 8557/3/3492 8558/3/3492
f 9453/3/3493 9454/3/3493 8890/3/3493 8889/3/3493
f 8458/3/3494 8457/3/3494 8764/3/3494 8765/3/3494
f 8252/3/3495 8251/3/3495 8558/3/3495 8559/3/3495
f 9454/3/3496 9455/3/3496 8891/3/3496 8890/3/3496
f 8459/3/3497 8458/3/3497 8765/3/3497 8766/3/3497
f 8253/3/3498 8252/3/3498 8559/3/3498 8560/3/3498
f 9455/3/3499 9456/3/3499 8892/3/3499 8891/3/3499
f 8460/3/3500 8459/3/3500 8766/3/3500 8767/3/3500
f 8254/3/3501 8253/3/3501 8560/3/3501 8561/3/3501
f 9456/3/3502 9457/3/3502 8893/3/3502 8892/3/3502
f 8461/3/3503 8460/3/3503 8767/3/3503 8768/3/3503
f 8255/3/3504 8254/3/3504 8561/3/3504 8562/3/3504
f 9457/3/3505 9458/3/3505 8894/3/3505 8893/3/3505
f 8462/3/3506 8461/3/3506 8768/3/3506 8769/3/3506
f 8256/3/3507 8255/3/3507 8562/3/3507 8563/3/3507
f 9460/3/3508 9459/3/3508 8939/3/3508 8898/3/3508
f 8463/3/3509 8462/3/3509 8769/3/3509 8770/3/3509
f 8257/3/3510 8256/3/3510 8563/3/3510 8564/3/3510
f 9459/3/3511 9461/3/3511 8938/3/3511 8939/3/3511
f 8464/3/3512 8463/3/3512 8770/3/3512 8771/3/3512
f 8258/3/3513 8257/3/3513 8564/3/3513 8565/3/3513
f 9461/3/3514 9462/3/3514 8908/3/3514 8938/3/3514
f 8465/3/3515 8464/3/3515 8771/3/3515 8772/3/3515
f 8259/3/3516 8258/3/3516 8565/3/3516 8566/3/3516
f 9462/3/3517 9463/3/3517 9003/3/3517 8908/3/3517
f 8466/3/3518 8465/3/3518 8772/3/3518 8773/3/3518
f 8260/3/3519 8259/3/3519 8566/3/3519 8567/3/3519
f 9463/3/3520 9464/3/3520 8940/3/3520 9003/3/3520
f 8467/3/3521 8466/3/3521 8773/3/3521 8774/3/3521
f 8261/3/3522 8260/3/3522 8567/3/3522 8568/3/3522
f 9464/3/3523 9465/3/3523 8909/3/3523 8940/3/3523
f 8468/3/3524 8467/3/3524 8774/3/3524 8775/3/3524
f 8262/3/3525 8261/3/3525 8568/3/3525 8569/3/3525
f 9467/3/3526 9466/3/3526 8907/3/3526 8910/3/3526
f 8469/3/3527 8468/3/3527 8775/3/3527 8776/3/3527
f 8263/3/3528 8262/3/3528 8569/3/3528 8570/3/3528
f 9428/3/3529 9468/3/3529 8911/3/3529 8530/3/3529
f 8470/3/3530 8469/3/3530 8776/3/3530 8777/3/3530
f 8264/3/3531 8263/3/3531 8570/3/3531 8571/3/3531
f 9469/3/3532 9428/3/3532 8530/3/3532 8945/3/3532
f 8471/3/3533 8470/3/3533 8777/3/3533 8778/3/3533
f 8265/3/3534 8264/3/3534 8571/3/3534 8572/3/3534
f 9470/3/3535 9469/3/3535 8945/3/3535 8941/3/3535
f 8472/3/3536 8471/3/3536 8778/3/3536 8779/3/3536
f 8266/3/3537 8265/3/3537 8572/3/3537 8573/3/3537
f 9471/3/3538 9470/3/3538 8941/3/3538 9004/3/3538
f 8473/3/3539 8472/3/3539 8779/3/3539 8780/3/3539
f 8267/3/3540 8266/3/3540 8573/3/3540 8574/3/3540
f 9472/3/3541 9471/3/3541 9004/3/3541 8942/3/3541
f 8474/3/3542 8473/3/3542 8780/3/3542 8781/3/3542
f 8268/3/3543 8267/3/3543 8574/3/3543 8575/3/3543
f 9473/3/3544 9472/3/3544 8942/3/3544 8943/3/3544
f 8475/3/3545 8474/3/3545 8781/3/3545 8782/3/3545
f 8269/3/3546 8268/3/3546 8575/3/3546 8576/3/3546
f 9474/3/3547 9473/3/3547 8943/3/3547 8944/3/3547
f 8476/3/3548 8475/3/3548 8782/3/3548 8783/3/3548
f 8270/3/3549 8269/3/3549 8576/3/3549 8577/3/3549
f 9475/3/3550 9474/3/3550 8944/3/3550 8946/3/3550
f 8477/3/3551 8476/3/3551 8783/3/3551 8784/3/3551
f 8271/3/3552 8270/3/3552 8577/3/3552 8578/3/3552
f 9466/3/3553 9475/3/3553 8946/3/3553 8907/3/3553
f 8478/3/3554 8477/3/3554 8784/3/3554 8785/3/3554
f 8272/3/3555 8271/3/3555 8578/3/3555 8579/3/3555
f 9442/3/3556 9476/3/3556 8899/3/3556 8884/3/3556
f 8479/3/3557 8478/3/3557 8785/3/3557 8786/3/3557
f 8273/3/3558 8272/3/3558 8579/3/3558 8580/3/3558
f 9476/3/3559 9477/3/3559 8900/3/3559 8899/3/3559
f 8480/3/3560 8479/3/3560 8786/3/3560 8787/3/3560
f 8274/3/3561 8273/3/3561 8580/3/3561 8581/3/3561
f 9477/3/3562 9478/3/3562 8901/3/3562 8900/3/3562
f 8481/3/3563 8480/3/3563 8787/3/3563 8788/3/3563
f 8275/3/3564 8274/3/3564 8581/3/3564 8582/3/3564
f 9478/3/3565 9479/3/3565 8902/3/3565 8901/3/3565
f 8482/3/3566 8481/3/3566 8788/3/3566 8789/3/3566
f 8276/3/3567 8275/3/3567 8582/3/3567 8583/3/3567
f 9479/3/3568 9480/3/3568 8903/3/3568 8902/3/3568
f 8483/3/3569 8482/3/3569 8789/3/3569 8790/3/3569
f 8277/3/3570 8276/3/3570 8583/3/3570 8584/3/3570
f 9480/3/3493 9481/3/3493 8904/3/3493 8903/3/3493
f 8484/3/3571 8483/3/3571 8790/3/3571 8791/3/3571
f 8278/3/3572 8277/3/3572 8584/3/3572 8585/3/3572
f 9481/3/3573 9482/3/3573 8905/3/3573 8904/3/3573
f 8485/3/3574 8484/3/3574 8791/3/3574 8792/3/3574
f 8279/3/3575 8278/3/3575 8585/3/3575 8586/3/3575
f 9482/3/3576 9483/3/3576 8906/3/3576 8905/3/3576
f 8486/3/3577 8485/3/3577 8792/3/3577 8793/3/3577
f 8280/3/3578 8279/3/3578 8586/3/3578 8587/3/3578
f 9483/3/3579 9460/3/3579 8898/3/3579 8906/3/3579
f 8487/3/3580 8486/3/3580 8793/3/3580 8794/3/3580
f 8281/3/3581 8280/3/3581 8587/3/3581 8588/3/3581
f 9429/3/3582 9484/3/3582 8948/3/3582 8531/3/3582
f 8488/3/3583 8487/3/3583 8794/3/3583 8795/3/3583
f 8282/3/3584 8281/3/3584 8588/3/3584 8589/3/3584
f 9484/3/3585 9485/3/3585 8912/3/3585 8948/3/3585
f 8489/3/3586 8488/3/3586 8795/3/3586 8796/3/3586
f 8283/3/3587 8282/3/3587 8589/3/3587 8590/3/3587
f 9487/3/3588 9486/3/3588 8921/3/3588 8913/3/3588
f 8490/3/3589 8489/3/3589 8796/3/3589 8797/3/3589
f 8284/3/3590 8283/3/3590 8590/3/3590 8591/3/3590
f 9486/3/3591 9488/3/3591 9005/3/3591 8921/3/3591
f 8491/3/3592 8490/3/3592 8797/3/3592 8798/3/3592
f 8285/3/3593 8284/3/3593 8591/3/3593 8592/3/3593
f 9488/3/3594 9489/3/3594 8914/3/3594 9005/3/3594
f 8492/3/3595 8491/3/3595 8798/3/3595 8799/3/3595
f 8286/3/3596 8285/3/3596 8592/3/3596 8593/3/3596
f 9489/3/3597 9490/3/3597 8952/3/3597 8914/3/3597
f 8493/3/3598 8492/3/3598 8799/3/3598 8800/3/3598
f 8287/3/3599 8286/3/3599 8593/3/3599 8594/3/3599
f 9490/3/3600 9491/3/3600 8947/3/3600 8952/3/3600
f 8494/3/3601 8493/3/3601 8800/3/3601 8801/3/3601
f 8288/3/3602 8287/3/3602 8594/3/3602 8595/3/3602
f 9493/3/3603 9492/3/3603 8922/3/3603 8923/3/3603
f 8495/3/3604 8494/3/3604 8801/3/3604 8802/3/3604
f 8289/3/3605 8288/3/3605 8595/3/3605 8596/3/3605
f 9494/3/3606 9493/3/3606 8923/3/3606 8924/3/3606
f 8496/3/3607 8495/3/3607 8802/3/3607 8803/3/3607
f 8290/3/3608 8289/3/3608 8596/3/3608 8597/3/3608
f 9495/3/3609 9494/3/3609 8924/3/3609 8954/3/3609
f 8497/3/3610 8496/3/3610 8803/3/3610 8804/3/3610
f 8291/3/3611 8290/3/3611 8597/3/3611 8598/3/3611
f 9496/3/3612 9495/3/3612 8954/3/3612 8953/3/3612
f 8498/3/3613 8497/3/3613 8804/3/3613 8805/3/3613
f 8292/3/3614 8291/3/3614 8598/3/3614 8599/3/3614
f 9497/3/3615 9496/3/3615 8953/3/3615 8916/3/3615
f 8499/3/3616 8498/3/3616 8805/3/3616 8806/3/3616
f 8293/3/3617 8292/3/3617 8599/3/3617 8600/3/3617
f 9498/3/3618 9497/3/3618 8916/3/3618 8915/3/3618
f 8500/3/3619 8499/3/3619 8806/3/3619 8807/3/3619
f 8294/3/3620 8293/3/3620 8600/3/3620 8601/3/3620
f 9499/3/3621 9498/3/3621 8915/3/3621 9006/3/3621
f 8501/3/3622 8500/3/3622 8807/3/3622 8808/3/3622
f 8295/3/3623 8294/3/3623 8601/3/3623 8602/3/3623
f 9491/3/3624 9500/3/3624 9007/3/3624 8947/3/3624
f 8502/3/3625 8501/3/3625 8808/3/3625 8809/3/3625
f 8296/3/3626 8295/3/3626 8602/3/3626 8603/3/3626
f 9468/3/3627 9501/3/3627 8917/3/3627 8911/3/3627
f 8503/3/3628 8502/3/3628 8809/3/3628 8810/3/3628
f 8297/3/3629 8296/3/3629 8603/3/3629 8604/3/3629
f 9501/3/3556 9502/3/3556 8918/3/3556 8917/3/3556
f 8504/3/3630 8503/3/3630 8810/3/3630 8811/3/3630
f 8298/3/3631 8297/3/3631 8604/3/3631 8605/3/3631
f 9502/3/3632 9503/3/3632 8919/3/3632 8918/3/3632
f 8505/3/3633 8504/3/3633 8811/3/3633 8812/3/3633
f 8299/3/3634 8298/3/3634 8605/3/3634 8606/3/3634
f 9503/3/3487 9504/3/3487 8920/3/3487 8919/3/3487
f 8506/3/3635 8505/3/3635 8812/3/3635 8813/3/3635
f 8300/3/3636 8299/3/3636 8606/3/3636 8607/3/3636
f 9504/3/3637 9505/3/3637 8949/3/3637 8920/3/3637
f 8507/3/3638 8506/3/3638 8813/3/3638 8814/3/3638
f 8301/3/3639 8300/3/3639 8607/3/3639 8608/3/3639
f 9505/3/3640 9506/3/3640 8950/3/3640 8949/3/3640
f 8508/3/3641 8507/3/3641 8814/3/3641 8815/3/3641
f 8302/3/3642 8301/3/3642 8608/3/3642 8609/3/3642
f 9506/3/3643 9507/3/3643 8951/3/3643 8950/3/3643
f 8509/3/3644 8508/3/3644 8815/3/3644 8816/3/3644
f 8303/3/3645 8302/3/3645 8609/3/3645 8610/3/3645
f 9507/3/3646 9429/3/3646 8531/3/3646 8951/3/3646
f 8510/3/3647 8509/3/3647 8816/3/3647 8817/3/3647
f 8304/3/3648 8303/3/3648 8610/3/3648 8611/3/3648
f 9509/3/3649 9508/3/3649 8925/3/3649 9012/3/3649
f 8511/3/3650 8510/3/3650 8817/3/3650 8818/3/3650
f 8305/3/3651 8304/3/3651 8611/3/3651 8612/3/3651
f 9508/3/3652 9510/3/3652 8928/3/3652 8925/3/3652
f 8512/3/3653 8511/3/3653 8818/3/3653 8819/3/3653
f 8306/3/3654 8305/3/3654 8612/3/3654 8613/3/3654
f 9510/3/3655 9511/3/3655 8955/3/3655 8928/3/3655
f 8513/3/3656 8512/3/3656 8819/3/3656 8820/3/3656
f 8307/3/3657 8306/3/3657 8613/3/3657 8614/3/3657
f 9511/3/3658 9512/3/3658 8929/3/3658 8955/3/3658
f 8514/3/3659 8513/3/3659 8820/3/3659 8821/3/3659
f 8308/3/3660 8307/3/3660 8614/3/3660 8615/3/3660
f 9512/3/3661 9513/3/3661 8963/3/3661 8929/3/3661
f 8515/3/3662 8514/3/3662 8821/3/3662 8822/3/3662
f 8309/3/3663 8308/3/3663 8615/3/3663 8616/3/3663
f 9513/3/3664 9514/3/3664 8926/3/3664 8963/3/3664
f 8516/3/3665 8515/3/3665 8822/3/3665 8823/3/3665
f 8310/3/3666 8309/3/3666 8616/3/3666 8617/3/3666
f 9516/3/3667 9515/3/3667 8964/3/3667 8927/3/3667
f 8517/3/3668 8516/3/3668 8823/3/3668 8824/3/3668
f 8311/3/3669 8310/3/3669 8617/3/3669 8618/3/3669
f 9518/3/3670 9517/3/3670 8956/3/3670 9010/3/3670
f 8518/3/3671 8517/3/3671 8824/3/3671 8825/3/3671
f 8312/3/3672 8311/3/3672 8618/3/3672 8619/3/3672
f 9519/3/3673 9518/3/3673 9010/3/3673 8957/3/3673
f 8519/3/3674 8518/3/3674 8825/3/3674 8826/3/3674
f 8313/3/3675 8312/3/3675 8619/3/3675 8620/3/3675
f 9520/3/3676 9519/3/3676 8957/3/3676 9011/3/3676
f 8520/3/3677 8519/3/3677 8826/3/3677 8827/3/3677
f 8314/3/3678 8313/3/3678 8620/3/3678 8621/3/3678
f 9521/3/3679 9520/3/3679 9011/3/3679 9008/3/3679
f 8521/3/3680 8520/3/3680 8827/3/3680 8828/3/3680
f 8315/3/3681 8314/3/3681 8621/3/3681 8622/3/3681
f 9522/3/3682 9521/3/3682 9008/3/3682 9009/3/3682
f 8522/3/3683 8521/3/3683 8828/3/3683 8829/3/3683
f 8316/3/3684 8315/3/3684 8622/3/3684 8623/3/3684
f 9523/3/3685 9522/3/3685 9009/3/3685 9013/3/3685
f 8523/3/3686 8522/3/3686 8829/3/3686 8830/3/3686
f 8317/3/3687 8316/3/3687 8623/3/3687 8624/3/3687
f 9524/3/3688 9523/3/3688 9013/3/3688 8930/3/3688
f 8524/3/3689 8523/3/3689 8830/3/3689 8831/3/3689
f 8318/3/3690 8317/3/3690 8624/3/3690 8625/3/3690
f 9525/3/3691 9524/3/3691 8930/3/3691 8958/3/3691
f 8525/3/3692 8524/3/3692 8831/3/3692 8832/3/3692
f 8319/3/3693 8318/3/3693 8625/3/3693 8626/3/3693
f 9515/3/3694 9525/3/3694 8958/3/3694 8964/3/3694
f 8526/3/3695 8525/3/3695 8832/3/3695 8833/3/3695
f 8320/3/3696 8319/3/3696 8626/3/3696 8627/3/3696
f 9492/3/3697 9526/3/3697 8959/3/3697 8922/3/3697
f 8527/3/3698 8526/3/3698 8833/3/3698 8834/3/3698
f 8321/3/3699 8320/3/3699 8627/3/3699 8628/3/3699
f 9526/3/3700 9527/3/3700 8960/3/3700 8959/3/3700
f 8228/3/3701 8527/3/3701 8834/3/3701 8535/3/3701
f 8322/3/3702 8321/3/3702 8628/3/3702 8629/3/3702
f 9527/3/3703 9528/3/3703 8961/3/3703 8960/3/3703
f 8323/3/3704 8322/3/3704 8629/3/3704 8630/3/3704
f 9528/3/3556 9529/3/3556 8931/3/3556 8961/3/3556
f 8324/3/3705 8323/3/3705 8630/3/3705 8631/3/3705
f 9529/3/3632 9530/3/3632 8932/3/3632 8931/3/3632
f 8325/3/3706 8324/3/3706 8631/3/3706 8632/3/3706
f 9530/3/3487 9531/3/3487 8962/3/3487 8932/3/3487
f 8326/3/3707 8325/3/3707 8632/3/3707 8633/3/3707
f 9531/3/3637 9532/3/3637 8933/3/3637 8962/3/3637
f 8327/3/3708 8326/3/3708 8633/3/3708 8634/3/3708
f 9532/3/3709 9509/3/3709 9012/3/3709 8933/3/3709
f 8328/3/3710 8327/3/3710 8634/3/3710 8635/3/3710
f 9534/3/3711 9533/3/3711 8969/3/3711 8971/3/3711
f 8329/3/3712 8328/3/3712 8635/3/3712 8636/3/3712
f 9533/3/3713 9535/3/3713 9015/3/3713 8969/3/3713
f 8330/3/3714 8329/3/3714 8636/3/3714 8637/3/3714
f 9535/3/3715 9536/3/3715 9014/3/3715 9015/3/3715
f 8331/3/3716 8330/3/3716 8637/3/3716 8638/3/3716
f 9536/3/3717 9537/3/3717 8970/3/3717 9014/3/3717
f 8332/3/3718 8331/3/3718 8638/3/3718 8639/3/3718
f 9537/3/3719 9538/3/3719 8972/3/3719 8970/3/3719
f 8333/3/3720 8332/3/3720 8639/3/3720 8640/3/3720
f 9538/3/3721 9539/3/3721 8965/3/3721 8972/3/3721
f 8334/3/3448 8333/3/3448 8640/3/3448 8641/3/3448
f 9539/3/3722 9540/3/3722 8966/3/3722 8965/3/3722
f 8335/3/3447 8334/3/3447 8641/3/3447 8642/3/3447
f 9540/3/3723 9541/3/3723 8981/3/3723 8966/3/3723
f 8336/3/3446 8335/3/3446 8642/3/3446 8643/3/3446
f 9543/3/3724 9542/3/3724 9016/3/3724 8973/3/3724
f 8337/3/3445 8336/3/3445 8643/3/3445 8644/3/3445
f 9544/3/3725 9543/3/3725 8973/3/3725 8967/3/3725
f 8338/3/3444 8337/3/3444 8644/3/3444 8645/3/3444
f 9545/3/3726 9544/3/3726 8967/3/3726 9017/3/3726
f 8339/3/3443 8338/3/3443 8645/3/3443 8646/3/3443
f 9546/3/3727 9545/3/3727 9017/3/3727 9019/3/3727
f 8340/3/3442 8339/3/3442 8646/3/3442 8647/3/3442
f 9547/3/3728 9546/3/3728 9019/3/3728 9020/3/3728
f 8341/3/3441 8340/3/3441 8647/3/3441 8648/3/3441
f 9548/3/3729 9547/3/3729 9020/3/3729 9018/3/3729
f 9550/3/3730 9549/3/3730 8845/3/3730 8844/3/3730
f 8342/3/3440 8341/3/3440 8648/3/3440 8649/3/3440
f 9551/3/3731 9548/3/3731 9018/3/3731 9021/3/3731
f 9553/3/3732 9552/3/3732 8862/3/3732 8863/3/3732
f 8343/3/3439 8342/3/3439 8649/3/3439 8650/3/3439
f 9554/3/3733 9551/3/3733 9021/3/3733 8974/3/3733
f 9438/3/3734 9555/3/3734 8882/3/3734 8881/3/3734
f 8344/3/3438 8343/3/3438 8650/3/3438 8651/3/3438
f 9541/3/3735 9554/3/3735 8974/3/3735 8981/3/3735
f 9555/3/3736 9441/3/3736 8883/3/3736 8882/3/3736
f 8345/3/3437 8344/3/3437 8651/3/3437 8652/3/3437
f 9517/3/3737 9556/3/3737 8975/3/3737 8956/3/3737
f 9437/3/3738 9439/3/3738 8897/3/3738 8896/3/3738
f 8346/3/3436 8345/3/3436 8652/3/3436 8653/3/3436
f 9556/3/3739 9557/3/3739 8976/3/3739 8975/3/3739
f 9465/3/3740 9467/3/3740 8910/3/3740 8909/3/3740
f 8347/3/3435 8346/3/3435 8653/3/3435 8654/3/3435
f 9557/3/3741 9558/3/3741 8977/3/3741 8976/3/3741
f 9485/3/3742 9487/3/3742 8913/3/3742 8912/3/3742
f 8348/3/3434 8347/3/3434 8654/3/3434 8655/3/3434
f 9558/3/3743 9559/3/3743 8978/3/3743 8977/3/3743
f 9514/3/3744 9516/3/3744 8927/3/3744 8926/3/3744
f 8349/3/3433 8348/3/3433 8655/3/3433 8656/3/3433
f 9559/3/3745 9560/3/3745 8979/3/3745 8978/3/3745
f 9561/3/3746 9445/3/3746 8935/3/3746 8936/3/3746
f 8350/3/3432 8349/3/3432 8656/3/3432 8657/3/3432
f 9560/3/3559 9562/3/3559 8980/3/3559 8979/3/3559
f 9446/3/3747 9561/3/3747 8936/3/3747 8937/3/3747
f 8351/3/3431 8350/3/3431 8657/3/3431 8658/3/3431
f 9562/3/3562 9563/3/3562 8968/3/3562 8980/3/3562
f 9500/3/3748 9499/3/3748 9006/3/3748 9007/3/3748
f 8352/3/3430 8351/3/3430 8658/3/3430 8659/3/3430
f 9563/3/3553 9534/3/3553 8971/3/3553 8968/3/3553
f 9565/3/3749 9564/3/3749 9074/3/3749 9075/3/3749
f 8353/3/3429 8352/3/3429 8659/3/3429 8660/3/3429
f 9567/3/3750 9566/3/3750 9033/3/3750 8982/3/3750
f 9569/3/3751 9568/3/3751 9094/3/3751 9095/3/3751
f 8354/3/3428 8353/3/3428 8660/3/3428 8661/3/3428
f 9566/3/3752 9570/3/3752 9035/3/3752 9033/3/3752
f 9572/3/3753 9571/3/3753 9111/3/3753 9110/3/3753
f 8355/3/3427 8354/3/3427 8661/3/3427 8662/3/3427
f 9570/3/3754 9573/3/3754 8983/3/3754 9035/3/3754
f 9575/3/3755 9574/3/3755 9109/3/3755 9108/3/3755
f 8356/3/3426 8355/3/3426 8662/3/3426 8663/3/3426
f 9573/3/3756 9576/3/3756 9034/3/3756 8983/3/3756
f 9578/3/3757 9577/3/3757 9117/3/3757 9116/3/3757
f 8357/3/3425 8356/3/3425 8663/3/3425 8664/3/3425
f 9576/3/3758 9579/3/3758 9023/3/3758 9034/3/3758
f 9577/3/3759 9580/3/3759 9118/3/3759 9117/3/3759
f 8358/3/3424 8357/3/3424 8664/3/3424 8665/3/3424
f 9579/3/3760 9581/3/3760 9022/3/3760 9023/3/3760
f 9583/3/3761 9582/3/3761 8835/3/3761 9062/3/3761
f 8359/3/3423 8358/3/3423 8665/3/3423 8666/3/3423
f 9581/3/3762 9584/3/3762 9024/3/3762 9022/3/3762
f 9582/3/3763 9585/3/3763 8836/3/3763 8835/3/3763
f 8360/3/3422 8359/3/3422 8666/3/3422 8667/3/3422
f 9584/3/3764 9586/3/3764 9036/3/3764 9024/3/3764
f 9585/3/3765 9587/3/3765 9086/3/3765 8836/3/3765
f 8361/3/3421 8360/3/3421 8667/3/3421 8668/3/3421
f 9589/3/3766 9588/3/3766 9027/3/3766 9025/3/3766
f 9587/3/3767 9590/3/3767 9084/3/3767 9086/3/3767
f 8362/3/3420 8361/3/3420 8668/3/3420 8669/3/3420
f 9591/3/3768 9589/3/3768 9025/3/3768 9028/3/3768
f 9590/3/3769 9592/3/3769 9100/3/3769 9084/3/3769
f 8363/3/3419 8362/3/3419 8669/3/3419 8670/3/3419
f 9593/3/3770 9591/3/3770 9028/3/3770 9037/3/3770
f 9592/3/3771 9594/3/3771 8837/3/3771 9100/3/3771
f 8364/3/3418 8363/3/3418 8670/3/3418 8671/3/3418
f 9595/3/3772 9593/3/3772 9037/3/3772 8984/3/3772
f 9594/3/3773 9596/3/3773 9087/3/3773 8837/3/3773
f 8365/3/3417 8364/3/3417 8671/3/3417 8672/3/3417
f 9597/3/3774 9595/3/3774 8984/3/3774 9029/3/3774
f 9596/3/3775 9598/3/3775 8838/3/3775 9087/3/3775
f 8366/3/3416 8365/3/3416 8672/3/3416 8673/3/3416
f 9599/3/3776 9597/3/3776 9029/3/3776 8985/3/3776
f 9601/3/3777 9600/3/3777 9097/3/3777 9088/3/3777
f 8367/3/3415 8366/3/3415 8673/3/3415 8674/3/3415
f 9602/3/3778 9599/3/3778 8985/3/3778 9026/3/3778
f 9604/3/3779 9603/3/3779 9091/3/3779 8842/3/3779
f 8368/3/3414 8367/3/3414 8674/3/3414 8675/3/3414
f 9586/3/3780 9602/3/3780 9026/3/3780 9036/3/3780
f 9605/3/3781 9601/3/3781 9088/3/3781 9089/3/3781
f 8369/3/3413 8368/3/3413 8675/3/3413 8676/3/3413
f 9542/3/3782 9606/3/3782 8986/3/3782 9016/3/3782
f 9607/3/3783 9605/3/3783 9089/3/3783 9053/3/3783
f 8370/3/3412 8369/3/3412 8676/3/3412 8677/3/3412
f 9606/3/3784 9608/3/3784 8987/3/3784 8986/3/3784
f 9609/3/3785 9607/3/3785 9053/3/3785 9054/3/3785
f 8371/3/3411 8370/3/3411 8677/3/3411 8678/3/3411
f 9608/3/3786 9610/3/3786 8988/3/3786 8987/3/3786
f 9611/3/3787 9609/3/3787 9054/3/3787 9101/3/3787
f 8372/3/3410 8371/3/3410 8678/3/3410 8679/3/3410
f 9610/3/3741 9612/3/3741 9030/3/3741 8988/3/3741
f 9613/3/3788 9611/3/3788 9101/3/3788 9055/3/3788
f 8373/3/3409 8372/3/3409 8679/3/3409 8680/3/3409
f 9612/3/3743 9614/3/3743 8989/3/3743 9030/3/3743
f 9615/3/3789 9613/3/3789 9055/3/3789 9102/3/3789
f 8374/3/3408 8373/3/3408 8680/3/3408 8681/3/3408
f 9614/3/3745 9616/3/3745 9031/3/3745 8989/3/3745
f 9617/3/3790 9615/3/3790 9102/3/3790 9085/3/3790
f 8375/3/3407 8374/3/3407 8681/3/3407 8682/3/3407
f 9616/3/3559 9618/3/3559 9032/3/3559 9031/3/3559
f 9598/3/3791 9617/3/3791 9085/3/3791 8838/3/3791
f 8376/3/3406 8375/3/3406 8682/3/3406 8683/3/3406
f 9618/3/3792 9567/3/3792 8982/3/3792 9032/3/3792
f 9603/3/3793 9619/3/3793 9105/3/3793 9091/3/3793
f 8377/3/3405 8376/3/3405 8683/3/3405 8684/3/3405
f 9621/3/3794 9620/3/3794 9045/3/3794 9044/3/3794
f 9619/3/3795 9622/3/3795 8843/3/3795 9105/3/3795
f 8378/3/3404 8377/3/3404 8684/3/3404 8685/3/3404
f 9620/3/3796 9623/3/3796 9063/3/3796 9045/3/3796
f 9622/3/3797 9624/3/3797 9090/3/3797 8843/3/3797
f 8379/3/3403 8378/3/3403 8685/3/3403 8686/3/3403
f 9623/3/3798 9625/3/3798 9066/3/3798 9063/3/3798
f 9624/3/3799 9626/3/3799 9106/3/3799 9090/3/3799
f 8380/3/3402 8379/3/3402 8686/3/3402 8687/3/3402
f 9625/3/3800 9627/3/3800 9064/3/3800 9066/3/3800
f 9626/3/3801 9550/3/3801 8844/3/3801 9106/3/3801
f 8381/3/3401 8380/3/3401 8687/3/3401 8688/3/3401
f 9627/3/3802 9628/3/3802 9076/3/3802 9064/3/3802
f 9549/3/3803 9629/3/3803 9103/3/3803 8845/3/3803
f 8382/3/3400 8381/3/3400 8688/3/3400 8689/3/3400
f 9628/3/3804 9630/3/3804 9067/3/3804 9076/3/3804
f 9568/3/3805 9631/3/3805 8847/3/3805 9094/3/3805
f 8383/3/3399 8382/3/3399 8689/3/3399 8690/3/3399
f 9630/3/3806 9632/3/3806 9065/3/3806 9067/3/3806
f 9633/3/3807 9569/3/3807 9095/3/3807 8848/3/3807
f 8384/3/3398 8383/3/3398 8690/3/3398 8691/3/3398
f 9632/3/3808 9634/3/3808 9068/3/3808 9065/3/3808
f 9635/3/3809 9633/3/3809 8848/3/3809 8846/3/3809
f 8385/3/3397 8384/3/3397 8691/3/3397 8692/3/3397
f 9637/3/3810 9636/3/3810 9046/3/3810 9077/3/3810
f 9638/3/3811 9635/3/3811 8846/3/3811 9092/3/3811
f 8386/3/3396 8385/3/3396 8692/3/3396 8693/3/3396
f 9639/3/3812 9637/3/3812 9077/3/3812 9069/3/3812
f 9640/3/3813 9638/3/3813 9092/3/3813 9093/3/3813
f 8387/3/3395 8386/3/3395 8693/3/3395 8694/3/3395
f 9564/3/3814 9639/3/3814 9069/3/3814 9074/3/3814
f 9641/3/3815 9640/3/3815 9093/3/3815 9096/3/3815
f 8388/3/3394 8387/3/3394 8694/3/3394 8695/3/3394
f 9642/3/3816 9565/3/3816 9075/3/3816 9070/3/3816
f 9643/3/3817 9641/3/3817 9096/3/3817 9104/3/3817
f 8389/3/3393 8388/3/3393 8695/3/3393 8696/3/3393
f 9644/3/3818 9642/3/3818 9070/3/3818 9071/3/3818
f 9629/3/3819 9643/3/3819 9104/3/3819 9103/3/3819
f 8390/3/3392 8389/3/3392 8696/3/3392 8697/3/3392
f 9645/3/3820 9644/3/3820 9071/3/3820 9072/3/3820
f 9600/3/3646 9646/3/3646 8839/3/3646 9097/3/3646
f 8391/3/3391 8390/3/3391 8697/3/3391 8698/3/3391
f 9647/3/3821 9645/3/3821 9072/3/3821 9073/3/3821
f 9646/3/3499 9430/3/3499 8528/3/3499 8839/3/3499
f 8392/3/3390 8391/3/3390 8698/3/3390 8699/3/3390
f 9634/3/3822 9647/3/3822 9073/3/3822 9068/3/3822
f 9430/3/3823 9648/3/3823 8840/3/3823 8528/3/3823
f 8393/3/3389 8392/3/3389 8699/3/3389 8700/3/3389
f 9588/3/3824 9649/3/3824 9038/3/3824 9027/3/3824
f 9648/3/3825 9650/3/3825 8841/3/3825 8840/3/3825
f 8394/3/3388 8393/3/3388 8700/3/3388 8701/3/3388
f 9649/3/3826 9651/3/3826 9039/3/3826 9038/3/3826
f 9650/3/3826 9652/3/3826 9098/3/3826 8841/3/3826
f 8395/3/3387 8394/3/3387 8701/3/3387 8702/3/3387
f 9651/3/3827 9653/3/3827 9040/3/3827 9039/3/3827
f 9652/3/3828 9654/3/3828 9099/3/3828 9098/3/3828
f 8396/3/3386 8395/3/3386 8702/3/3386 8703/3/3386
f 9653/3/3784 9655/3/3784 8990/3/3784 9040/3/3784
f 9654/3/3829 9604/3/3829 8842/3/3829 9099/3/3829
f 8397/3/3385 8396/3/3385 8703/3/3385 8704/3/3385
f 9655/3/3830 9656/3/3830 9041/3/3830 8990/3/3830
f 9658/3/3831 9657/3/3831 8850/3/3831 8860/3/3831
f 8398/3/3384 8397/3/3384 8704/3/3384 8705/3/3384
f 9656/3/3832 9659/3/3832 8991/3/3832 9041/3/3832
f 9657/3/3833 9660/3/3833 9107/3/3833 8850/3/3833
f 8399/3/3383 8398/3/3383 8705/3/3383 8706/3/3383
f 9659/3/3700 9661/3/3700 9042/3/3700 8991/3/3700
f 9660/3/3834 9662/3/3834 8851/3/3834 9107/3/3834
f 8400/3/3382 8399/3/3382 8706/3/3382 8707/3/3382
f 9661/3/3703 9663/3/3703 9043/3/3703 9042/3/3703
f 9662/3/3835 9572/3/3835 9110/3/3835 8851/3/3835
f 8401/3/3381 8400/3/3381 8707/3/3381 8708/3/3381
f 9663/3/3556 9621/3/3556 9044/3/3556 9043/3/3556
f 9571/3/3836 9575/3/3836 9108/3/3836 9111/3/3836
f 8402/3/3380 8401/3/3380 8708/3/3380 8709/3/3380
f 9665/3/3837 9664/3/3837 9079/3/3837 9050/3/3837
f 9574/3/3838 9666/3/3838 8849/3/3838 9109/3/3838
f 8403/3/3379 8402/3/3379 8709/3/3379 8710/3/3379
f 9664/3/3839 9667/3/3839 8992/3/3839 9079/3/3839
f 9669/3/3840 9668/3/3840 9112/3/3840 8861/3/3840
f 8404/3/3378 8403/3/3378 8710/3/3378 8711/3/3378
f 9667/3/3841 9670/3/3841 9080/3/3841 8992/3/3841
f 9671/3/3842 9669/3/3842 8861/3/3842 9114/3/3842
f 8405/3/3377 8404/3/3377 8711/3/3377 8712/3/3377
f 9670/3/3843 9672/3/3843 9078/3/3843 9080/3/3843
f 9673/3/3844 9671/3/3844 9114/3/3844 9115/3/3844
f 8406/3/3376 8405/3/3376 8712/3/3376 8713/3/3376
f 9672/3/3845 9674/3/3845 9081/3/3845 9078/3/3845
f 9675/3/3846 9673/3/3846 9115/3/3846 8852/3/3846
f 8407/3/3375 8406/3/3375 8713/3/3375 8714/3/3375
f 9674/3/3847 9676/3/3847 9051/3/3847 9081/3/3847
f 9677/3/3848 9675/3/3848 8852/3/3848 9113/3/3848
f 8408/3/3374 8407/3/3374 8714/3/3374 8715/3/3374
f 9676/3/3849 9678/3/3849 8993/3/3849 9051/3/3849
f 9679/3/3850 9677/3/3850 9113/3/3850 8853/3/3850
f 8409/3/3373 8408/3/3373 8715/3/3373 8716/3/3373
f 9681/3/3851 9680/3/3851 9082/3/3851 8994/3/3851
f 9552/3/3852 9679/3/3852 8853/3/3852 8862/3/3852
f 8410/3/3372 8409/3/3372 8716/3/3372 8717/3/3372
f 9682/3/3853 9681/3/3853 8994/3/3853 9083/3/3853
f 9666/3/3854 9553/3/3854 8863/3/3854 8849/3/3854
f 8411/3/3371 8410/3/3371 8717/3/3371 8718/3/3371
f 9683/3/3855 9682/3/3855 9083/3/3855 8995/3/3855
f 9631/3/3640 9684/3/3640 8854/3/3640 8847/3/3640
f 8412/3/3370 8411/3/3370 8718/3/3370 8719/3/3370
f 9431/3/3856 9683/3/3856 8995/3/3856 8532/3/3856
f 9684/3/3643 9685/3/3643 8855/3/3643 8854/3/3643
f 8413/3/3369 8412/3/3369 8719/3/3369 8720/3/3369
f 9686/3/3857 9431/3/3857 8532/3/3857 8997/3/3857
f 9685/3/3858 9687/3/3858 8856/3/3858 8855/3/3858
f 8414/3/3368 8413/3/3368 8720/3/3368 8721/3/3368
f 9688/3/3859 9686/3/3859 8997/3/3859 8996/3/3859
f 9687/3/3860 9689/3/3860 8857/3/3860 8856/3/3860
f 8415/3/3367 8414/3/3367 8721/3/3367 8722/3/3367
f 9690/3/3861 9688/3/3861 8996/3/3861 9052/3/3861
f 9689/3/3819 9432/3/3819 8529/3/3819 8857/3/3819
f 8416/3/3366 8415/3/3366 8722/3/3366 8723/3/3366
f 9691/3/3862 9690/3/3862 9052/3/3862 9047/3/3862
f 9432/3/3863 9692/3/3863 8858/3/3863 8529/3/3863
f 8417/3/3365 8416/3/3365 8723/3/3365 8724/3/3365
f 9678/3/3828 9691/3/3828 9047/3/3828 8993/3/3828
f 9692/3/3864 9693/3/3864 8859/3/3864 8858/3/3864
f 8418/3/3364 8417/3/3364 8724/3/3364 8725/3/3364
f 9636/3/3819 9694/3/3819 8998/3/3819 9046/3/3819
f 9693/3/3865 9658/3/3865 8860/3/3865 8859/3/3865
f 8419/3/3363 8418/3/3363 8725/3/3363 8726/3/3363
f 9694/3/3863 9695/3/3863 8999/3/3863 8998/3/3863
f 9697/3/3866 9696/3/3866 9119/3/3866 8864/3/3866
f 8420/3/3362 8419/3/3362 8726/3/3362 8727/3/3362
f 9695/3/3864 9698/3/3864 9000/3/3864 8999/3/3864
f 9696/3/3867 9699/3/3867 8878/3/3867 9119/3/3867
f 8421/3/3361 8420/3/3361 8727/3/3361 8728/3/3361
f 9698/3/3865 9700/3/3865 9001/3/3865 9000/3/3865
f 9699/3/3868 9701/3/3868 9120/3/3868 8878/3/3868
f 8422/3/3360 8421/3/3360 8728/3/3360 8729/3/3360
f 9700/3/3737 9702/3/3737 9002/3/3737 9001/3/3737
f 9701/3/3869 9703/3/3869 9125/3/3869 9120/3/3869
f 8423/3/3359 8422/3/3359 8729/3/3359 8730/3/3359
f 9702/3/3739 9704/3/3739 9048/3/3739 9002/3/3739
f 9703/3/3870 9705/3/3870 9121/3/3870 9125/3/3870
f 8424/3/3358 8423/3/3358 8730/3/3358 8731/3/3358
f 9704/3/3741 9433/3/3741 8533/3/3741 9048/3/3741
f 9705/3/3871 9578/3/3871 9116/3/3871 9121/3/3871
f 8425/3/3357 8424/3/3357 8731/3/3357 8732/3/3357
f 9433/3/3743 9706/3/3743 9049/3/3743 8533/3/3743
f 9707/3/3872 9451/3/3872 8865/3/3872 9122/3/3872
f 8426/3/3356 8425/3/3356 8732/3/3356 8733/3/3356
f 9706/3/3873 9665/3/3873 9050/3/3873 9049/3/3873
f 9708/3/3874 9707/3/3874 9122/3/3874 8866/3/3874
f 8427/3/3355 8426/3/3355 8733/3/3355 8734/3/3355
f 9680/3/3499 9709/3/3499 9056/3/3499 9082/3/3499
f 9710/3/3875 9708/3/3875 8866/3/3875 8867/3/3875
f 8428/3/3354 8427/3/3354 8734/3/3354 8735/3/3354
f 9709/3/3823 9711/3/3823 9057/3/3823 9056/3/3823
f 9712/3/3876 9710/3/3876 8867/3/3876 8879/3/3876
f 8429/3/3877 8428/3/3877 8735/3/3877 8736/3/3877
f 9711/3/3825 9713/3/3825 9058/3/3825 9057/3/3825
f 9714/3/3878 9712/3/3878 8879/3/3878 8868/3/3878
f 8430/3/3352 8429/3/3352 8736/3/3352 8737/3/3352
f 9713/3/3826 9715/3/3826 9059/3/3826 9058/3/3826
f 9716/3/3879 9714/3/3879 8868/3/3879 8876/3/3879
f 8431/3/3351 8430/3/3351 8737/3/3351 8738/3/3351
f 9715/3/3827 9717/3/3827 9060/3/3827 9059/3/3827
f 9718/3/3880 9716/3/3880 8876/3/3880 9123/3/3880
f 8432/3/3350 8431/3/3350 8738/3/3350 8739/3/3350
f 9717/3/3784 9719/3/3784 9061/3/3784 9060/3/3784
f 9720/3/3881 9718/3/3881 9123/3/3881 9124/3/3881
f 8433/3/3349 8432/3/3349 8739/3/3349 8740/3/3349
f 9719/3/3830 9434/3/3830 8534/3/3830 9061/3/3830
f 9580/3/3882 9720/3/3882 9124/3/3882 9118/3/3882
f 8434/3/3348 8433/3/3348 8740/3/3348 8741/3/3348
f 9434/3/3832 9583/3/3832 9062/3/3832 8534/3/3832
f 9668/3/3553 9721/3/3553 8869/3/3553 9112/3/3553
f 8435/3/3347 8434/3/3347 8741/3/3347 8742/3/3347
f 8229/3/3346 8228/3/3346 8535/3/3346 8536/3/3346
f 9721/3/3640 9722/3/3640 8870/3/3640 8869/3/3640
f 8436/3/3345 8435/3/3345 8742/3/3345 8743/3/3345
f 8230/3/3883 8229/3/3883 8536/3/3883 8537/3/3883
f 9722/3/3884 9723/3/3884 8871/3/3884 8870/3/3884
f 8437/3/3885 8436/3/3885 8743/3/3885 8744/3/3885
f 8231/3/3886 8230/3/3886 8537/3/3886 8538/3/3886
f 9723/3/3576 9724/3/3576 8872/3/3576 8871/3/3576
f 8438/3/3887 8437/3/3887 8744/3/3887 8745/3/3887
f 8232/3/3888 8231/3/3888 8538/3/3888 8539/3/3888
f 9724/3/3860 9725/3/3860 8873/3/3860 8872/3/3860
f 8439/3/3889 8438/3/3889 8745/3/3889 8746/3/3889
f 8233/3/3890 8232/3/3890 8539/3/3890 8540/3/3890
f 9725/3/3891 9726/3/3891 8874/3/3891 8873/3/3891
f 8440/3/3892 8439/3/3892 8746/3/3892 8747/3/3892
f 8234/3/3893 8233/3/3893 8540/3/3893 8541/3/3893
f 9726/3/3825 9727/3/3825 8875/3/3825 8874/3/3825
f 8441/3/3894 8440/3/3894 8747/3/3894 8748/3/3894
f 8235/3/3895 8234/3/3895 8541/3/3895 8542/3/3895
f 9727/3/3896 9697/3/3896 8864/3/3896 8875/3/3896
f 8442/3/3897 8441/3/3897 8748/3/3897 8749/3/3897
f 8236/3/3898 8235/3/3898 8542/3/3898 8543/3/3898
f 9458/3/3899 9436/3/3899 8895/3/3899 8894/3/3899
f 9383/3/3900 9382/3/3900 9106/3/3900 8844/3/3900
f 9382/3/3900 9381/3/3900 9090/3/3900 9106/3/3900
f 9381/3/3900 9380/3/3900 8843/3/3900 9090/3/3900
f 9380/3/3900 9379/3/3900 9105/3/3900 8843/3/3900
f 9379/3/3900 9378/3/3900 9091/3/3900 9105/3/3900
f 9378/3/3900 9377/3/3900 8842/3/3900 9091/3/3900
f 9377/3/3900 9376/3/3900 9099/3/3900 8842/3/3900
f 9376/3/3900 9375/3/3900 9098/3/3900 9099/3/3900
f 9375/3/3900 9374/3/3900 8841/3/3900 9098/3/3900
f 9374/3/3900 9373/3/3900 8840/3/3900 8841/3/3900
f 9373/3/3901 9372/3/3901 8528/3/3901 8840/3/3901
f 9372/3/3902 9371/3/3902 8839/3/3902 8528/3/3902
f 9371/3/3900 9370/3/3900 9097/3/3900 8839/3/3900
f 9370/3/3900 9369/3/3900 9088/3/3900 9097/3/3900
f 9369/3/3900 9368/3/3900 9089/3/3900 9088/3/3900
f 9368/3/3900 9367/3/3900 9053/3/3900 9089/3/3900
f 9367/3/3900 9366/3/3900 9054/3/3900 9053/3/3900
f 9366/3/3900 9365/3/3900 9101/3/3900 9054/3/3900
f 9365/3/3900 9364/3/3900 9055/3/3900 9101/3/3900
f 9364/3/3900 9363/3/3900 9102/3/3900 9055/3/3900
f 9363/3/3900 9362/3/3900 9085/3/3900 9102/3/3900
f 9362/3/3900 9361/3/3900 8838/3/3900 9085/3/3900
f 9361/3/3900 9360/3/3900 9087/3/3900 8838/3/3900
f 9360/3/3900 9359/3/3900 8837/3/3900 9087/3/3900
f 9359/3/3900 9358/3/3900 9100/3/3900 8837/3/3900
f 9358/3/3900 9357/3/3900 9084/3/3900 9100/3/3900
f 9357/3/3900 9356/3/3900 9086/3/3900 9084/3/3900
f 9356/3/3900 9355/3/3900 8836/3/3900 9086/3/3900
f 9355/3/3900 9354/3/3900 8835/3/3900 8836/3/3900
f 9354/3/3900 9353/3/3900 9062/3/3900 8835/3/3900
f 9353/3/3903 9352/3/3903 8534/3/3903 9062/3/3903
f 9352/3/3904 9351/3/3904 9061/3/3904 8534/3/3904
f 9351/3/3900 9350/3/3900 9060/3/3900 9061/3/3900
f 9350/3/3900 9349/3/3900 9059/3/3900 9060/3/3900
f 9349/3/3900 9348/3/3900 9058/3/3900 9059/3/3900
f 9348/3/3900 9347/3/3900 9057/3/3900 9058/3/3900
f 9347/3/3900 9346/3/3900 9056/3/3900 9057/3/3900
f 9346/3/3900 9345/3/3900 9082/3/3900 9056/3/3900
f 9345/3/3900 9344/3/3900 8994/3/3900 9082/3/3900
f 9344/3/3900 9343/3/3900 9083/3/3900 8994/3/3900
f 9343/3/3900 9342/3/3900 8995/3/3900 9083/3/3900
f 9342/3/3905 9341/3/3905 8532/3/3905 8995/3/3905
f 9341/3/3906 9340/3/3906 8997/3/3906 8532/3/3906
f 9340/3/3900 9339/3/3900 8996/3/3900 8997/3/3900
f 9339/3/3900 9338/3/3900 9052/3/3900 8996/3/3900
f 9338/3/3900 9337/3/3900 9047/3/3900 9052/3/3900
f 9337/3/3900 9336/3/3900 8993/3/3900 9047/3/3900
f 9336/3/3900 9335/3/3900 9051/3/3900 8993/3/3900
f 9335/3/3900 9334/3/3900 9081/3/3900 9051/3/3900
f 9334/3/3900 9333/3/3900 9078/3/3900 9081/3/3900
f 9333/3/3900 9332/3/3900 9080/3/3900 9078/3/3900
f 9332/3/3900 9331/3/3900 8992/3/3900 9080/3/3900
f 9331/3/3900 9330/3/3900 9079/3/3900 8992/3/3900
f 9330/3/3900 9329/3/3900 9050/3/3900 9079/3/3900
f 9329/3/3900 9328/3/3900 9049/3/3900 9050/3/3900
f 9328/3/3907 9327/3/3907 8533/3/3907 9049/3/3907
f 9327/3/3908 9326/3/3908 9048/3/3908 8533/3/3908
f 9326/3/3900 9325/3/3900 9002/3/3900 9048/3/3900
f 9325/3/3900 9324/3/3900 9001/3/3900 9002/3/3900
f 9324/3/3900 9323/3/3900 9000/3/3900 9001/3/3900
f 9323/3/3900 9322/3/3900 8999/3/3900 9000/3/3900
f 9322/3/3900 9321/3/3900 8998/3/3900 8999/3/3900
f 9321/3/3900 9320/3/3900 9046/3/3900 8998/3/3900
f 9320/3/3900 9319/3/3900 9077/3/3900 9046/3/3900
f 9319/3/3900 9318/3/3900 9069/3/3900 9077/3/3900
f 9318/3/3900 9317/3/3900 9074/3/3900 9069/3/3900
f 9317/3/3900 9316/3/3900 9075/3/3900 9074/3/3900
f 9316/3/3900 9315/3/3900 9070/3/3900 9075/3/3900
f 9315/3/3900 9314/3/3900 9071/3/3900 9070/3/3900
f 9314/3/3900 9313/3/3900 9072/3/3900 9071/3/3900
f 9313/3/3900 9312/3/3900 9073/3/3900 9072/3/3900
f 9312/3/3900 9311/3/3900 9068/3/3900 9073/3/3900
f 9311/3/3900 9310/3/3900 9065/3/3900 9068/3/3900
f 9310/3/3900 9309/3/3900 9067/3/3900 9065/3/3900
f 9309/3/3900 9308/3/3900 9076/3/3900 9067/3/3900
f 9308/3/3900 9307/3/3900 9064/3/3900 9076/3/3900
f 9307/3/3900 9306/3/3900 9066/3/3900 9064/3/3900
f 9306/3/3900 9305/3/3900 9063/3/3900 9066/3/3900
f 9305/3/3900 9304/3/3900 9045/3/3900 9063/3/3900
f 9304/3/3900 9303/3/3900 9044/3/3900 9045/3/3900
f 9303/3/3900 9302/3/3900 9043/3/3900 9044/3/3900
f 9302/3/3900 9301/3/3900 9042/3/3900 9043/3/3900
f 9301/3/3900 9300/3/3900 8991/3/3900 9042/3/3900
f 9300/3/3900 9299/3/3900 9041/3/3900 8991/3/3900
f 9299/3/3900 9298/3/3900 8990/3/3900 9041/3/3900
f 9298/3/3900 9297/3/3900 9040/3/3900 8990/3/3900
f 9297/3/3900 9296/3/3900 9039/3/3900 9040/3/3900
f 9296/3/3900 9295/3/3900 9038/3/3900 9039/3/3900
f 9295/3/3900 9294/3/3900 9027/3/3900 9038/3/3900
f 9294/3/3900 9293/3/3900 9025/3/3900 9027/3/3900
f 9293/3/3900 9292/3/3900 9028/3/3900 9025/3/3900
f 9292/3/3900 9291/3/3900 9037/3/3900 9028/3/3900
f 9291/3/3900 9290/3/3900 8984/3/3900 9037/3/3900
f 9290/3/3900 9289/3/3900 9029/3/3900 8984/3/3900
f 9289/3/3900 9288/3/3900 8985/3/3900 9029/3/3900
f 9288/3/3900 9287/3/3900 9026/3/3900 8985/3/3900
f 9287/3/3900 9286/3/3900 9036/3/3900 9026/3/3900
f 9286/3/3900 9285/3/3900 9024/3/3900 9036/3/3900
f 9285/3/3900 9284/3/3900 9022/3/3900 9024/3/3900
f 9284/3/3900 9283/3/3900 9023/3/3900 9022/3/3900
f 9283/3/3900 9282/3/3900 9034/3/3900 9023/3/3900
f 9282/3/3900 9281/3/3900 8983/3/3900 9034/3/3900
f 9281/3/3900 9280/3/3900 9035/3/3900 8983/3/3900
f 9280/3/3900 9279/3/3900 9033/3/3900 9035/3/3900
f 9279/3/3900 9278/3/3900 8982/3/3900 9033/3/3900
f 9278/3/3900 9277/3/3900 9032/3/3900 8982/3/3900
f 9277/3/3900 9276/3/3900 9031/3/3900 9032/3/3900
f 9276/3/3900 9275/3/3900 8989/3/3900 9031/3/3900
f 9275/3/3900 9274/3/3900 9030/3/3900 8989/3/3900
f 9274/3/3900 9273/3/3900 8988/3/3900 9030/3/3900
f 9273/3/3900 9272/3/3900 8987/3/3900 8988/3/3900
f 9272/3/3900 9271/3/3900 8986/3/3900 8987/3/3900
f 9271/3/3900 9270/3/3900 9016/3/3900 8986/3/3900
f 9270/3/3900 9269/3/3900 8973/3/3900 9016/3/3900
f 9269/3/3900 9268/3/3900 8967/3/3900 8973/3/3900
f 9268/3/3900 9267/3/3900 9017/3/3900 8967/3/3900
f 9267/3/3900 9266/3/3900 9019/3/3900 9017/3/3900
f 9266/3/3900 9265/3/3900 9020/3/3900 9019/3/3900
f 9265/3/3900 9264/3/3900 9018/3/3900 9020/3/3900
f 9264/3/3900 9263/3/3900 9021/3/3900 9018/3/3900
f 9263/3/3900 9262/3/3900 8974/3/3900 9021/3/3900
f 9262/3/3900 9261/3/3900 8981/3/3900 8974/3/3900
f 9261/3/3900 9260/3/3900 8966/3/3900 8981/3/3900
f 9260/3/3900 9259/3/3900 8965/3/3900 8966/3/3900
f 9259/3/3900 9258/3/3900 8972/3/3900 8965/3/3900
f 9258/3/3900 9257/3/3900 8970/3/3900 8972/3/3900
f 9257/3/3900 9256/3/3900 9014/3/3900 8970/3/3900
f 9256/3/3900 9255/3/3900 9015/3/3900 9014/3/3900
f 9255/3/3900 9254/3/3900 8969/3/3900 9015/3/3900
f 9254/3/3900 9253/3/3900 8971/3/3900 8969/3/3900
f 9253/3/3900 9252/3/3900 8968/3/3900 8971/3/3900
f 9252/3/3900 9251/3/3900 8980/3/3900 8968/3/3900
f 9251/3/3900 9250/3/3900 8979/3/3900 8980/3/3900
f 9250/3/3900 9249/3/3900 8978/3/3900 8979/3/3900
f 9249/3/3900 9248/3/3900 8977/3/3900 8978/3/3900
f 9248/3/3900 9247/3/3900 8976/3/3900 8977/3/3900
f 9247/3/3900 9246/3/3900 8975/3/3900 8976/3/3900
f 9246/3/3900 9245/3/3900 8956/3/3900 8975/3/3900
f 9245/3/3900 9244/3/3900 9010/3/3900 8956/3/3900
f 9244/3/3900 9243/3/3900 8957/3/3900 9010/3/3900
f 9243/3/3900 9242/3/3900 9011/3/3900 8957/3/3900
f 9242/3/3900 9241/3/3900 9008/3/3900 9011/3/3900
f 9241/3/3900 9240/3/3900 9009/3/3900 9008/3/3900
f 9240/3/3900 9239/3/3900 9013/3/3900 9009/3/3900
f 9239/3/3900 9238/3/3900 8930/3/3900 9013/3/3900
f 9238/3/3900 9237/3/3900 8958/3/3900 8930/3/3900
f 9237/3/3900 9236/3/3900 8964/3/3900 8958/3/3900
f 9236/3/3900 9235/3/3900 8927/3/3900 8964/3/3900
f 9235/3/3900 9234/3/3900 8926/3/3900 8927/3/3900
f 9234/3/3900 9233/3/3900 8963/3/3900 8926/3/3900
f 9233/3/3900 9232/3/3900 8929/3/3900 8963/3/3900
f 9232/3/3900 9231/3/3900 8955/3/3900 8929/3/3900
f 9231/3/3900 9230/3/3900 8928/3/3900 8955/3/3900
f 9230/3/3900 9229/3/3900 8925/3/3900 8928/3/3900
f 9229/3/3900 9228/3/3900 9012/3/3900 8925/3/3900
f 9228/3/3900 9227/3/3900 8933/3/3900 9012/3/3900
f 9227/3/3900 9226/3/3900 8962/3/3900 8933/3/3900
f 9226/3/3900 9225/3/3900 8932/3/3900 8962/3/3900
f 9225/3/3900 9224/3/3900 8931/3/3900 8932/3/3900
f 9224/3/3900 9223/3/3900 8961/3/3900 8931/3/3900
f 9223/3/3900 9222/3/3900 8960/3/3900 8961/3/3900
f 9222/3/3900 9221/3/3900 8959/3/3900 8960/3/3900
f 9221/3/3900 9220/3/3900 8922/3/3900 8959/3/3900
f 9220/3/3900 9219/3/3900 8923/3/3900 8922/3/3900
f 9219/3/3900 9218/3/3900 8924/3/3900 8923/3/3900
f 9218/3/3900 9217/3/3900 8954/3/3900 8924/3/3900
f 9217/3/3900 9216/3/3900 8953/3/3900 8954/3/3900
f 9216/3/3900 9215/3/3900 8916/3/3900 8953/3/3900
f 9215/3/3900 9214/3/3900 8915/3/3900 8916/3/3900
f 9214/3/3900 9213/3/3900 9006/3/3900 8915/3/3900
f 9213/3/3900 9212/3/3900 9007/3/3900 9006/3/3900
f 9212/3/3900 9211/3/3900 8947/3/3900 9007/3/3900
f 9211/3/3900 9210/3/3900 8952/3/3900 8947/3/3900
f 9210/3/3900 9209/3/3900 8914/3/3900 8952/3/3900
f 9209/3/3900 9208/3/3900 9005/3/3900 8914/3/3900
f 9208/3/3900 9207/3/3900 8921/3/3900 9005/3/3900
f 9207/3/3900 9206/3/3900 8913/3/3900 8921/3/3900
f 9206/3/3900 9205/3/3900 8912/3/3900 8913/3/3900
f 9205/3/3900 9204/3/3900 8948/3/3900 8912/3/3900
f 9204/3/3909 9203/3/3909 8531/3/3909 8948/3/3909
f 9203/3/3910 9202/3/3910 8951/3/3910 8531/3/3910
f 9202/3/3900 9201/3/3900 8950/3/3900 8951/3/3900
f 9201/3/3900 9200/3/3900 8949/3/3900 8950/3/3900
f 9200/3/3900 9199/3/3900 8920/3/3900 8949/3/3900
f 9199/3/3900 9198/3/3900 8919/3/3900 8920/3/3900
f 9198/3/3900 9197/3/3900 8918/3/3900 8919/3/3900
f 9197/3/3900 9196/3/3900 8917/3/3900 8918/3/3900
f 9196/3/3900 9195/3/3900 8911/3/3900 8917/3/3900
f 9195/3/3911 9194/3/3911 8530/3/3911 8911/3/3911
f 9194/3/3912 9193/3/3912 8945/3/3912 8530/3/3912
f 9193/3/3900 9192/3/3900 8941/3/3900 8945/3/3900
f 9192/3/3900 9191/3/3900 9004/3/3900 8941/3/3900
f 9191/3/3900 9190/3/3900 8942/3/3900 9004/3/3900
f 9190/3/3900 9189/3/3900 8943/3/3900 8942/3/3900
f 9189/3/3900 9188/3/3900 8944/3/3900 8943/3/3900
f 9188/3/3900 9187/3/3900 8946/3/3900 8944/3/3900
f 9187/3/3900 9186/3/3900 8907/3/3900 8946/3/3900
f 9186/3/3900 9185/3/3900 8910/3/3900 8907/3/3900
f 9185/3/3900 9184/3/3900 8909/3/3900 8910/3/3900
f 9184/3/3900 9183/3/3900 8940/3/3900 8909/3/3900
f 9183/3/3900 9182/3/3900 9003/3/3900 8940/3/3900
f 9182/3/3900 9181/3/3900 8908/3/3900 9003/3/3900
f 9181/3/3900 9180/3/3900 8938/3/3900 8908/3/3900
f 9180/3/3900 9179/3/3900 8939/3/3900 8938/3/3900
f 9179/3/3900 9178/3/3900 8898/3/3900 8939/3/3900
f 9178/3/3900 9177/3/3900 8906/3/3900 8898/3/3900
f 9177/3/3900 9176/3/3900 8905/3/3900 8906/3/3900
f 9176/3/3900 9175/3/3900 8904/3/3900 8905/3/3900
f 9175/3/3900 9174/3/3900 8903/3/3900 8904/3/3900
f 9174/3/3900 9173/3/3900 8902/3/3900 8903/3/3900
f 9173/3/3900 9172/3/3900 8901/3/3900 8902/3/3900
f 9172/3/3900 9171/3/3900 8900/3/3900 8901/3/3900
f 9171/3/3900 9170/3/3900 8899/3/3900 8900/3/3900
f 9170/3/3900 9169/3/3900 8884/3/3900 8899/3/3900
f 9169/3/3900 9168/3/3900 8877/3/3900 8884/3/3900
f 9168/3/3900 9167/3/3900 8885/3/3900 8877/3/3900
f 9167/3/3900 9166/3/3900 8935/3/3900 8885/3/3900
f 9166/3/3900 9165/3/3900 8936/3/3900 8935/3/3900
f 9165/3/3900 9164/3/3900 8937/3/3900 8936/3/3900
f 9164/3/3900 9163/3/3900 9126/3/3900 8937/3/3900
f 9163/3/3900 9162/3/3900 9127/3/3900 9126/3/3900
f 9162/3/3900 9161/3/3900 8886/3/3900 9127/3/3900
f 9161/3/3900 9160/3/3900 8934/3/3900 8886/3/3900
f 9160/3/3900 9159/3/3900 8883/3/3900 8934/3/3900
f 9159/3/3900 9158/3/3900 8882/3/3900 8883/3/3900
f 9158/3/3900 9157/3/3900 8881/3/3900 8882/3/3900
f 9157/3/3900 9156/3/3900 8897/3/3900 8881/3/3900
f 9156/3/3900 9155/3/3900 8896/3/3900 8897/3/3900
f 9155/3/3900 9154/3/3900 8880/3/3900 8896/3/3900
f 9154/3/3900 9153/3/3900 8895/3/3900 8880/3/3900
f 9153/3/3900 9152/3/3900 8894/3/3900 8895/3/3900
f 9152/3/3900 9151/3/3900 8893/3/3900 8894/3/3900
f 9151/3/3900 9150/3/3900 8892/3/3900 8893/3/3900
f 9150/3/3900 9149/3/3900 8891/3/3900 8892/3/3900
f 9149/3/3900 9148/3/3900 8890/3/3900 8891/3/3900
f 9148/3/3900 9147/3/3900 8889/3/3900 8890/3/3900
f 9147/3/3900 9146/3/3900 8888/3/3900 8889/3/3900
f 9146/3/3900 9145/3/3900 8887/3/3900 8888/3/3900
f 9145/3/3900 9144/3/3900 8865/3/3900 8887/3/3900
f 9144/3/3900 9143/3/3900 9122/3/3900 8865/3/3900
f 9143/3/3900 9142/3/3900 8866/3/3900 9122/3/3900
f 9142/3/3900 9141/3/3900 8867/3/3900 8866/3/3900
f 9141/3/3900 9140/3/3900 8879/3/3900 8867/3/3900
f 9140/3/3900 9139/3/3900 8868/3/3900 8879/3/3900
f 9139/3/3900 9138/3/3900 8876/3/3900 8868/3/3900
f 9138/3/3900 9137/3/3900 9123/3/3900 8876/3/3900
f 9137/3/3900 9136/3/3900 9124/3/3900 9123/3/3900
f 9136/3/3900 9135/3/3900 9118/3/3900 9124/3/3900
f 9135/3/3900 9134/3/3900 9117/3/3900 9118/3/3900
f 9134/3/3900 9133/3/3900 9116/3/3900 9117/3/3900
f 9133/3/3900 9132/3/3900 9121/3/3900 9116/3/3900
f 9132/3/3900 9131/3/3900 9125/3/3900 9121/3/3900
f 9131/3/3900 9130/3/3900 9120/3/3900 9125/3/3900
f 9130/3/3900 9129/3/3900 8878/3/3900 9120/3/3900
f 9129/3/3900 9128/3/3900 9119/3/3900 8878/3/3900
f 9128/3/3900 9427/3/3900 8864/3/3900 9119/3/3900
f 9427/3/3900 9426/3/3900 8875/3/3900 8864/3/3900
f 9426/3/3900 9425/3/3900 8874/3/3900 8875/3/3900
f 9425/3/3900 9424/3/3900 8873/3/3900 8874/3/3900
f 9424/3/3900 9423/3/3900 8872/3/3900 8873/3/3900
f 9423/3/3900 9422/3/3900 8871/3/3900 8872/3/3900
f 9422/3/3900 9421/3/3900 8870/3/3900 8871/3/3900
f 9421/3/3900 9420/3/3900 8869/3/3900 8870/3/3900
f 9420/3/3900 9419/3/3900 9112/3/3900 8869/3/3900
f 9419/3/3900 9418/3/3900 8861/3/3900 9112/3/3900
f 9418/3/3900 9417/3/3900 9114/3/3900 8861/3/3900
f 9417/3/3900 9416/3/3900 9115/3/3900 9114/3/3900
f 9416/3/3900 9415/3/3900 8852/3/3900 9115/3/3900
f 9415/3/3900 9414/3/3900 9113/3/3900 8852/3/3900
f 9414/3/3900 9413/3/3900 8853/3/3900 9113/3/3900
f 9413/3/3900 9412/3/3900 8862/3/3900 8853/3/3900
f 9412/3/3900 9411/3/3900 8863/3/3900 8862/3/3900
f 9411/3/3900 9410/3/3900 8849/3/3900 8863/3/3900
f 9410/3/3900 9409/3/3900 9109/3/3900 8849/3/3900
f 9409/3/3900 9408/3/3900 9108/3/3900 9109/3/3900
f 9408/3/3900 9407/3/3900 9111/3/3900 9108/3/3900
f 9407/3/3900 9406/3/3900 9110/3/3900 9111/3/3900
f 9406/3/3900 9405/3/3900 8851/3/3900 9110/3/3900
f 9405/3/3900 9404/3/3900 9107/3/3900 8851/3/3900
f 9404/3/3900 9403/3/3900 8850/3/3900 9107/3/3900
f 9403/3/3900 9402/3/3900 8860/3/3900 8850/3/3900
f 9402/3/3900 9401/3/3900 8859/3/3900 8860/3/3900
f 9401/3/3900 9400/3/3900 8858/3/3900 8859/3/3900
f 9400/3/3913 9399/3/3913 8529/3/3913 8858/3/3913
f 9399/3/3914 9398/3/3914 8857/3/3914 8529/3/3914
f 9398/3/3900 9397/3/3900 8856/3/3900 8857/3/3900
f 9397/3/3900 9396/3/3900 8855/3/3900 8856/3/3900
f 9396/3/3900 9395/3/3900 8854/3/3900 8855/3/3900
f 9395/3/3900 9394/3/3900 8847/3/3900 8854/3/3900
f 9394/3/3900 9393/3/3900 9094/3/3900 8847/3/3900
f 9393/3/3900 9392/3/3900 9095/3/3900 9094/3/3900
f 9392/3/3900 9391/3/3900 8848/3/3900 9095/3/3900
f 9391/3/3900 9390/3/3900 8846/3/3900 8848/3/3900
f 9390/3/3900 9389/3/3900 9092/3/3900 8846/3/3900
f 9389/3/3900 9388/3/3900 9093/3/3900 9092/3/3900
f 9388/3/3900 9387/3/3900 9096/3/3900 9093/3/3900
f 9387/3/3900 9386/3/3900 9104/3/3900 9096/3/3900
f 9386/3/3900 9385/3/3900 9103/3/3900 9104/3/3900
f 9385/3/3900 9384/3/3900 8845/3/3900 9103/3/3900
f 9384/3/3900 9383/3/3900 8844/3/3900 8845/3/3900
f 8537/3/3883 8536/3/3883 9129/3/3883 9130/3/3883
f 8744/3/3885 8743/3/3885 9336/3/3885 9337/3/3885
f 8538/3/3886 8537/3/3886 9130/3/3886 9131/3/3886
f 8745/3/3887 8744/3/3887 9337/3/3887 9338/3/3887
f 8539/3/3888 8538/3/3888 9131/3/3888 9132/3/3888
f 8746/3/3889 8745/3/3889 9338/3/3889 9339/3/3889
f 8540/3/3890 8539/3/3890 9132/3/3890 9133/3/3890
f 8747/3/3892 8746/3/3892 9339/3/3892 9340/3/3892
f 8541/3/3893 8540/3/3893 9133/3/3893 9134/3/3893
f 8748/3/3894 8747/3/3894 9340/3/3894 9341/3/3894
f 8542/3/3895 8541/3/3895 9134/3/3895 9135/3/3895
f 8749/3/3897 8748/3/3897 9341/3/3897 9342/3/3897
f 8543/3/3898 8542/3/3898 9135/3/3898 9136/3/3898
f 8750/3/3449 8749/3/3449 9342/3/3449 9343/3/3449
f 8544/3/3450 8543/3/3450 9136/3/3450 9137/3/3450
f 8751/3/3452 8750/3/3452 9343/3/3452 9344/3/3452
f 8545/3/3453 8544/3/3453 9137/3/3453 9138/3/3453
f 8752/3/3455 8751/3/3455 9344/3/3455 9345/3/3455
f 8546/3/3456 8545/3/3456 9138/3/3456 9139/3/3456
f 8753/3/3915 8752/3/3915 9345/3/3915 9346/3/3915
f 8547/3/3459 8546/3/3459 9139/3/3459 9140/3/3459
f 8754/3/3461 8753/3/3461 9346/3/3461 9347/3/3461
f 8548/3/3462 8547/3/3462 9140/3/3462 9141/3/3462
f 8755/3/3464 8754/3/3464 9347/3/3464 9348/3/3464
f 8549/3/3465 8548/3/3465 9141/3/3465 9142/3/3465
f 8756/3/3467 8755/3/3467 9348/3/3467 9349/3/3467
f 8550/3/3468 8549/3/3468 9142/3/3468 9143/3/3468
f 8757/3/3470 8756/3/3470 9349/3/3470 9350/3/3470
f 8551/3/3471 8550/3/3471 9143/3/3471 9144/3/3471
f 8758/3/3473 8757/3/3473 9350/3/3473 9351/3/3473
f 8552/3/3474 8551/3/3474 9144/3/3474 9145/3/3474
f 8759/3/3476 8758/3/3476 9351/3/3476 9352/3/3476
f 8553/3/3477 8552/3/3477 9145/3/3477 9146/3/3477
f 8760/3/3479 8759/3/3479 9352/3/3479 9353/3/3479
f 8554/3/3480 8553/3/3480 9146/3/3480 9147/3/3480
f 8761/3/3482 8760/3/3482 9353/3/3482 9354/3/3482
f 8555/3/3483 8554/3/3483 9147/3/3483 9148/3/3483
f 8762/3/3485 8761/3/3485 9354/3/3485 9355/3/3485
f 8556/3/3486 8555/3/3486 9148/3/3486 9149/3/3486
f 8763/3/3488 8762/3/3488 9355/3/3488 9356/3/3488
f 8557/3/3489 8556/3/3489 9149/3/3489 9150/3/3489
f 8764/3/3491 8763/3/3491 9356/3/3491 9357/3/3491
f 8558/3/3492 8557/3/3492 9150/3/3492 9151/3/3492
f 8765/3/3494 8764/3/3494 9357/3/3494 9358/3/3494
f 8559/3/3495 8558/3/3495 9151/3/3495 9152/3/3495
f 8766/3/3497 8765/3/3497 9358/3/3497 9359/3/3497
f 8560/3/3498 8559/3/3498 9152/3/3498 9153/3/3498
f 8767/3/3500 8766/3/3500 9359/3/3500 9360/3/3500
f 8561/3/3501 8560/3/3501 9153/3/3501 9154/3/3501
f 8768/3/3503 8767/3/3503 9360/3/3503 9361/3/3503
f 8562/3/3504 8561/3/3504 9154/3/3504 9155/3/3504
f 8769/3/3506 8768/3/3506 9361/3/3506 9362/3/3506
f 8563/3/3507 8562/3/3507 9155/3/3507 9156/3/3507
f 8770/3/3509 8769/3/3509 9362/3/3509 9363/3/3509
f 8564/3/3510 8563/3/3510 9156/3/3510 9157/3/3510
f 8771/3/3512 8770/3/3512 9363/3/3512 9364/3/3512
f 8565/3/3513 8564/3/3513 9157/3/3513 9158/3/3513
f 8772/3/3515 8771/3/3515 9364/3/3515 9365/3/3515
f 8566/3/3516 8565/3/3516 9158/3/3516 9159/3/3516
f 8773/3/3518 8772/3/3518 9365/3/3518 9366/3/3518
f 8567/3/3519 8566/3/3519 9159/3/3519 9160/3/3519
f 8774/3/3521 8773/3/3521 9366/3/3521 9367/3/3521
f 8568/3/3522 8567/3/3522 9160/3/3522 9161/3/3522
f 8775/3/3524 8774/3/3524 9367/3/3524 9368/3/3524
f 8569/3/3525 8568/3/3525 9161/3/3525 9162/3/3525
f 8776/3/3527 8775/3/3527 9368/3/3527 9369/3/3527
f 8570/3/3528 8569/3/3528 9162/3/3528 9163/3/3528
f 8777/3/3530 8776/3/3530 9369/3/3530 9370/3/3530
f 8571/3/3531 8570/3/3531 9163/3/3531 9164/3/3531
f 8778/3/3533 8777/3/3533 9370/3/3533 9371/3/3533
f 8572/3/3534 8571/3/3534 9164/3/3534 9165/3/3534
f 8779/3/3536 8778/3/3536 9371/3/3536 9372/3/3536
f 8573/3/3537 8572/3/3537 9165/3/3537 9166/3/3537
f 8780/3/3539 8779/3/3539 9372/3/3539 9373/3/3539
f 8574/3/3540 8573/3/3540 9166/3/3540 9167/3/3540
f 8781/3/3542 8780/3/3542 9373/3/3542 9374/3/3542
f 8575/3/3543 8574/3/3543 9167/3/3543 9168/3/3543
f 8782/3/3545 8781/3/3545 9374/3/3545 9375/3/3545
f 8576/3/3546 8575/3/3546 9168/3/3546 9169/3/3546
f 8783/3/3548 8782/3/3548 9375/3/3548 9376/3/3548
f 8577/3/3549 8576/3/3549 9169/3/3549 9170/3/3549
f 8784/3/3916 8783/3/3916 9376/3/3916 9377/3/3916
f 8578/3/3552 8577/3/3552 9170/3/3552 9171/3/3552
f 8785/3/3554 8784/3/3554 9377/3/3554 9378/3/3554
f 8579/3/3555 8578/3/3555 9171/3/3555 9172/3/3555
f 8786/3/3557 8785/3/3557 9378/3/3557 9379/3/3557
f 8580/3/3558 8579/3/3558 9172/3/3558 9173/3/3558
f 8787/3/3560 8786/3/3560 9379/3/3560 9380/3/3560
f 8581/3/3561 8580/3/3561 9173/3/3561 9174/3/3561
f 8788/3/3563 8787/3/3563 9380/3/3563 9381/3/3563
f 8582/3/3564 8581/3/3564 9174/3/3564 9175/3/3564
f 8789/3/3566 8788/3/3566 9381/3/3566 9382/3/3566
f 8583/3/3567 8582/3/3567 9175/3/3567 9176/3/3567
f 8790/3/3569 8789/3/3569 9382/3/3569 9383/3/3569
f 8584/3/3570 8583/3/3570 9176/3/3570 9177/3/3570
f 8791/3/3571 8790/3/3571 9383/3/3571 9384/3/3571
f 8585/3/3572 8584/3/3572 9177/3/3572 9178/3/3572
f 8792/3/3574 8791/3/3574 9384/3/3574 9385/3/3574
f 8586/3/3917 8585/3/3917 9178/3/3917 9179/3/3917
f 8793/3/3577 8792/3/3577 9385/3/3577 9386/3/3577
f 8587/3/3578 8586/3/3578 9179/3/3578 9180/3/3578
f 8794/3/3580 8793/3/3580 9386/3/3580 9387/3/3580
f 8588/3/3581 8587/3/3581 9180/3/3581 9181/3/3581
f 8795/3/3583 8794/3/3583 9387/3/3583 9388/3/3583
f 8589/3/3584 8588/3/3584 9181/3/3584 9182/3/3584
f 8796/3/3586 8795/3/3586 9388/3/3586 9389/3/3586
f 8590/3/3587 8589/3/3587 9182/3/3587 9183/3/3587
f 8797/3/3589 8796/3/3589 9389/3/3589 9390/3/3589
f 8591/3/3590 8590/3/3590 9183/3/3590 9184/3/3590
f 8798/3/3592 8797/3/3592 9390/3/3592 9391/3/3592
f 8592/3/3593 8591/3/3593 9184/3/3593 9185/3/3593
f 8799/3/3595 8798/3/3595 9391/3/3595 9392/3/3595
f 8593/3/3596 8592/3/3596 9185/3/3596 9186/3/3596
f 8800/3/3598 8799/3/3598 9392/3/3598 9393/3/3598
f 8594/3/3599 8593/3/3599 9186/3/3599 9187/3/3599
f 8801/3/3601 8800/3/3601 9393/3/3601 9394/3/3601
f 8595/3/3602 8594/3/3602 9187/3/3602 9188/3/3602
f 8802/3/3604 8801/3/3604 9394/3/3604 9395/3/3604
f 8596/3/3605 8595/3/3605 9188/3/3605 9189/3/3605
f 8803/3/3607 8802/3/3607 9395/3/3607 9396/3/3607
f 8597/3/3608 8596/3/3608 9189/3/3608 9190/3/3608
f 8804/3/3610 8803/3/3610 9396/3/3610 9397/3/3610
f 8598/3/3611 8597/3/3611 9190/3/3611 9191/3/3611
f 8805/3/3613 8804/3/3613 9397/3/3613 9398/3/3613
f 8599/3/3614 8598/3/3614 9191/3/3614 9192/3/3614
f 8806/3/3616 8805/3/3616 9398/3/3616 9399/3/3616
f 8600/3/3617 8599/3/3617 9192/3/3617 9193/3/3617
f 8807/3/3619 8806/3/3619 9399/3/3619 9400/3/3619
f 8601/3/3620 8600/3/3620 9193/3/3620 9194/3/3620
f 8808/3/3622 8807/3/3622 9400/3/3622 9401/3/3622
f 8602/3/3623 8601/3/3623 9194/3/3623 9195/3/3623
f 8809/3/3625 8808/3/3625 9401/3/3625 9402/3/3625
f 8603/3/3918 8602/3/3918 9195/3/3918 9196/3/3918
f 8810/3/3628 8809/3/3628 9402/3/3628 9403/3/3628
f 8604/3/3629 8603/3/3629 9196/3/3629 9197/3/3629
f 8811/3/3630 8810/3/3630 9403/3/3630 9404/3/3630
f 8605/3/3631 8604/3/3631 9197/3/3631 9198/3/3631
f 8812/3/3633 8811/3/3633 9404/3/3633 9405/3/3633
f 8606/3/3634 8605/3/3634 9198/3/3634 9199/3/3634
f 8813/3/3635 8812/3/3635 9405/3/3635 9406/3/3635
f 8607/3/3636 8606/3/3636 9199/3/3636 9200/3/3636
f 8814/3/3638 8813/3/3638 9406/3/3638 9407/3/3638
f 8608/3/3639 8607/3/3639 9200/3/3639 9201/3/3639
f 8815/3/3641 8814/3/3641 9407/3/3641 9408/3/3641
f 8609/3/3642 8608/3/3642 9201/3/3642 9202/3/3642
f 8816/3/3644 8815/3/3644 9408/3/3644 9409/3/3644
f 8610/3/3645 8609/3/3645 9202/3/3645 9203/3/3645
f 8817/3/3647 8816/3/3647 9409/3/3647 9410/3/3647
f 8611/3/3648 8610/3/3648 9203/3/3648 9204/3/3648
f 8818/3/3650 8817/3/3650 9410/3/3650 9411/3/3650
f 8612/3/3651 8611/3/3651 9204/3/3651 9205/3/3651
f 8819/3/3653 8818/3/3653 9411/3/3653 9412/3/3653
f 8613/3/3654 8612/3/3654 9205/3/3654 9206/3/3654
f 8820/3/3656 8819/3/3656 9412/3/3656 9413/3/3656
f 8614/3/3657 8613/3/3657 9206/3/3657 9207/3/3657
f 8821/3/3659 8820/3/3659 9413/3/3659 9414/3/3659
f 8615/3/3660 8614/3/3660 9207/3/3660 9208/3/3660
f 8822/3/3662 8821/3/3662 9414/3/3662 9415/3/3662
f 8616/3/3663 8615/3/3663 9208/3/3663 9209/3/3663
f 8823/3/3665 8822/3/3665 9415/3/3665 9416/3/3665
f 8617/3/3666 8616/3/3666 9209/3/3666 9210/3/3666
f 8824/3/3668 8823/3/3668 9416/3/3668 9417/3/3668
f 8618/3/3669 8617/3/3669 9210/3/3669 9211/3/3669
f 8825/3/3671 8824/3/3671 9417/3/3671 9418/3/3671
f 8619/3/3672 8618/3/3672 9211/3/3672 9212/3/3672
f 8826/3/3674 8825/3/3674 9418/3/3674 9419/3/3674
f 8620/3/3675 8619/3/3675 9212/3/3675 9213/3/3675
f 8827/3/3677 8826/3/3677 9419/3/3677 9420/3/3677
f 8621/3/3678 8620/3/3678 9213/3/3678 9214/3/3678
f 8828/3/3680 8827/3/3680 9420/3/3680 9421/3/3680
f 8622/3/3681 8621/3/3681 9214/3/3681 9215/3/3681
f 8829/3/3683 8828/3/3683 9421/3/3683 9422/3/3683
f 8623/3/3684 8622/3/3684 9215/3/3684 9216/3/3684
f 8830/3/3686 8829/3/3686 9422/3/3686 9423/3/3686
f 8624/3/3687 8623/3/3687 9216/3/3687 9217/3/3687
f 8831/3/3689 8830/3/3689 9423/3/3689 9424/3/3689
f 8625/3/3690 8624/3/3690 9217/3/3690 9218/3/3690
f 8832/3/3692 8831/3/3692 9424/3/3692 9425/3/3692
f 8626/3/3693 8625/3/3693 9218/3/3693 9219/3/3693
f 8833/3/3695 8832/3/3695 9425/3/3695 9426/3/3695
f 8627/3/3696 8626/3/3696 9219/3/3696 9220/3/3696
f 8834/3/3698 8833/3/3698 9426/3/3698 9427/3/3698
f 8628/3/3699 8627/3/3699 9220/3/3699 9221/3/3699
f 8535/3/3701 8834/3/3701 9427/3/3701 9128/3/3701
f 8629/3/3702 8628/3/3702 9221/3/3702 9222/3/3702
f 8630/3/3704 8629/3/3704 9222/3/3704 9223/3/3704
f 8631/3/3705 8630/3/3705 9223/3/3705 9224/3/3705
f 8632/3/3706 8631/3/3706 9224/3/3706 9225/3/3706
f 8633/3/3707 8632/3/3707 9225/3/3707 9226/3/3707
f 8634/3/3919 8633/3/3919 9226/3/3919 9227/3/3919
f 8635/3/3710 8634/3/3710 9227/3/3710 9228/3/3710
f 8636/3/3712 8635/3/3712 9228/3/3712 9229/3/3712
f 8637/3/3714 8636/3/3714 9229/3/3714 9230/3/3714
f 8638/3/3716 8637/3/3716 9230/3/3716 9231/3/3716
f 8639/3/3718 8638/3/3718 9231/3/3718 9232/3/3718
f 8640/3/3720 8639/3/3720 9232/3/3720 9233/3/3720
f 7989/3/3899 7990/3/3899 9436/3/3899 9458/3/3899
f 7970/3/3896 7959/3/3896 9697/3/3896 9727/3/3896
f 7969/3/3825 7970/3/3825 9727/3/3825 9726/3/3825
f 7968/3/3891 7969/3/3891 9726/3/3891 9725/3/3891
f 7967/3/3860 7968/3/3860 9725/3/3860 9724/3/3860
f 7966/3/3576 7967/3/3576 9724/3/3576 9723/3/3576
f 7965/3/3884 7966/3/3884 9723/3/3884 9722/3/3884
f 7964/3/3640 7965/3/3640 9722/3/3640 9721/3/3640
f 8212/3/3553 7964/3/3553 9721/3/3553 9668/3/3553
f 8161/3/3832 8162/3/3832 9583/3/3832 9434/3/3832
f 8218/3/3882 8224/3/3882 9720/3/3882 9580/3/3882
f 8160/3/3830 8161/3/3830 9434/3/3830 9719/3/3830
f 8224/3/3881 8223/3/3881 9718/3/3881 9720/3/3881
f 8159/3/3784 8160/3/3784 9719/3/3784 9717/3/3784
f 8223/3/3880 7971/3/3880 9716/3/3880 9718/3/3880
f 8158/3/3827 8159/3/3827 9717/3/3827 9715/3/3827
f 7971/3/3879 7963/3/3879 9714/3/3879 9716/3/3879
f 8157/3/3826 8158/3/3826 9715/3/3826 9713/3/3826
f 7963/3/3878 7974/3/3878 9712/3/3878 9714/3/3878
f 8156/3/3825 8157/3/3825 9713/3/3825 9711/3/3825
f 7974/3/3876 7962/3/3876 9710/3/3876 9712/3/3876
f 8155/3/3823 8156/3/3823 9711/3/3823 9709/3/3823
f 7962/3/3875 7961/3/3875 9708/3/3875 9710/3/3875
f 8182/3/3499 8155/3/3499 9709/3/3499 9680/3/3499
f 7961/3/3874 8222/3/3874 9707/3/3874 9708/3/3874
f 8148/3/3873 8149/3/3873 9665/3/3873 9706/3/3873
f 8222/3/3872 7960/3/3872 9451/3/3872 9707/3/3872
f 8147/3/3743 8148/3/3743 9706/3/3743 9433/3/3743
f 8221/3/3871 8216/3/3871 9578/3/3871 9705/3/3871
f 8146/3/3741 8147/3/3741 9433/3/3741 9704/3/3741
f 8225/3/3870 8221/3/3870 9705/3/3870 9703/3/3870
f 8099/3/3739 8146/3/3739 9704/3/3739 9702/3/3739
f 8220/3/3869 8225/3/3869 9703/3/3869 9701/3/3869
f 8098/3/3737 8099/3/3737 9702/3/3737 9700/3/3737
f 7973/3/3868 8220/3/3868 9701/3/3868 9699/3/3868
f 8097/3/3865 8098/3/3865 9700/3/3865 9698/3/3865
f 8219/3/3867 7973/3/3867 9699/3/3867 9696/3/3867
f 8096/3/3864 8097/3/3864 9698/3/3864 9695/3/3864
f 7959/3/3866 8219/3/3866 9696/3/3866 9697/3/3866
f 8095/3/3863 8096/3/3863 9695/3/3863 9694/3/3863
f 7954/3/3865 7955/3/3865 9658/3/3865 9693/3/3865
f 8143/3/3819 8095/3/3819 9694/3/3819 9636/3/3819
f 7953/3/3864 7954/3/3864 9693/3/3864 9692/3/3864
f 8090/3/3828 8145/3/3828 9691/3/3828 9678/3/3828
f 7952/3/3863 7953/3/3863 9692/3/3863 9432/3/3863
f 8145/3/3862 8151/3/3862 9690/3/3862 9691/3/3862
f 7951/3/3819 7952/3/3819 9432/3/3819 9689/3/3819
f 8151/3/3861 8093/3/3861 9688/3/3861 9690/3/3861
f 7950/3/3860 7951/3/3860 9689/3/3860 9687/3/3860
f 8093/3/3859 8094/3/3859 9686/3/3859 9688/3/3859
f 7949/3/3858 7950/3/3858 9687/3/3858 9685/3/3858
f 8094/3/3857 8144/3/3857 9431/3/3857 9686/3/3857
f 7948/3/3643 7949/3/3643 9685/3/3643 9684/3/3643
f 8144/3/3856 8092/3/3856 9683/3/3856 9431/3/3856
f 7941/3/3640 7948/3/3640 9684/3/3640 9631/3/3640
f 8092/3/3855 8183/3/3855 9682/3/3855 9683/3/3855
f 7943/3/3854 7958/3/3854 9553/3/3854 9666/3/3854
f 8183/3/3853 8091/3/3853 9681/3/3853 9682/3/3853
f 7957/3/3852 7947/3/3852 9679/3/3852 9552/3/3852
f 8091/3/3851 8182/3/3851 9680/3/3851 9681/3/3851
f 7947/3/3850 8213/3/3850 9677/3/3850 9679/3/3850
f 8150/3/3849 8090/3/3849 9678/3/3849 9676/3/3849
f 8213/3/3848 7946/3/3848 9675/3/3848 9677/3/3848
f 8181/3/3847 8150/3/3847 9676/3/3847 9674/3/3847
f 7946/3/3846 8215/3/3846 9673/3/3846 9675/3/3846
f 8178/3/3845 8181/3/3845 9674/3/3845 9672/3/3845
f 8215/3/3844 8214/3/3844 9671/3/3844 9673/3/3844
f 8180/3/3843 8178/3/3843 9672/3/3843 9670/3/3843
f 8214/3/3842 7956/3/3842 9669/3/3842 9671/3/3842
f 8089/3/3841 8180/3/3841 9670/3/3841 9667/3/3841
f 7956/3/3840 8212/3/3840 9668/3/3840 9669/3/3840
f 8179/3/3839 8089/3/3839 9667/3/3839 9664/3/3839
f 8209/3/3838 7943/3/3838 9666/3/3838 9574/3/3838
f 8149/3/3837 8179/3/3837 9664/3/3837 9665/3/3837
f 8211/3/3836 8208/3/3836 9575/3/3836 9571/3/3836
f 8140/3/3556 8141/3/3556 9621/3/3556 9663/3/3556
f 7945/3/3835 8210/3/3835 9572/3/3835 9662/3/3835
f 8139/3/3703 8140/3/3703 9663/3/3703 9661/3/3703
f 8207/3/3834 7945/3/3834 9662/3/3834 9660/3/3834
f 8088/3/3700 8139/3/3700 9661/3/3700 9659/3/3700
f 7944/3/3833 8207/3/3833 9660/3/3833 9657/3/3833
f 8138/3/3832 8088/3/3832 9659/3/3832 9656/3/3832
f 7955/3/3831 7944/3/3831 9657/3/3831 9658/3/3831
f 8087/3/3830 8138/3/3830 9656/3/3830 9655/3/3830
f 8199/3/3829 7936/3/3829 9604/3/3829 9654/3/3829
f 8137/3/3784 8087/3/3784 9655/3/3784 9653/3/3784
f 8198/3/3828 8199/3/3828 9654/3/3828 9652/3/3828
f 8136/3/3827 8137/3/3827 9653/3/3827 9651/3/3827
f 7935/3/3826 8198/3/3826 9652/3/3826 9650/3/3826
f 8135/3/3826 8136/3/3826 9651/3/3826 9649/3/3826
f 7934/3/3825 7935/3/3825 9650/3/3825 9648/3/3825
f 8124/3/3824 8135/3/3824 9649/3/3824 9588/3/3824
f 7933/3/3823 7934/3/3823 9648/3/3823 9430/3/3823
f 8168/3/3822 8173/3/3822 9647/3/3822 9634/3/3822
f 7932/3/3499 7933/3/3499 9430/3/3499 9646/3/3499
f 8173/3/3821 8172/3/3821 9645/3/3821 9647/3/3821
f 8197/3/3646 7932/3/3646 9646/3/3646 9600/3/3646
f 8172/3/3820 8171/3/3820 9644/3/3820 9645/3/3820
f 8203/3/3819 8204/3/3819 9643/3/3819 9629/3/3819
f 8171/3/3818 8170/3/3818 9642/3/3818 9644/3/3818
f 8204/3/3817 8196/3/3817 9641/3/3817 9643/3/3817
f 8170/3/3816 8175/3/3816 9565/3/3816 9642/3/3816
f 8196/3/3815 8193/3/3815 9640/3/3815 9641/3/3815
f 8174/3/3814 8169/3/3814 9639/3/3814 9564/3/3814
f 8193/3/3813 8192/3/3813 9638/3/3813 9640/3/3813
f 8169/3/3812 8177/3/3812 9637/3/3812 9639/3/3812
f 8192/3/3811 7940/3/3811 9635/3/3811 9638/3/3811
f 8177/3/3810 8143/3/3810 9636/3/3810 9637/3/3810
f 7940/3/3809 7942/3/3809 9633/3/3809 9635/3/3809
f 8165/3/3808 8168/3/3808 9634/3/3808 9632/3/3808
f 7942/3/3807 8195/3/3807 9569/3/3807 9633/3/3807
f 8167/3/3806 8165/3/3806 9632/3/3806 9630/3/3806
f 8194/3/3805 7941/3/3805 9631/3/3805 9568/3/3805
f 8176/3/3804 8167/3/3804 9630/3/3804 9628/3/3804
f 7939/3/3803 8203/3/3803 9629/3/3803 9549/3/3803
f 8164/3/3802 8176/3/3802 9628/3/3802 9627/3/3802
f 8206/3/3801 7938/3/3801 9550/3/3801 9626/3/3801
f 8166/3/3800 8164/3/3800 9627/3/3800 9625/3/3800
f 8190/3/3799 8206/3/3799 9626/3/3799 9624/3/3799
f 8163/3/3798 8166/3/3798 9625/3/3798 9623/3/3798
f 7937/3/3797 8190/3/3797 9624/3/3797 9622/3/3797
f 8142/3/3796 8163/3/3796 9623/3/3796 9620/3/3796
f 8205/3/3795 7937/3/3795 9622/3/3795 9619/3/3795
f 8141/3/3794 8142/3/3794 9620/3/3794 9621/3/3794
f 8191/3/3793 8205/3/3793 9619/3/3793 9603/3/3793
f 8129/3/3792 8079/3/3792 9567/3/3792 9618/3/3792
f 7931/3/3791 8185/3/3791 9617/3/3791 9598/3/3791
f 8128/3/3559 8129/3/3559 9618/3/3559 9616/3/3559
f 8185/3/3790 8202/3/3790 9615/3/3790 9617/3/3790
f 8086/3/3745 8128/3/3745 9616/3/3745 9614/3/3745
f 8202/3/3789 8154/3/3789 9613/3/3789 9615/3/3789
f 8127/3/3743 8086/3/3743 9614/3/3743 9612/3/3743
f 8154/3/3788 8201/3/3788 9611/3/3788 9613/3/3788
f 8085/3/3741 8127/3/3741 9612/3/3741 9610/3/3741
f 8201/3/3787 8153/3/3787 9609/3/3787 9611/3/3787
f 8084/3/3786 8085/3/3786 9610/3/3786 9608/3/3786
f 8153/3/3785 8152/3/3785 9607/3/3785 9609/3/3785
f 8083/3/3784 8084/3/3784 9608/3/3784 9606/3/3784
f 8152/3/3783 8189/3/3783 9605/3/3783 9607/3/3783
f 8113/3/3782 8083/3/3782 9606/3/3782 9542/3/3782
f 8189/3/3781 8188/3/3781 9601/3/3781 9605/3/3781
f 8133/3/3780 8123/3/3780 9602/3/3780 9586/3/3780
f 7936/3/3779 8191/3/3779 9603/3/3779 9604/3/3779
f 8123/3/3778 8082/3/3778 9599/3/3778 9602/3/3778
f 8188/3/3777 8197/3/3777 9600/3/3777 9601/3/3777
f 8082/3/3776 8126/3/3776 9597/3/3776 9599/3/3776
f 8187/3/3775 7931/3/3775 9598/3/3775 9596/3/3775
f 8126/3/3774 8081/3/3774 9595/3/3774 9597/3/3774
f 7930/3/3773 8187/3/3773 9596/3/3773 9594/3/3773
f 8081/3/3772 8134/3/3772 9593/3/3772 9595/3/3772
f 8200/3/3771 7930/3/3771 9594/3/3771 9592/3/3771
f 8134/3/3770 8125/3/3770 9591/3/3770 9593/3/3770
f 8184/3/3769 8200/3/3769 9592/3/3769 9590/3/3769
f 8125/3/3768 8122/3/3768 9589/3/3768 9591/3/3768
f 8186/3/3767 8184/3/3767 9590/3/3767 9587/3/3767
f 8122/3/3766 8124/3/3766 9588/3/3766 9589/3/3766
f 7929/3/3765 8186/3/3765 9587/3/3765 9585/3/3765
f 8121/3/3764 8133/3/3764 9586/3/3764 9584/3/3764
f 7928/3/3763 7929/3/3763 9585/3/3763 9582/3/3763
f 8119/3/3762 8121/3/3762 9584/3/3762 9581/3/3762
f 8162/3/3761 7928/3/3761 9582/3/3761 9583/3/3761
f 8120/3/3760 8119/3/3760 9581/3/3760 9579/3/3760
f 8217/3/3759 8218/3/3759 9580/3/3759 9577/3/3759
f 8131/3/3758 8120/3/3758 9579/3/3758 9576/3/3758
f 8216/3/3757 8217/3/3757 9577/3/3757 9578/3/3757
f 8080/3/3756 8131/3/3756 9576/3/3756 9573/3/3756
f 8208/3/3755 8209/3/3755 9574/3/3755 9575/3/3755
f 8132/3/3754 8080/3/3754 9573/3/3754 9570/3/3754
f 8210/3/3753 8211/3/3753 9571/3/3753 9572/3/3753
f 8130/3/3752 8132/3/3752 9570/3/3752 9566/3/3752
f 8195/3/3751 8194/3/3751 9568/3/3751 9569/3/3751
f 8079/3/3750 8130/3/3750 9566/3/3750 9567/3/3750
f 8175/3/3749 8174/3/3749 9564/3/3749 9565/3/3749
f 8065/3/3553 8068/3/3553 9534/3/3553 9563/3/3553
f 8104/3/3748 8103/3/3748 9499/3/3748 9500/3/3748
f 8077/3/3562 8065/3/3562 9563/3/3562 9562/3/3562
f 8033/3/3747 8032/3/3747 9561/3/3747 9446/3/3747
f 8076/3/3559 8077/3/3559 9562/3/3559 9560/3/3559
f 8032/3/3746 8031/3/3746 9445/3/3746 9561/3/3746
f 8075/3/3745 8076/3/3745 9560/3/3745 9559/3/3745
f 8022/3/3744 8023/3/3744 9516/3/3744 9514/3/3744
f 8074/3/3743 8075/3/3743 9559/3/3743 9558/3/3743
f 8008/3/3742 8009/3/3742 9487/3/3742 9485/3/3742
f 8073/3/3741 8074/3/3741 9558/3/3741 9557/3/3741
f 8004/3/3740 8005/3/3740 9467/3/3740 9465/3/3740
f 8072/3/3739 8073/3/3739 9557/3/3739 9556/3/3739
f 7991/3/3738 7992/3/3738 9439/3/3738 9437/3/3738
f 8053/3/3737 8072/3/3737 9556/3/3737 9517/3/3737
f 7977/3/3736 7978/3/3736 9441/3/3736 9555/3/3736
f 8078/3/3735 8071/3/3735 9554/3/3735 9541/3/3735
f 7976/3/3734 7977/3/3734 9555/3/3734 9438/3/3734
f 8071/3/3733 8118/3/3733 9551/3/3733 9554/3/3733
f 7958/3/3732 7957/3/3732 9552/3/3732 9553/3/3732
f 8118/3/3731 8115/3/3731 9548/3/3731 9551/3/3731
f 7938/3/3730 7939/3/3730 9549/3/3730 9550/3/3730
f 8115/3/3729 8117/3/3729 9547/3/3729 9548/3/3729
f 8117/3/3728 8116/3/3728 9546/3/3728 9547/3/3728
f 8116/3/3727 8114/3/3727 9545/3/3727 9546/3/3727
f 8114/3/3726 8064/3/3726 9544/3/3726 9545/3/3726
f 8064/3/3725 8070/3/3725 9543/3/3725 9544/3/3725
f 8070/3/3724 8113/3/3724 9542/3/3724 9543/3/3724
f 8063/3/3723 8078/3/3723 9541/3/3723 9540/3/3723
f 8062/3/3722 8063/3/3722 9540/3/3722 9539/3/3722
f 8069/3/3721 8062/3/3721 9539/3/3721 9538/3/3721
f 8067/3/3719 8069/3/3719 9538/3/3719 9537/3/3719
f 8111/3/3717 8067/3/3717 9537/3/3717 9536/3/3717
f 8112/3/3715 8111/3/3715 9536/3/3715 9535/3/3715
f 8066/3/3713 8112/3/3713 9535/3/3713 9533/3/3713
f 8068/3/3711 8066/3/3711 9533/3/3711 9534/3/3711
f 8029/3/3709 8109/3/3709 9509/3/3709 9532/3/3709
f 8059/3/3637 8029/3/3637 9532/3/3637 9531/3/3637
f 8028/3/3487 8059/3/3487 9531/3/3487 9530/3/3487
f 8027/3/3632 8028/3/3632 9530/3/3632 9529/3/3632
f 8058/3/3556 8027/3/3556 9529/3/3556 9528/3/3556
f 8057/3/3703 8058/3/3703 9528/3/3703 9527/3/3703
f 8056/3/3700 8057/3/3700 9527/3/3700 9526/3/3700
f 8018/3/3697 8056/3/3697 9526/3/3697 9492/3/3697
f 8061/3/3694 8055/3/3694 9525/3/3694 9515/3/3694
f 8055/3/3691 8026/3/3691 9524/3/3691 9525/3/3691
f 8026/3/3688 8110/3/3688 9523/3/3688 9524/3/3688
f 8110/3/3685 8106/3/3685 9522/3/3685 9523/3/3685
f 8106/3/3682 8105/3/3682 9521/3/3682 9522/3/3682
f 8105/3/3679 8108/3/3679 9520/3/3679 9521/3/3679
f 8108/3/3676 8054/3/3676 9519/3/3676 9520/3/3676
f 8054/3/3673 8107/3/3673 9518/3/3673 9519/3/3673
f 8107/3/3670 8053/3/3670 9517/3/3670 9518/3/3670
f 8023/3/3667 8061/3/3667 9515/3/3667 9516/3/3667
f 8060/3/3664 8022/3/3664 9514/3/3664 9513/3/3664
f 8025/3/3661 8060/3/3661 9513/3/3661 9512/3/3661
f 8052/3/3658 8025/3/3658 9512/3/3658 9511/3/3658
f 8024/3/3655 8052/3/3655 9511/3/3655 9510/3/3655
f 8021/3/3652 8024/3/3652 9510/3/3652 9508/3/3652
f 8109/3/3649 8021/3/3649 9508/3/3649 9509/3/3649
f 8047/3/3646 8048/3/3646 9429/3/3646 9507/3/3646
f 8046/3/3643 8047/3/3643 9507/3/3643 9506/3/3643
f 8045/3/3640 8046/3/3640 9506/3/3640 9505/3/3640
f 8016/3/3637 8045/3/3637 9505/3/3637 9504/3/3637
f 8015/3/3487 8016/3/3487 9504/3/3487 9503/3/3487
f 8014/3/3632 8015/3/3632 9503/3/3632 9502/3/3632
f 8013/3/3556 8014/3/3556 9502/3/3556 9501/3/3556
f 8006/3/3627 8013/3/3627 9501/3/3627 9468/3/3627
f 8043/3/3624 8104/3/3624 9500/3/3624 9491/3/3624
f 8103/3/3621 8011/3/3621 9498/3/3621 9499/3/3621
f 8011/3/3618 8012/3/3618 9497/3/3618 9498/3/3618
f 8012/3/3615 8050/3/3615 9496/3/3615 9497/3/3615
f 8050/3/3612 8051/3/3612 9495/3/3612 9496/3/3612
f 8051/3/3609 8020/3/3609 9494/3/3609 9495/3/3609
f 8020/3/3606 8019/3/3606 9493/3/3606 9494/3/3606
f 8019/3/3603 8018/3/3603 9492/3/3603 9493/3/3603
f 8049/3/3600 8043/3/3600 9491/3/3600 9490/3/3600
f 8010/3/3597 8049/3/3597 9490/3/3597 9489/3/3597
f 8102/3/3594 8010/3/3594 9489/3/3594 9488/3/3594
f 8017/3/3591 8102/3/3591 9488/3/3591 9486/3/3591
f 8009/3/3588 8017/3/3588 9486/3/3588 9487/3/3588
f 8044/3/3585 8008/3/3585 9485/3/3585 9484/3/3585
f 8048/3/3582 8044/3/3582 9484/3/3582 9429/3/3582
f 8001/3/3579 7993/3/3579 9460/3/3579 9483/3/3579
f 8000/3/3576 8001/3/3576 9483/3/3576 9482/3/3576
f 7999/3/3573 8000/3/3573 9482/3/3573 9481/3/3573
f 7998/3/3493 7999/3/3493 9481/3/3493 9480/3/3493
f 7997/3/3568 7998/3/3568 9480/3/3568 9479/3/3568
f 7996/3/3565 7997/3/3565 9479/3/3565 9478/3/3565
f 7995/3/3562 7996/3/3562 9478/3/3562 9477/3/3562
f 7994/3/3559 7995/3/3559 9477/3/3559 9476/3/3559
f 7979/3/3556 7994/3/3556 9476/3/3556 9442/3/3556
f 8002/3/3553 8042/3/3553 9475/3/3553 9466/3/3553
f 8042/3/3550 8040/3/3550 9474/3/3550 9475/3/3550
f 8040/3/3547 8039/3/3547 9473/3/3547 9474/3/3547
f 8039/3/3544 8038/3/3544 9472/3/3544 9473/3/3544
f 8038/3/3541 8101/3/3541 9471/3/3541 9472/3/3541
f 8101/3/3538 8037/3/3538 9470/3/3538 9471/3/3538
f 8037/3/3535 8041/3/3535 9469/3/3535 9470/3/3535
f 8041/3/3532 8007/3/3532 9428/3/3532 9469/3/3532
f 8007/3/3529 8006/3/3529 9468/3/3529 9428/3/3529
f 8005/3/3526 8002/3/3526 9466/3/3526 9467/3/3526
f 8036/3/3523 8004/3/3523 9465/3/3523 9464/3/3523
f 8100/3/3520 8036/3/3520 9464/3/3520 9463/3/3520
f 8003/3/3517 8100/3/3517 9463/3/3517 9462/3/3517
f 8034/3/3514 8003/3/3514 9462/3/3514 9461/3/3514
f 8035/3/3511 8034/3/3511 9461/3/3511 9459/3/3511
f 7993/3/3508 8035/3/3508 9459/3/3508 9460/3/3508
f 7988/3/3505 7989/3/3505 9458/3/3505 9457/3/3505
f 7987/3/3502 7988/3/3502 9457/3/3502 9456/3/3502
f 7986/3/3499 7987/3/3499 9456/3/3499 9455/3/3499
f 7985/3/3496 7986/3/3496 9455/3/3496 9454/3/3496
f 7984/3/3493 7985/3/3493 9454/3/3493 9453/3/3493
f 7983/3/3490 7984/3/3490 9453/3/3490 9452/3/3490
f 7982/3/3487 7983/3/3487 9452/3/3487 9450/3/3487
f 7960/3/3484 7982/3/3484 9450/3/3484 9451/3/3484
f 8030/3/3481 7981/3/3481 9449/3/3481 9440/3/3481
f 7981/3/3478 8227/3/3478 9448/3/3478 9449/3/3478
f 8227/3/3475 8226/3/3475 9447/3/3475 9448/3/3475
f 8226/3/3472 8033/3/3472 9446/3/3472 9447/3/3472
f 8031/3/3469 7980/3/3469 9444/3/3469 9445/3/3469
f 7980/3/3466 7972/3/3466 9443/3/3466 9444/3/3466
f 7972/3/3463 7979/3/3463 9442/3/3463 9443/3/3463
f 7978/3/3460 8030/3/3460 9440/3/3460 9441/3/3460
f 7992/3/3457 7976/3/3457 9438/3/3457 9439/3/3457
f 7975/3/3454 7991/3/3454 9437/3/3454 9435/3/3454
f 7990/3/3451 7975/3/3451 9435/3/3451 9436/3/3451
